-- MySQL dump 10.11
--
-- Host: localhost    Database: levicci
-- ------------------------------------------------------
-- Server version	5.0.67-0ubuntu6

/*!40101 SET @OLD_CHARACTER_SET_CLIENT=@@CHARACTER_SET_CLIENT */;
/*!40101 SET @OLD_CHARACTER_SET_RESULTS=@@CHARACTER_SET_RESULTS */;
/*!40101 SET @OLD_COLLATION_CONNECTION=@@COLLATION_CONNECTION */;
/*!40101 SET NAMES utf8 */;
/*!40103 SET @OLD_TIME_ZONE=@@TIME_ZONE */;
/*!40103 SET TIME_ZONE='+00:00' */;
/*!40014 SET @OLD_UNIQUE_CHECKS=@@UNIQUE_CHECKS, UNIQUE_CHECKS=0 */;
/*!40014 SET @OLD_FOREIGN_KEY_CHECKS=@@FOREIGN_KEY_CHECKS, FOREIGN_KEY_CHECKS=0 */;
/*!40101 SET @OLD_SQL_MODE=@@SQL_MODE, SQL_MODE='NO_AUTO_VALUE_ON_ZERO' */;
/*!40111 SET @OLD_SQL_NOTES=@@SQL_NOTES, SQL_NOTES=0 */;

--
-- Table structure for table `auth_group`
--

DROP TABLE IF EXISTS `auth_group`;
SET @saved_cs_client     = @@character_set_client;
SET character_set_client = utf8;
CREATE TABLE `auth_group` (
  `id` int(11) NOT NULL auto_increment,
  `name` varchar(80) NOT NULL,
  PRIMARY KEY  (`id`),
  UNIQUE KEY `name` (`name`)
) ENGINE=MyISAM DEFAULT CHARSET=utf8;
SET character_set_client = @saved_cs_client;

--
-- Dumping data for table `auth_group`
--

LOCK TABLES `auth_group` WRITE;
/*!40000 ALTER TABLE `auth_group` DISABLE KEYS */;
/*!40000 ALTER TABLE `auth_group` ENABLE KEYS */;
UNLOCK TABLES;

--
-- Table structure for table `auth_group_permissions`
--

DROP TABLE IF EXISTS `auth_group_permissions`;
SET @saved_cs_client     = @@character_set_client;
SET character_set_client = utf8;
CREATE TABLE `auth_group_permissions` (
  `id` int(11) NOT NULL auto_increment,
  `group_id` int(11) NOT NULL,
  `permission_id` int(11) NOT NULL,
  PRIMARY KEY  (`id`),
  UNIQUE KEY `group_id` (`group_id`,`permission_id`),
  KEY `permission_id_refs_id_5886d21f` (`permission_id`)
) ENGINE=MyISAM DEFAULT CHARSET=utf8;
SET character_set_client = @saved_cs_client;

--
-- Dumping data for table `auth_group_permissions`
--

LOCK TABLES `auth_group_permissions` WRITE;
/*!40000 ALTER TABLE `auth_group_permissions` DISABLE KEYS */;
/*!40000 ALTER TABLE `auth_group_permissions` ENABLE KEYS */;
UNLOCK TABLES;

--
-- Table structure for table `auth_message`
--

DROP TABLE IF EXISTS `auth_message`;
SET @saved_cs_client     = @@character_set_client;
SET character_set_client = utf8;
CREATE TABLE `auth_message` (
  `id` int(11) NOT NULL auto_increment,
  `user_id` int(11) NOT NULL,
  `message` longtext NOT NULL,
  PRIMARY KEY  (`id`),
  KEY `auth_message_user_id` (`user_id`)
) ENGINE=MyISAM DEFAULT CHARSET=utf8;
SET character_set_client = @saved_cs_client;

--
-- Dumping data for table `auth_message`
--

LOCK TABLES `auth_message` WRITE;
/*!40000 ALTER TABLE `auth_message` DISABLE KEYS */;
/*!40000 ALTER TABLE `auth_message` ENABLE KEYS */;
UNLOCK TABLES;

--
-- Table structure for table `auth_permission`
--

DROP TABLE IF EXISTS `auth_permission`;
SET @saved_cs_client     = @@character_set_client;
SET character_set_client = utf8;
CREATE TABLE `auth_permission` (
  `id` int(11) NOT NULL auto_increment,
  `name` varchar(50) NOT NULL,
  `content_type_id` int(11) NOT NULL,
  `codename` varchar(100) NOT NULL,
  PRIMARY KEY  (`id`),
  UNIQUE KEY `content_type_id` (`content_type_id`,`codename`),
  KEY `auth_permission_content_type_id` (`content_type_id`)
) ENGINE=MyISAM AUTO_INCREMENT=212 DEFAULT CHARSET=utf8;
SET character_set_client = @saved_cs_client;

--
-- Dumping data for table `auth_permission`
--

LOCK TABLES `auth_permission` WRITE;
/*!40000 ALTER TABLE `auth_permission` DISABLE KEYS */;
INSERT INTO `auth_permission` VALUES (1,'Can add log entry',1,'add_logentry'),(2,'Can change log entry',1,'change_logentry'),(3,'Can delete log entry',1,'delete_logentry'),(4,'Can add permission',2,'add_permission'),(5,'Can change permission',2,'change_permission'),(6,'Can delete permission',2,'delete_permission'),(7,'Can add group',3,'add_group'),(8,'Can change group',3,'change_group'),(9,'Can delete group',3,'delete_group'),(10,'Can add user',4,'add_user'),(11,'Can change user',4,'change_user'),(12,'Can delete user',4,'delete_user'),(13,'Can add message',5,'add_message'),(14,'Can change message',5,'change_message'),(15,'Can delete message',5,'delete_message'),(16,'Can add content type',6,'add_contenttype'),(17,'Can change content type',6,'change_contenttype'),(18,'Can delete content type',6,'delete_contenttype'),(19,'Can add comment',7,'add_comment'),(20,'Can change comment',7,'change_comment'),(21,'Can delete comment',7,'delete_comment'),(22,'Can moderate comments',7,'can_moderate'),(23,'Can add comment flag',8,'add_commentflag'),(24,'Can change comment flag',8,'change_commentflag'),(25,'Can delete comment flag',8,'delete_commentflag'),(26,'Can add session',9,'add_session'),(27,'Can change session',9,'change_session'),(28,'Can delete session',9,'delete_session'),(29,'Can add site',10,'add_site'),(30,'Can change site',10,'change_site'),(31,'Can delete site',10,'delete_site'),(32,'Can add setting',11,'add_setting'),(33,'Can change setting',11,'change_setting'),(34,'Can delete setting',11,'delete_setting'),(35,'Can add long setting',12,'add_longsetting'),(36,'Can change long setting',12,'change_longsetting'),(37,'Can delete long setting',12,'delete_longsetting'),(38,'Can add Store Configuration',13,'add_config'),(39,'Can change Store Configuration',13,'change_config'),(40,'Can delete Store Configuration',13,'delete_config'),(41,'Can add Shopping Cart',14,'add_cart'),(42,'Can change Shopping Cart',14,'change_cart'),(43,'Can delete Shopping Cart',14,'delete_cart'),(44,'Can add Cart Item',15,'add_cartitem'),(45,'Can change Cart Item',15,'change_cartitem'),(46,'Can delete Cart Item',15,'delete_cartitem'),(47,'Can add Cart Item Detail',16,'add_cartitemdetails'),(48,'Can change Cart Item Detail',16,'change_cartitemdetails'),(49,'Can delete Cart Item Detail',16,'delete_cartitemdetails'),(50,'Can add Product Order',17,'add_order'),(51,'Can change Product Order',17,'change_order'),(52,'Can delete Product Order',17,'delete_order'),(53,'Can add Order Line Item',18,'add_orderitem'),(54,'Can change Order Line Item',18,'change_orderitem'),(55,'Can delete Order Line Item',18,'delete_orderitem'),(56,'Can add Order Item Detail',19,'add_orderitemdetail'),(57,'Can change Order Item Detail',19,'change_orderitemdetail'),(58,'Can delete Order Item Detail',19,'delete_orderitemdetail'),(59,'Can add Download Link',20,'add_downloadlink'),(60,'Can change Download Link',20,'change_downloadlink'),(61,'Can delete Download Link',20,'delete_downloadlink'),(62,'Can add Order Status',21,'add_orderstatus'),(63,'Can change Order Status',21,'change_orderstatus'),(64,'Can delete Order Status',21,'delete_orderstatus'),(65,'Can add Order Payment',22,'add_orderpayment'),(66,'Can change Order Payment',22,'change_orderpayment'),(67,'Can delete Order Payment',22,'delete_orderpayment'),(68,'Can add Order variable',23,'add_ordervariable'),(69,'Can change Order variable',23,'change_ordervariable'),(70,'Can delete Order variable',23,'delete_ordervariable'),(71,'Can add Order tax detail',24,'add_ordertaxdetail'),(72,'Can change Order tax detail',24,'change_ordertaxdetail'),(73,'Can delete Order tax detail',24,'delete_ordertaxdetail'),(74,'Can add Organization',25,'add_organization'),(75,'Can change Organization',25,'change_organization'),(76,'Can delete Organization',25,'delete_organization'),(77,'Can add Contact',26,'add_contact'),(78,'Can change Contact',26,'change_contact'),(79,'Can delete Contact',26,'delete_contact'),(80,'Can add Interaction',27,'add_interaction'),(81,'Can change Interaction',27,'change_interaction'),(82,'Can delete Interaction',27,'delete_interaction'),(83,'Can add Phone Number',28,'add_phonenumber'),(84,'Can change Phone Number',28,'change_phonenumber'),(85,'Can delete Phone Number',28,'delete_phonenumber'),(86,'Can add Address Book',29,'add_addressbook'),(87,'Can change Address Book',29,'change_addressbook'),(88,'Can delete Address Book',29,'delete_addressbook'),(89,'Can add Category',30,'add_category'),(90,'Can change Category',30,'change_category'),(91,'Can delete Category',30,'delete_category'),(92,'Can add Category Translation',31,'add_categorytranslation'),(93,'Can change Category Translation',31,'change_categorytranslation'),(94,'Can delete Category Translation',31,'delete_categorytranslation'),(95,'Can add Category Image',32,'add_categoryimage'),(96,'Can change Category Image',32,'change_categoryimage'),(97,'Can delete Category Image',32,'delete_categoryimage'),(98,'Can add Category Image Translation',33,'add_categoryimagetranslation'),(99,'Can change Category Image Translation',33,'change_categoryimagetranslation'),(100,'Can delete Category Image Translation',33,'delete_categoryimagetranslation'),(101,'Can add Option Group',34,'add_optiongroup'),(102,'Can change Option Group',34,'change_optiongroup'),(103,'Can delete Option Group',34,'delete_optiongroup'),(104,'Can add Option Group Translation',35,'add_optiongrouptranslation'),(105,'Can change Option Group Translation',35,'change_optiongrouptranslation'),(106,'Can delete Option Group Translation',35,'delete_optiongrouptranslation'),(107,'Can add Option Item',36,'add_option'),(108,'Can change Option Item',36,'change_option'),(109,'Can delete Option Item',36,'delete_option'),(110,'Can add Option Translation',37,'add_optiontranslation'),(111,'Can change Option Translation',37,'change_optiontranslation'),(112,'Can delete Option Translation',37,'delete_optiontranslation'),(113,'Can add Product',38,'add_product'),(114,'Can change Product',38,'change_product'),(115,'Can delete Product',38,'delete_product'),(116,'Can add Product Translation',39,'add_producttranslation'),(117,'Can change Product Translation',39,'change_producttranslation'),(118,'Can delete Product Translation',39,'delete_producttranslation'),(119,'Can add Custom Product',40,'add_customproduct'),(120,'Can change Custom Product',40,'change_customproduct'),(121,'Can delete Custom Product',40,'delete_customproduct'),(122,'Can add custom text field',41,'add_customtextfield'),(123,'Can change custom text field',41,'change_customtextfield'),(124,'Can delete custom text field',41,'delete_customtextfield'),(125,'Can add CustomTextField Translation',42,'add_customtextfieldtranslation'),(126,'Can change CustomTextField Translation',42,'change_customtextfieldtranslation'),(127,'Can delete CustomTextField Translation',42,'delete_customtextfieldtranslation'),(128,'Can add Configurable Product',43,'add_configurableproduct'),(129,'Can change Configurable Product',43,'change_configurableproduct'),(130,'Can delete Configurable Product',43,'delete_configurableproduct'),(131,'Can add Downloadable Product',44,'add_downloadableproduct'),(132,'Can change Downloadable Product',44,'change_downloadableproduct'),(133,'Can delete Downloadable Product',44,'delete_downloadableproduct'),(134,'Can add Subscription Product',45,'add_subscriptionproduct'),(135,'Can change Subscription Product',45,'change_subscriptionproduct'),(136,'Can delete Subscription Product',45,'delete_subscriptionproduct'),(137,'Can add Trial Terms',46,'add_trial'),(138,'Can change Trial Terms',46,'change_trial'),(139,'Can delete Trial Terms',46,'delete_trial'),(140,'Can add Product variation',47,'add_productvariation'),(141,'Can change Product variation',47,'change_productvariation'),(142,'Can delete Product variation',47,'delete_productvariation'),(143,'Can add product price lookup',48,'add_productpricelookup'),(144,'Can change product price lookup',48,'change_productpricelookup'),(145,'Can delete product price lookup',48,'delete_productpricelookup'),(146,'Can add Product Attribute',49,'add_productattribute'),(147,'Can change Product Attribute',49,'change_productattribute'),(148,'Can delete Product Attribute',49,'delete_productattribute'),(149,'Can add Price',50,'add_price'),(150,'Can change Price',50,'change_price'),(151,'Can delete Price',50,'delete_price'),(152,'Can add Product Image',51,'add_productimage'),(153,'Can change Product Image',51,'change_productimage'),(154,'Can delete Product Image',51,'delete_productimage'),(155,'Can add Product Image Translation',52,'add_productimagetranslation'),(156,'Can change Product Image Translation',52,'change_productimagetranslation'),(157,'Can delete Product Image Translation',52,'delete_productimagetranslation'),(158,'Can add Payment Option',53,'add_paymentoption'),(159,'Can change Payment Option',53,'change_paymentoption'),(160,'Can delete Payment Option',53,'delete_paymentoption'),(161,'Can add Credit Card',54,'add_creditcarddetail'),(162,'Can change Credit Card',54,'change_creditcarddetail'),(163,'Can delete Credit Card',54,'delete_creditcarddetail'),(164,'Can add Discount',55,'add_discount'),(165,'Can change Discount',55,'change_discount'),(166,'Can delete Discount',55,'delete_discount'),(167,'Can add Gift Certificate',56,'add_giftcertificate'),(168,'Can change Gift Certificate',56,'change_giftcertificate'),(169,'Can delete Gift Certificate',56,'delete_giftcertificate'),(170,'Can add gift certificate usage',57,'add_giftcertificateusage'),(171,'Can change gift certificate usage',57,'change_giftcertificateusage'),(172,'Can delete gift certificate usage',57,'delete_giftcertificateusage'),(173,'Can add Gift certificate product',58,'add_giftcertificateproduct'),(174,'Can change Gift certificate product',58,'change_giftcertificateproduct'),(175,'Can delete Gift certificate product',58,'delete_giftcertificateproduct'),(176,'Can add Raw Item',59,'add_rawitem'),(177,'Can change Raw Item',59,'change_rawitem'),(178,'Can delete Raw Item',59,'delete_rawitem'),(179,'Can add Supplier Order',60,'add_supplierorder'),(180,'Can change Supplier Order',60,'change_supplierorder'),(181,'Can delete Supplier Order',60,'delete_supplierorder'),(182,'Can add supplier order item',61,'add_supplierorderitem'),(183,'Can change supplier order item',61,'change_supplierorderitem'),(184,'Can delete supplier order item',61,'delete_supplierorderitem'),(185,'Can add Supplier Order Status',62,'add_supplierorderstatus'),(186,'Can change Supplier Order Status',62,'change_supplierorderstatus'),(187,'Can delete Supplier Order Status',62,'delete_supplierorderstatus'),(188,'Can add Country',63,'add_country'),(189,'Can change Country',63,'change_country'),(190,'Can delete Country',63,'delete_country'),(191,'Can add Administrative Area',64,'add_adminarea'),(192,'Can change Administrative Area',64,'change_adminarea'),(193,'Can delete Administrative Area',64,'delete_adminarea'),(194,'Can add Tax Class',65,'add_taxclass'),(195,'Can change Tax Class',65,'change_taxclass'),(196,'Can delete Tax Class',65,'delete_taxclass'),(197,'Can add Tax Rate',66,'add_taxrate'),(198,'Can change Tax Rate',66,'change_taxrate'),(199,'Can delete Tax Rate',66,'delete_taxrate'),(200,'Can add Product Wish',67,'add_productwish'),(201,'Can change Product Wish',67,'change_productwish'),(202,'Can delete Product Wish',67,'delete_productwish'),(203,'Can add upsell',68,'add_upsell'),(204,'Can change upsell',68,'change_upsell'),(205,'Can delete upsell',68,'delete_upsell'),(206,'Can add upsell translation',69,'add_upselltranslation'),(207,'Can change upsell translation',69,'change_upselltranslation'),(208,'Can delete upsell translation',69,'delete_upselltranslation'),(209,'Can add product rating',70,'add_productrating'),(210,'Can change product rating',70,'change_productrating'),(211,'Can delete product rating',70,'delete_productrating');
/*!40000 ALTER TABLE `auth_permission` ENABLE KEYS */;
UNLOCK TABLES;

--
-- Table structure for table `auth_user`
--

DROP TABLE IF EXISTS `auth_user`;
SET @saved_cs_client     = @@character_set_client;
SET character_set_client = utf8;
CREATE TABLE `auth_user` (
  `id` int(11) NOT NULL auto_increment,
  `username` varchar(30) NOT NULL,
  `first_name` varchar(30) NOT NULL,
  `last_name` varchar(30) NOT NULL,
  `email` varchar(75) NOT NULL,
  `password` varchar(128) NOT NULL,
  `is_staff` tinyint(1) NOT NULL,
  `is_active` tinyint(1) NOT NULL,
  `is_superuser` tinyint(1) NOT NULL,
  `last_login` datetime NOT NULL,
  `date_joined` datetime NOT NULL,
  PRIMARY KEY  (`id`),
  UNIQUE KEY `username` (`username`)
) ENGINE=MyISAM AUTO_INCREMENT=3 DEFAULT CHARSET=utf8;
SET character_set_client = @saved_cs_client;

--
-- Dumping data for table `auth_user`
--

LOCK TABLES `auth_user` WRITE;
/*!40000 ALTER TABLE `auth_user` DISABLE KEYS */;
INSERT INTO `auth_user` VALUES (1,'smoochy','','','jpmcgaw@gmail.com','sha1$5f824$d9718c21669368f7114bcee8066ed56abeb027d7',1,1,1,'2009-06-26 21:12:58','2009-06-26 21:12:58'),(2,'csmith','','','chris@aol.com','sha1$27d5a$45f42da3aad038bd7902ece2fc25bb1bf52db908',0,1,0,'2009-06-26 21:18:08','2009-06-26 21:18:08');
/*!40000 ALTER TABLE `auth_user` ENABLE KEYS */;
UNLOCK TABLES;

--
-- Table structure for table `auth_user_groups`
--

DROP TABLE IF EXISTS `auth_user_groups`;
SET @saved_cs_client     = @@character_set_client;
SET character_set_client = utf8;
CREATE TABLE `auth_user_groups` (
  `id` int(11) NOT NULL auto_increment,
  `user_id` int(11) NOT NULL,
  `group_id` int(11) NOT NULL,
  PRIMARY KEY  (`id`),
  UNIQUE KEY `user_id` (`user_id`,`group_id`),
  KEY `group_id_refs_id_f116770` (`group_id`)
) ENGINE=MyISAM DEFAULT CHARSET=utf8;
SET character_set_client = @saved_cs_client;

--
-- Dumping data for table `auth_user_groups`
--

LOCK TABLES `auth_user_groups` WRITE;
/*!40000 ALTER TABLE `auth_user_groups` DISABLE KEYS */;
/*!40000 ALTER TABLE `auth_user_groups` ENABLE KEYS */;
UNLOCK TABLES;

--
-- Table structure for table `auth_user_user_permissions`
--

DROP TABLE IF EXISTS `auth_user_user_permissions`;
SET @saved_cs_client     = @@character_set_client;
SET character_set_client = utf8;
CREATE TABLE `auth_user_user_permissions` (
  `id` int(11) NOT NULL auto_increment,
  `user_id` int(11) NOT NULL,
  `permission_id` int(11) NOT NULL,
  PRIMARY KEY  (`id`),
  UNIQUE KEY `user_id` (`user_id`,`permission_id`),
  KEY `permission_id_refs_id_67e79cb` (`permission_id`)
) ENGINE=MyISAM DEFAULT CHARSET=utf8;
SET character_set_client = @saved_cs_client;

--
-- Dumping data for table `auth_user_user_permissions`
--

LOCK TABLES `auth_user_user_permissions` WRITE;
/*!40000 ALTER TABLE `auth_user_user_permissions` DISABLE KEYS */;
/*!40000 ALTER TABLE `auth_user_user_permissions` ENABLE KEYS */;
UNLOCK TABLES;

--
-- Table structure for table `configuration_longsetting`
--

DROP TABLE IF EXISTS `configuration_longsetting`;
SET @saved_cs_client     = @@character_set_client;
SET character_set_client = utf8;
CREATE TABLE `configuration_longsetting` (
  `id` int(11) NOT NULL auto_increment,
  `site_id` int(11) NOT NULL,
  `group` varchar(100) NOT NULL,
  `key` varchar(100) NOT NULL,
  `value` longtext NOT NULL,
  PRIMARY KEY  (`id`),
  UNIQUE KEY `site_id` (`site_id`,`group`,`key`),
  KEY `configuration_longsetting_site_id` (`site_id`)
) ENGINE=MyISAM DEFAULT CHARSET=utf8;
SET character_set_client = @saved_cs_client;

--
-- Dumping data for table `configuration_longsetting`
--

LOCK TABLES `configuration_longsetting` WRITE;
/*!40000 ALTER TABLE `configuration_longsetting` DISABLE KEYS */;
/*!40000 ALTER TABLE `configuration_longsetting` ENABLE KEYS */;
UNLOCK TABLES;

--
-- Table structure for table `configuration_setting`
--

DROP TABLE IF EXISTS `configuration_setting`;
SET @saved_cs_client     = @@character_set_client;
SET character_set_client = utf8;
CREATE TABLE `configuration_setting` (
  `id` int(11) NOT NULL auto_increment,
  `site_id` int(11) NOT NULL,
  `group` varchar(100) NOT NULL,
  `key` varchar(100) NOT NULL,
  `value` varchar(255) NOT NULL,
  PRIMARY KEY  (`id`),
  UNIQUE KEY `site_id` (`site_id`,`group`,`key`),
  KEY `configuration_setting_site_id` (`site_id`)
) ENGINE=MyISAM DEFAULT CHARSET=utf8;
SET character_set_client = @saved_cs_client;

--
-- Dumping data for table `configuration_setting`
--

LOCK TABLES `configuration_setting` WRITE;
/*!40000 ALTER TABLE `configuration_setting` DISABLE KEYS */;
/*!40000 ALTER TABLE `configuration_setting` ENABLE KEYS */;
UNLOCK TABLES;

--
-- Table structure for table `contact_addressbook`
--

DROP TABLE IF EXISTS `contact_addressbook`;
SET @saved_cs_client     = @@character_set_client;
SET character_set_client = utf8;
CREATE TABLE `contact_addressbook` (
  `id` int(11) NOT NULL auto_increment,
  `contact_id` int(11) NOT NULL,
  `description` varchar(20) NOT NULL,
  `addressee` varchar(80) NOT NULL,
  `street1` varchar(80) NOT NULL,
  `street2` varchar(80) NOT NULL,
  `state` varchar(50) NOT NULL,
  `city` varchar(50) NOT NULL,
  `postal_code` varchar(30) NOT NULL,
  `country_id` int(11) NOT NULL,
  `is_default_shipping` tinyint(1) NOT NULL,
  `is_default_billing` tinyint(1) NOT NULL,
  PRIMARY KEY  (`id`),
  KEY `contact_addressbook_contact_id` (`contact_id`),
  KEY `contact_addressbook_country_id` (`country_id`)
) ENGINE=MyISAM AUTO_INCREMENT=4 DEFAULT CHARSET=utf8;
SET character_set_client = @saved_cs_client;

--
-- Dumping data for table `contact_addressbook`
--

LOCK TABLES `contact_addressbook` WRITE;
/*!40000 ALTER TABLE `contact_addressbook` DISABLE KEYS */;
INSERT INTO `contact_addressbook` VALUES (1,1,'Home','','8235 Pike Street','','TN','Anywhere Town','38138',231,1,1),(2,2,'Work','','1245 Main Street','','MN','Stillwater','55082',231,1,1),(3,3,'Mailing address','','Receiving Dept','918 Funky Town St','NJ','Fishkill','19010',231,1,1);
/*!40000 ALTER TABLE `contact_addressbook` ENABLE KEYS */;
UNLOCK TABLES;

--
-- Table structure for table `contact_contact`
--

DROP TABLE IF EXISTS `contact_contact`;
SET @saved_cs_client     = @@character_set_client;
SET character_set_client = utf8;
CREATE TABLE `contact_contact` (
  `id` int(11) NOT NULL auto_increment,
  `title` varchar(30) default NULL,
  `first_name` varchar(30) NOT NULL,
  `last_name` varchar(30) NOT NULL,
  `user_id` int(11) default NULL,
  `role` varchar(20) default NULL,
  `organization_id` int(11) default NULL,
  `dob` date default NULL,
  `email` varchar(75) NOT NULL,
  `notes` longtext NOT NULL,
  `create_date` date NOT NULL,
  PRIMARY KEY  (`id`),
  UNIQUE KEY `user_id` (`user_id`),
  KEY `contact_contact_organization_id` (`organization_id`)
) ENGINE=MyISAM AUTO_INCREMENT=4 DEFAULT CHARSET=utf8;
SET character_set_client = @saved_cs_client;

--
-- Dumping data for table `contact_contact`
--

LOCK TABLES `contact_contact` WRITE;
/*!40000 ALTER TABLE `contact_contact` DISABLE KEYS */;
INSERT INTO `contact_contact` VALUES (1,NULL,'Chris','Smith',2,'Customer',NULL,NULL,'chris@aol.com','Really cool stuff','2009-06-26'),(2,NULL,'John','Smith',NULL,'Customer',NULL,NULL,'abc@comcast.com','Second user','2009-06-26'),(3,NULL,'Fred','Jones',NULL,'Supplier',1,NULL,'fj@rr.com','','2009-06-26');
/*!40000 ALTER TABLE `contact_contact` ENABLE KEYS */;
UNLOCK TABLES;

--
-- Table structure for table `contact_interaction`
--

DROP TABLE IF EXISTS `contact_interaction`;
SET @saved_cs_client     = @@character_set_client;
SET character_set_client = utf8;
CREATE TABLE `contact_interaction` (
  `id` int(11) NOT NULL auto_increment,
  `contact_id` int(11) NOT NULL,
  `type` varchar(30) NOT NULL,
  `date_time` datetime NOT NULL,
  `description` longtext NOT NULL,
  PRIMARY KEY  (`id`),
  KEY `contact_interaction_contact_id` (`contact_id`)
) ENGINE=MyISAM DEFAULT CHARSET=utf8;
SET character_set_client = @saved_cs_client;

--
-- Dumping data for table `contact_interaction`
--

LOCK TABLES `contact_interaction` WRITE;
/*!40000 ALTER TABLE `contact_interaction` DISABLE KEYS */;
/*!40000 ALTER TABLE `contact_interaction` ENABLE KEYS */;
UNLOCK TABLES;

--
-- Table structure for table `contact_organization`
--

DROP TABLE IF EXISTS `contact_organization`;
SET @saved_cs_client     = @@character_set_client;
SET character_set_client = utf8;
CREATE TABLE `contact_organization` (
  `id` int(11) NOT NULL auto_increment,
  `name` varchar(50) NOT NULL,
  `type` varchar(30) NOT NULL,
  `role` varchar(30) NOT NULL,
  `create_date` date NOT NULL,
  `notes` longtext,
  PRIMARY KEY  (`id`)
) ENGINE=MyISAM AUTO_INCREMENT=2 DEFAULT CHARSET=utf8;
SET character_set_client = @saved_cs_client;

--
-- Dumping data for table `contact_organization`
--

LOCK TABLES `contact_organization` WRITE;
/*!40000 ALTER TABLE `contact_organization` DISABLE KEYS */;
INSERT INTO `contact_organization` VALUES (1,'Rhinestone Ronny','Company','Supplier','2009-06-26',NULL);
/*!40000 ALTER TABLE `contact_organization` ENABLE KEYS */;
UNLOCK TABLES;

--
-- Table structure for table `contact_phonenumber`
--

DROP TABLE IF EXISTS `contact_phonenumber`;
SET @saved_cs_client     = @@character_set_client;
SET character_set_client = utf8;
CREATE TABLE `contact_phonenumber` (
  `id` int(11) NOT NULL auto_increment,
  `contact_id` int(11) NOT NULL,
  `type` varchar(20) NOT NULL,
  `phone` varchar(30) NOT NULL,
  `primary` tinyint(1) NOT NULL,
  PRIMARY KEY  (`id`),
  KEY `contact_phonenumber_contact_id` (`contact_id`)
) ENGINE=MyISAM AUTO_INCREMENT=5 DEFAULT CHARSET=utf8;
SET character_set_client = @saved_cs_client;

--
-- Dumping data for table `contact_phonenumber`
--

LOCK TABLES `contact_phonenumber` WRITE;
/*!40000 ALTER TABLE `contact_phonenumber` DISABLE KEYS */;
INSERT INTO `contact_phonenumber` VALUES (1,1,'Home','601-555-5511',1),(2,2,'Work','999-555-5111',1),(3,3,'Work','800-188-7611',1),(4,3,'Fax','755-555-1111',0);
/*!40000 ALTER TABLE `contact_phonenumber` ENABLE KEYS */;
UNLOCK TABLES;

--
-- Table structure for table `discount_discount`
--

DROP TABLE IF EXISTS `discount_discount`;
SET @saved_cs_client     = @@character_set_client;
SET character_set_client = utf8;
CREATE TABLE `discount_discount` (
  `id` int(11) NOT NULL auto_increment,
  `site_id` int(11) NOT NULL,
  `description` varchar(100) NOT NULL,
  `code` varchar(20) NOT NULL,
  `amount` decimal(4,2) default NULL,
  `percentage` decimal(4,2) default NULL,
  `automatic` tinyint(1) default NULL,
  `allowedUses` int(11) default NULL,
  `numUses` int(11) default NULL,
  `minOrder` decimal(6,2) default NULL,
  `startDate` date NOT NULL,
  `endDate` date NOT NULL,
  `active` tinyint(1) NOT NULL,
  `freeShipping` tinyint(1) default NULL,
  `includeShipping` tinyint(1) default NULL,
  PRIMARY KEY  (`id`),
  UNIQUE KEY `code` (`code`),
  KEY `discount_discount_site_id` (`site_id`)
) ENGINE=MyISAM DEFAULT CHARSET=utf8;
SET character_set_client = @saved_cs_client;

--
-- Dumping data for table `discount_discount`
--

LOCK TABLES `discount_discount` WRITE;
/*!40000 ALTER TABLE `discount_discount` DISABLE KEYS */;
/*!40000 ALTER TABLE `discount_discount` ENABLE KEYS */;
UNLOCK TABLES;

--
-- Table structure for table `discount_discount_validProducts`
--

DROP TABLE IF EXISTS `discount_discount_validProducts`;
SET @saved_cs_client     = @@character_set_client;
SET character_set_client = utf8;
CREATE TABLE `discount_discount_validProducts` (
  `id` int(11) NOT NULL auto_increment,
  `discount_id` int(11) NOT NULL,
  `product_id` int(11) NOT NULL,
  PRIMARY KEY  (`id`),
  UNIQUE KEY `discount_id` (`discount_id`,`product_id`),
  KEY `product_id_refs_id_21f6bf2c` (`product_id`)
) ENGINE=MyISAM DEFAULT CHARSET=utf8;
SET character_set_client = @saved_cs_client;

--
-- Dumping data for table `discount_discount_validProducts`
--

LOCK TABLES `discount_discount_validProducts` WRITE;
/*!40000 ALTER TABLE `discount_discount_validProducts` DISABLE KEYS */;
/*!40000 ALTER TABLE `discount_discount_validProducts` ENABLE KEYS */;
UNLOCK TABLES;

--
-- Table structure for table `django_admin_log`
--

DROP TABLE IF EXISTS `django_admin_log`;
SET @saved_cs_client     = @@character_set_client;
SET character_set_client = utf8;
CREATE TABLE `django_admin_log` (
  `id` int(11) NOT NULL auto_increment,
  `action_time` datetime NOT NULL,
  `user_id` int(11) NOT NULL,
  `content_type_id` int(11) default NULL,
  `object_id` longtext,
  `object_repr` varchar(200) NOT NULL,
  `action_flag` smallint(5) unsigned NOT NULL,
  `change_message` longtext NOT NULL,
  PRIMARY KEY  (`id`),
  KEY `django_admin_log_user_id` (`user_id`),
  KEY `django_admin_log_content_type_id` (`content_type_id`)
) ENGINE=MyISAM DEFAULT CHARSET=utf8;
SET character_set_client = @saved_cs_client;

--
-- Dumping data for table `django_admin_log`
--

LOCK TABLES `django_admin_log` WRITE;
/*!40000 ALTER TABLE `django_admin_log` DISABLE KEYS */;
/*!40000 ALTER TABLE `django_admin_log` ENABLE KEYS */;
UNLOCK TABLES;

--
-- Table structure for table `django_comment_flags`
--

DROP TABLE IF EXISTS `django_comment_flags`;
SET @saved_cs_client     = @@character_set_client;
SET character_set_client = utf8;
CREATE TABLE `django_comment_flags` (
  `id` int(11) NOT NULL auto_increment,
  `user_id` int(11) NOT NULL,
  `comment_id` int(11) NOT NULL,
  `flag` varchar(30) NOT NULL,
  `flag_date` datetime NOT NULL,
  PRIMARY KEY  (`id`),
  UNIQUE KEY `user_id` (`user_id`,`comment_id`,`flag`),
  KEY `django_comment_flags_user_id` (`user_id`),
  KEY `django_comment_flags_comment_id` (`comment_id`),
  KEY `django_comment_flags_flag` (`flag`)
) ENGINE=MyISAM DEFAULT CHARSET=utf8;
SET character_set_client = @saved_cs_client;

--
-- Dumping data for table `django_comment_flags`
--

LOCK TABLES `django_comment_flags` WRITE;
/*!40000 ALTER TABLE `django_comment_flags` DISABLE KEYS */;
/*!40000 ALTER TABLE `django_comment_flags` ENABLE KEYS */;
UNLOCK TABLES;

--
-- Table structure for table `django_comments`
--

DROP TABLE IF EXISTS `django_comments`;
SET @saved_cs_client     = @@character_set_client;
SET character_set_client = utf8;
CREATE TABLE `django_comments` (
  `id` int(11) NOT NULL auto_increment,
  `content_type_id` int(11) NOT NULL,
  `object_pk` longtext NOT NULL,
  `site_id` int(11) NOT NULL,
  `user_id` int(11) default NULL,
  `user_name` varchar(50) NOT NULL,
  `user_email` varchar(75) NOT NULL,
  `user_url` varchar(200) NOT NULL,
  `comment` longtext NOT NULL,
  `submit_date` datetime NOT NULL,
  `ip_address` char(15) default NULL,
  `is_public` tinyint(1) NOT NULL,
  `is_removed` tinyint(1) NOT NULL,
  PRIMARY KEY  (`id`),
  KEY `django_comments_content_type_id` (`content_type_id`),
  KEY `django_comments_site_id` (`site_id`),
  KEY `django_comments_user_id` (`user_id`)
) ENGINE=MyISAM DEFAULT CHARSET=utf8;
SET character_set_client = @saved_cs_client;

--
-- Dumping data for table `django_comments`
--

LOCK TABLES `django_comments` WRITE;
/*!40000 ALTER TABLE `django_comments` DISABLE KEYS */;
/*!40000 ALTER TABLE `django_comments` ENABLE KEYS */;
UNLOCK TABLES;

--
-- Table structure for table `django_content_type`
--

DROP TABLE IF EXISTS `django_content_type`;
SET @saved_cs_client     = @@character_set_client;
SET character_set_client = utf8;
CREATE TABLE `django_content_type` (
  `id` int(11) NOT NULL auto_increment,
  `name` varchar(100) NOT NULL,
  `app_label` varchar(100) NOT NULL,
  `model` varchar(100) NOT NULL,
  PRIMARY KEY  (`id`),
  UNIQUE KEY `app_label` (`app_label`,`model`)
) ENGINE=MyISAM AUTO_INCREMENT=71 DEFAULT CHARSET=utf8;
SET character_set_client = @saved_cs_client;

--
-- Dumping data for table `django_content_type`
--

LOCK TABLES `django_content_type` WRITE;
/*!40000 ALTER TABLE `django_content_type` DISABLE KEYS */;
INSERT INTO `django_content_type` VALUES (1,'log entry','admin','logentry'),(2,'permission','auth','permission'),(3,'group','auth','group'),(4,'user','auth','user'),(5,'message','auth','message'),(6,'content type','contenttypes','contenttype'),(7,'comment','comments','comment'),(8,'comment flag','comments','commentflag'),(9,'session','sessions','session'),(10,'site','sites','site'),(11,'setting','configuration','setting'),(12,'long setting','configuration','longsetting'),(13,'Store Configuration','shop','config'),(14,'Shopping Cart','shop','cart'),(15,'Cart Item','shop','cartitem'),(16,'Cart Item Detail','shop','cartitemdetails'),(17,'Product Order','shop','order'),(18,'Order Line Item','shop','orderitem'),(19,'Order Item Detail','shop','orderitemdetail'),(20,'Download Link','shop','downloadlink'),(21,'Order Status','shop','orderstatus'),(22,'Order Payment','shop','orderpayment'),(23,'Order variable','shop','ordervariable'),(24,'Order tax detail','shop','ordertaxdetail'),(25,'Organization','contact','organization'),(26,'Contact','contact','contact'),(27,'Interaction','contact','interaction'),(28,'Phone Number','contact','phonenumber'),(29,'Address Book','contact','addressbook'),(30,'Category','product','category'),(31,'Category Translation','product','categorytranslation'),(32,'Category Image','product','categoryimage'),(33,'Category Image Translation','product','categoryimagetranslation'),(34,'Option Group','product','optiongroup'),(35,'Option Group Translation','product','optiongrouptranslation'),(36,'Option Item','product','option'),(37,'Option Translation','product','optiontranslation'),(38,'Product','product','product'),(39,'Product Translation','product','producttranslation'),(40,'Custom Product','product','customproduct'),(41,'custom text field','product','customtextfield'),(42,'CustomTextField Translation','product','customtextfieldtranslation'),(43,'Configurable Product','product','configurableproduct'),(44,'Downloadable Product','product','downloadableproduct'),(45,'Subscription Product','product','subscriptionproduct'),(46,'Trial Terms','product','trial'),(47,'Product variation','product','productvariation'),(48,'product price lookup','product','productpricelookup'),(49,'Product Attribute','product','productattribute'),(50,'Price','product','price'),(51,'Product Image','product','productimage'),(52,'Product Image Translation','product','productimagetranslation'),(53,'Payment Option','payment','paymentoption'),(54,'Credit Card','payment','creditcarddetail'),(55,'Discount','discount','discount'),(56,'Gift Certificate','giftcertificate','giftcertificate'),(57,'gift certificate usage','giftcertificate','giftcertificateusage'),(58,'Gift certificate product','giftcertificate','giftcertificateproduct'),(59,'Raw Item','supplier','rawitem'),(60,'Supplier Order','supplier','supplierorder'),(61,'supplier order item','supplier','supplierorderitem'),(62,'Supplier Order Status','supplier','supplierorderstatus'),(63,'Country','l10n','country'),(64,'Administrative Area','l10n','adminarea'),(65,'Tax Class','tax','taxclass'),(66,'Tax Rate','tax','taxrate'),(67,'Product Wish','wishlist','productwish'),(68,'upsell','upsell','upsell'),(69,'upsell translation','upsell','upselltranslation'),(70,'product rating','productratings','productrating');
/*!40000 ALTER TABLE `django_content_type` ENABLE KEYS */;
UNLOCK TABLES;

--
-- Table structure for table `django_session`
--

DROP TABLE IF EXISTS `django_session`;
SET @saved_cs_client     = @@character_set_client;
SET character_set_client = utf8;
CREATE TABLE `django_session` (
  `session_key` varchar(40) NOT NULL,
  `session_data` longtext NOT NULL,
  `expire_date` datetime NOT NULL,
  PRIMARY KEY  (`session_key`)
) ENGINE=MyISAM DEFAULT CHARSET=utf8;
SET character_set_client = @saved_cs_client;

--
-- Dumping data for table `django_session`
--

LOCK TABLES `django_session` WRITE;
/*!40000 ALTER TABLE `django_session` DISABLE KEYS */;
INSERT INTO `django_session` VALUES ('ed25172d92adf21864b5ac810199e0d6','gAJ9cQFVClJFQ0VOVExJU1RxAl1xA1gIAAAAZGotcm9ja3NxBGFzLjAyMzE5Y2E0NzYxNjZhY2M5\nMDRjOTljMGEzYTYxNjJm\n','2009-07-10 21:18:34'),('5bc4c101fe0bf12bcca0aaa1bd913b55','gAJ9cQFVClJFQ0VOVExJU1RxAl1xAyhYBQAAADgwMDcwcQRYBQAAADgwMTAwcQVYCQAAAG5lYXQt\nYm9va3EGZXMuMGE5ZTcwMWQ0OWFlMjE5ODZmNzUzOTcxYjAxNDZkODM=\n','2009-07-25 22:59:28');
/*!40000 ALTER TABLE `django_session` ENABLE KEYS */;
UNLOCK TABLES;

--
-- Table structure for table `django_site`
--

DROP TABLE IF EXISTS `django_site`;
SET @saved_cs_client     = @@character_set_client;
SET character_set_client = utf8;
CREATE TABLE `django_site` (
  `id` int(11) NOT NULL auto_increment,
  `domain` varchar(100) NOT NULL,
  `name` varchar(50) NOT NULL,
  PRIMARY KEY  (`id`)
) ENGINE=MyISAM AUTO_INCREMENT=2 DEFAULT CHARSET=utf8;
SET character_set_client = @saved_cs_client;

--
-- Dumping data for table `django_site`
--

LOCK TABLES `django_site` WRITE;
/*!40000 ALTER TABLE `django_site` DISABLE KEYS */;
INSERT INTO `django_site` VALUES (1,'www.levicci.com','LeVicci');
/*!40000 ALTER TABLE `django_site` ENABLE KEYS */;
UNLOCK TABLES;

--
-- Table structure for table `dummy_category`
--

DROP TABLE IF EXISTS `dummy_category`;
SET @saved_cs_client     = @@character_set_client;
SET character_set_client = utf8;
CREATE TABLE `dummy_category` (
  `id` int(11) NOT NULL auto_increment,
  `name` varchar(50) NOT NULL,
  `description` longtext NOT NULL,
  PRIMARY KEY  (`id`)
) ENGINE=MyISAM AUTO_INCREMENT=23 DEFAULT CHARSET=latin1;
SET character_set_client = @saved_cs_client;

--
-- Dumping data for table `dummy_category`
--

LOCK TABLES `dummy_category` WRITE;
/*!40000 ALTER TABLE `dummy_category` DISABLE KEYS */;
INSERT INTO `dummy_category` VALUES (2,'Bridal Collection',''),(4,'Bustiers/Corsets',''),(5,'Babydolls',''),(6,'Match Sets',''),(7,'Robes',''),(9,'Valentine\'s Day Collection',''),(11,'Chainmail/Rhinestone',''),(12,'Costumes',''),(13,'Panties/Thongs',''),(14,'Chemises/Mini Dresses',''),(16,'Gowns',''),(17,'Plus Sizes',''),(18,'Garter Belts',''),(19,'Camisoles',''),(20,'Teddies','');
/*!40000 ALTER TABLE `dummy_category` ENABLE KEYS */;
UNLOCK TABLES;

--
-- Table structure for table `dummy_product`
--

DROP TABLE IF EXISTS `dummy_product`;
SET @saved_cs_client     = @@character_set_client;
SET character_set_client = utf8;
CREATE TABLE `dummy_product` (
  `id` int(11) NOT NULL auto_increment,
  `sku` varchar(50) NOT NULL,
  `details` longtext NOT NULL,
  `description` longtext NOT NULL,
  `image` varchar(50) NOT NULL,
  `thumbnail` varchar(50) NOT NULL,
  `keywords` varchar(500) NOT NULL,
  `quantity_remaining` int(11) NOT NULL,
  `before_disc` decimal(9,2) NOT NULL,
  `after_disc` decimal(9,2) NOT NULL,
  `weight` int(11) NOT NULL,
  `colorsize` varchar(50) NOT NULL,
  `status` varchar(50) NOT NULL,
  `complete_colorsize` varchar(50) NOT NULL,
  PRIMARY KEY  (`id`)
) ENGINE=MyISAM AUTO_INCREMENT=627 DEFAULT CHARSET=latin1;
SET character_set_client = @saved_cs_client;

--
-- Dumping data for table `dummy_product`
--

LOCK TABLES `dummy_product` WRITE;
/*!40000 ALTER TABLE `dummy_product` DISABLE KEYS */;
INSERT INTO `dummy_product` VALUES (1,'80067','80067 - Beautiful soft cup babydoll edged with lace trim.  Thong included','Beautiful soft cup babydoll edged with lace trim.  Thong included','80067.jpg','Thumb_80067.jpg','Babydolls',0,'10.50','7.50',2,'Light Pink -:- XL->Light Pink -:- 1X/2X','Size not complete',''),(2,'80083','80083 - Sheer net and lace babydoll with shirred lace and netting on cups&comma; lace ruffle hem&comma; adjustable straps and comes with g-string','Sheer net and lace babydoll with shirred lace and netting on cups&comma; lace ruffle hem&comma; adjustable straps and comes with g-string','80083.jpg','Thumb_80083.jpg','Babydolls',0,'12.00','8.50',2,'Red/Black -:- XL','Size not complete',''),(3,'80085','80085 - Marabou feathers babydoll.  Adjustable straps and comes with g-string','Marabou feathers babydoll.  Adjustable straps and comes with g-string','80085.jpg','Thumb_80085.jpg','Babydolls',1948,'12.50','8.75',2,'Black -:- One Size->Black -:- XL','Size complete','Black -:- One Size->Black -:- XL'),(4,'80070','80070 - 2 piece lace babydoll with satin bow and matching tanga','2 piece lace babydoll with satin bow and matching tanga','80070.jpg','Thumb_80070.jpg','Babydolls',1926,'12.50','8.75',2,'Red -:- One Size->Red -:- XL','Size complete','Red -:- One Size->Red -:- XL'),(5,'80038','80038 - Sheer underwire ruffled babydoll and matching thong','Sheer underwire ruffled babydoll and matching thong','80038.jpg','Thumb_80038.jpg','Babydolls',1962,'13.00','9.25',2,'Black -:- S->Black -:- L','Size not complete',''),(6,'80042','80042 - Stretch lace and chiffon babydoll with matching thong','Stretch lace and chiffon babydoll with matching thong','80042.jpg','Thumb_80042.jpg','Babydolls',1647,'13.75','9.75',2,'Black -:- S->Black -:- M->Black -:- L->Black -:- X','Size complete','Black -:- S->Black -:- M->Black -:- L->Black -:- X'),(7,'80043','80043 - Floral embroidery underwire babydoll with cup strap detail includes matching thong','Floral embroidery underwire babydoll with cup strap detail includes matching thong','80043.jpg','Thumb_80043.jpg','Babydolls',1920,'14.50','10.25',2,'Black -:- S->Black -:- M->Black -:- L->Black -:- X','Size complete','Black -:- S->Black -:- M->Black -:- L->Black -:- X'),(8,'80040','80040 - Cross dye stretch lace underwire babydoll with side slits. Includes matching thong panty','Cross dye stretch lace underwire babydoll with side slits. Includes matching thong panty','80040.jpg','Thumb_80040.jpg','Babydolls',1910,'14.50','10.25',2,'Mint -:- S->Mint -:- M->Mint -:- L->Mint -:- XL->L','Size complete','Mint -:- S->Mint -:- M->Mint -:- L->Mint -:- XL->L'),(9,'80069','80069 - Sheer babydoll trimmed with ruffles and bows.  Panty included','Sheer babydoll trimmed with ruffles and bows.  Panty included','80069.jpg','Thumb_80069.jpg','Babydolls',1924,'14.50','10.25',2,'Pink -:- S->Pink -:- M->Pink -:- L','Size not complete',''),(10,'80046','80046 - Soft nylon embroidered netting babydoll has satin lined underwire cups.  Include thong','Soft nylon embroidered netting babydoll has satin lined underwire cups.  Include thong','80046.jpg','Thumb_80046.jpg','Babydolls',1908,'15.25','10.75',2,'Pink -:- S->Pink -:- M->Pink -:- L->Pink -:- XL','Size complete','Pink -:- S->Pink -:- M->Pink -:- L->Pink -:- XL'),(11,'80077','80077 - Knit chiffon babydoll with tattoo lace cups. Includes matching thong','Knit chiffon babydoll with tattoo lace cups. Includes matching thong','80077.jpg','Thumb_80077.jpg','Babydolls',1918,'16.25','11.50',2,'Black/Red -:- S->Black/Red -:- L->Black/Red -:- XL','Size not complete',''),(12,'80050','80050 - Stretch satin soft cup babydoll with lace trim. Includes matching thong','Stretch satin soft cup babydoll with lace trim. Includes matching thong','80050.jpg','Thumb_80050.jpg','Babydolls',1830,'16.25','11.50',2,'Pink/Black -:- S->Pink/Black -:- M->Pink/Black -:-','Size complete','Pink/Black -:- S->Pink/Black -:- M->Pink/Black -:-'),(13,'80048','80048 - Chiffon cowl neck babydoll with rhinestone halter straps and matching thong','Chiffon cowl neck babydoll with rhinestone halter straps and matching thong','80048.jpg','Thumb_80048.jpg','Babydolls',0,'18.75','13.25',2,'Black -:- M','Size not complete',''),(14,'80071','80071 - Sexy sheer net babydoll with slightly padded  cups&comma; marabou feather trim&comma; tie closure front and adjustable straps. Comes with a matching g-string panty','Sexy sheer net babydoll with slightly padded  cups&comma; marabou feather trim&comma; tie closure front and adjustable straps. Comes with a matching g-string panty','80071.jpg','Thumb_80071.jpg','Babydolls',0,'17.00','12.00',2,'Red -:- S->Red -:- L->Red -:- XL','Size not complete',''),(15,'80068','80068 - Sheer net underwire babydoll with cute ostrich feather trimmed marabou&comma; adjustable straps and comes with matching g-string','Sheer net underwire babydoll with cute ostrich feather trimmed marabou&comma; adjustable straps and comes with matching g-string','80068.jpg','Thumb_80068.jpg','Babydolls',0,'17.00','12.00',2,'Red -:- XL','Size not complete',''),(16,'80041','80041 - Charmeuse and matching lace babydoll with sexy side&comma; cut-away front&comma; adjustable straps and comes with tie side thong panty','Charmeuse and matching lace babydoll with sexy side&comma; cut-away front&comma; adjustable straps and comes with tie side thong panty','80041.jpg','Thumb_80041.jpg','Babydolls',1853,'18.00','12.75',2,'Pink -:- S->Pink -:- M','Size not complete',''),(17,'80100','80100 - 2 piece babydoll with satin bow and matching thong','2 piece babydoll with satin bow and matching thong','80100.jpg','Thumb_80100.jpg','Babydolls',1982,'20.50','14.50',2,'Red -:- One Size->Red -:- XL','Size complete','Red -:- One Size->Red -:- XL'),(18,'80029','80029 - Pink stripe microfiber&comma; open back&comma; underwire babydoll trimmed in pink ruffled lace. Includes matching ruffle back panty','Pink stripe microfiber&comma; open back&comma; underwire babydoll trimmed in pink ruffled lace. Includes matching ruffle back panty','80029.jpg','Thumb_80029.jpg','Babydolls',1879,'21.75','15.25',2,'Black/Pink -:- XL','Size not complete',''),(19,'80049','80049 - Microfiber underwire babydoll with stretch lace cups trimmed in fur. Includes matching thong','Microfiber underwire babydoll with stretch lace cups trimmed in fur. Includes matching thong','80049.jpg','Thumb_80049.jpg','Babydolls',1933,'21.75','15.25',2,'White -:- M->White -:- L->White -:- XL','Size not complete',''),(20,'80081','80081 - Sexy lycra/mesh slip with matching g-string','Sexy lycra/mesh slip with matching g-string','80081.jpg','Thumb_80081.jpg','Babydolls',1988,'23.00','16.25',2,'Red -:- 32','Size not complete',''),(21,'80036','80036 - 4 piece lace trim lycra bodysuit with gloves&comma; adjustable garters and matching thong','4 piece lace trim lycra bodysuit with gloves&comma; adjustable garters and matching thong','80036.jpg','Thumb_80036.jpg','Bustiers / Corsets',1854,'27.75','19.50',2,'Rose Pink -:- S->Rose Pink -:- M->Rose Pink -:- L','Size not complete',''),(22,'80007','80007 - Lace cupless bustier has lace up front and is trimmed with ruffles.  G-string also included','Lace cupless bustier has lace up front and is trimmed with ruffles.  G-string also included','80007.jpg','Thumb_80007.jpg','Bustiers / Corsets',1895,'19.25','13.50',2,'Black -:- S->Black -:- M->Black -:- L->Black -:- X','Size complete','Black -:- S->Black -:- M->Black -:- L->Black -:- X'),(23,'80003','80003 - Stretch lace corset has underwire padded cups&comma; hook & eye front&comma; adjustable shoulder and garter straps.  G-string included','Stretch lace corset has underwire padded cups&comma; hook & eye front&comma; adjustable shoulder and garter straps.  G-string included','80003.jpg','Thumb_80003.jpg','Bustiers / Corsets',1850,'20.00','14.00',2,'Red -:- S->Red -:- M->Red -:- L->Red -:- XL->Black','Partial size complete','Red -:- S->Red -:- M->Red -:- L->Red -:- XL->Black'),(24,'80055','80055 - Crochet rose lace corset. Corset has satin lined cups&comma; boning all around&comma; hook & eye back closure&comma; and includes g-string','Crochet rose lace corset. Corset has satin lined cups&comma; boning all around&comma; hook & eye back closure&comma; and includes g-string','80055_1.jpg','Thumb_80055_1.jpg','Bustiers / Corsets',1834,'25.00','17.50',2,'Pink -:- S->Pink -:- M->Pink -:- L->Pink -:- XL->B','Size complete','Pink -:- S->Pink -:- M->Pink -:- L->Pink -:- XL->B'),(25,'80091','80091 - V-cut front corset with a thong and adjustable garter belt','V-cut front corset with a thong and adjustable garter belt','80091.jpg','Thumb_80091.jpg','Bustiers / Corsets',0,'27.00','19.00',2,'Black/Lavender -:- S','Size not complete',''),(26,'80009','80009 - Satin and lace 3 piece set. Bustier has underwire cups&comma; boning&comma; adjustable shoulder and garter straps.  Includes short sheer coat with lace trim and g-string','Satin and lace 3 piece set. Bustier has underwire cups&comma; boning&comma; adjustable shoulder and garter straps.  Includes short sheer coat with lace trim and g-string','80009.jpg','Thumb_80009.jpg','Bustiers / Corsets',1957,'27.86','19.50',2,'Black -:- S->Black -:- L->Black -:- XL','Size not complete',''),(27,'80052','80052','','80052.jpg','Thumb_80052.jpg','Bustiers / Corsets',0,'28.50','20.00',2,'Peach -:- M','Size not complete',''),(28,'80051','80051 - Beautiful chinese jacquard&comma; strapless corset with lace-up back&comma; slimming waist and detachable garters.  Comes with a matching g-string','Beautiful chinese jacquard&comma; strapless corset with lace-up back&comma; slimming waist and detachable garters.  Comes with a matching g-string','80051.jpg','Thumb_80051.jpg','Bustiers / Corsets',1888,'29.25','20.50',2,'Pink -:- 32->Pink -:- 34->Pink -:- 36->Pink -:- 38','Size complete','Pink -:- 32->Pink -:- 34->Pink -:- 36->Pink -:- 38'),(29,'80054','80054 - Slimming jacquard tapestry&comma; strapless corset.  Come with gorgeous venice trim&comma; hook and eye front&comma; waist cinching lace-up back&comma; removable&comma; adjustable garters. comes with thong panty','Slimming jacquard tapestry&comma; strapless corset.  Come with gorgeous venice trim&comma; hook and eye front&comma; waist cinching lace-up back&comma; removable&comma; adjustable garters. comes with thong panty','80054.jpg','Thumb_80054.jpg','Bustiers / Corsets',1720,'33.00','23.25',2,'White -:- 32->White -:- 34->White -:- 36','Size not complete',''),(30,'80057','80057','','80057.jpg','Thumb_80057.jpg','Bustiers / Corsets',0,'36.25','25.50',2,'Light Blue -:- XL','Size not complete',''),(31,'80053','80053 - Long-line bustier in satin jacquard tapestry.  Features lightly padded underwire cups&comma; hook & eye front&comma; boning throughout&comma; and lace-up back.  Includes adjustable garters and matching g-string','Long-line bustier in satin jacquard tapestry.  Features lightly padded underwire cups&comma; hook & eye front&comma; boning throughout&comma; and lace-up back.  Includes adjustable garters and matching g-string','80053.jpg','Thumb_80053.jpg','Bustiers / Corsets',1624,'37.00','26.00',2,'Red -:- 32/Small->Red -:- 34/Medium->Red -:- 36/La','Size not complete',''),(32,'80056','80056','','80056.jpg','Thumb_80056.jpg','Bustiers / Corsets',0,'40.00','28.00',2,'Black/Gold -:- L','Size not complete',''),(33,'80015','80015 - Stretch spandex mesh camisole with adjustable&comma; elasticized straps and a matching thong panty with polka dots','Stretch spandex mesh camisole with adjustable&comma; elasticized straps and a matching thong panty with polka dots','80015.jpg','Thumb_80015.jpg','Camisoles',1970,'13.00','9.25',2,'Black/White -:- XL','Size not complete',''),(34,'80011','80011 - Beautiful bands of stretch.  Cami top has soft cups&comma; and adjustable straps.  Includes matching thongs','Beautiful bands of stretch.  Cami top has soft cups&comma; and adjustable straps.  Includes matching thongs','80011.jpg','Thumb_80011.jpg','Camisoles',1935,'15.25','10.75',2,'White -:- S->White -:- M->White -:- L->White -:- X','Size complete','White -:- S->White -:- M->White -:- L->White -:- X'),(35,'80021','80021 - Embroidered soft net cami with shorts. Cami has adjustable straps&comma; and shorts have side ties','Embroidered soft net cami with shorts. Cami has adjustable straps&comma; and shorts have side ties','80021.jpg','Thumb_80021.jpg','Camisoles',0,'21.75','15.25',2,'Black -:- S->Black -:- L','Size not complete',''),(36,'80075','80075','','80075.jpg','Thumb_80075.jpg','Chainmail / Rhinestone Lingerie',0,'17.00','12.00',4,'Silver -:- One Size','Out of stock',''),(37,'80076','80076','','80076.jpg','Thumb_80076.jpg','Chainmail / Rhinestone Lingerie',0,'42.00','29.50',4,'Silver -:- One Size','Out of stock',''),(38,'80074','80074','','80074.jpg','Thumb_80074.jpg','Chainmail / Rhinestone Lingerie',0,'67.00','47.00',6,'Silver -:- One Size','Out of stock',''),(39,'80089','80089','','80089.jpg','Thumb_80089.jpg','Chemises / Mini Dresses',0,'10.50','7.50',2,'Black -:- XL','Size not complete',''),(40,'80045','80045 - Stretch spandex mesh chemise with strappy open back adorned with floral applique. Comes with adjustable straps and matching g-string','Stretch spandex mesh chemise with strappy open back adorned with floral applique. Comes with adjustable straps and matching g-string','80045_1.jpg','Thumb_80045_1.jpg','Chemises / Mini Dresses',1783,'15.25','10.75',2,'Black -:- S->Black -:- M->Black -:- L->Black -:- X','Size complete','Black -:- S->Black -:- M->Black -:- L->Black -:- X'),(41,'80044','80044 - Sexy stretch spandex mesh chemise is adorned with an embroidered fan with floral applique&comma; has elasticized straps that criss-cross all the way down an open tie back&comma; and comes with a g-string','Sexy stretch spandex mesh chemise is adorned with an embroidered fan with floral applique&comma; has elasticized straps that criss-cross all the way down an open tie back&comma; and comes with a g-string','80044_1.jpg','Thumb_80044_1.jpg','Chemises / Mini Dresses',1969,'20.00','14.00',2,'White -:- S->White -:- M->White -:- L->White -:- X','Size complete','White -:- S->White -:- M->White -:- L->White -:- X'),(42,'80039','80039 - Beautiful floral embroidery silky charmeuse chemise with side split leg&comma; open tie adjustable back and adjustable straps','Beautiful floral embroidery silky charmeuse chemise with side split leg&comma; open tie adjustable back and adjustable straps','80039.jpg','Thumb_80039.jpg','Chemises / Mini Dresses',90,'20.00','14.00',2,'Pink -:- S','Size not complete',''),(43,'80037','80037','','80037.jpg','Thumb_80037.jpg','Chemises / Mini Dresses',0,'22.00','15.50',2,'Champagne -:- L->Champagne -:- XL','Size not complete',''),(44,'80097','80097 - 3 piece bunny costume set.  Include bunny ears&comma; top bra with front ribbon and matching thong','3 piece bunny costume set.  Include bunny ears&comma; top bra with front ribbon and matching thong','80097.jpg','Thumb_80097.jpg','Costumes',1993,'14.50','10.25',2,'White/Pink -:- XL','Size not complete',''),(45,'80030','80030 - Sexy secretary costume.  Stripe microfiber underwire bra and lace pleated skirt.','Sexy secretary costume.  Stripe microfiber underwire bra and lace pleated skirt.','80030.jpg','Thumb_80030.jpg','Costumes',0,'20.00','14.00',2,'Black/White -:- XL','Size not complete',''),(46,'80096','80096 - French maid costume with underwire cup','French maid costume with underwire cup','80096.jpg','Thumb_80096.jpg','Costumes',1919,'21.75','15.25',2,'Black/White -:- S->Black/White -:- M->Black/White ','Size complete','Black/White -:- S->Black/White -:- M->Black/White '),(47,'80032','80032 - Stylish stripe top with attached tie. Shorts with satin bows. Matching g-string included','Stylish stripe top with attached tie. Shorts with satin bows. Matching g-string included','80032.jpg','Thumb_80032.jpg','Costumes',1952,'22.50','15.75',2,'Black/White -:- S/M->Black/White -:- M/L->Black/Wh','Size complete','Black/White -:- S/M->Black/White -:- M/L->Black/Wh'),(48,'80031','80031','','80031.jpg','Thumb_80031.jpg','Costumes',0,'25.00','17.50',2,'White/Red -:- XL','Size not complete',''),(49,'80078','80078 - Leopard print dress with vinyl collars and sleeves','Leopard print dress with vinyl collars and sleeves','80078.jpg','Thumb_80078.jpg','Costumes',0,'19.50','13.65',2,'Leopard -:- L','Size not complete',''),(50,'60003','60003 - Sexy stretch mesh garterbelt with floral embroidery','Sexy stretch mesh garterbelt with floral embroidery','60003.jpg','Thumb_60003.jpg','Garter Belts',0,'7.50','5.25',2,'White -:- XL','Size not complete',''),(51,'60001','60001 - 2 piece lace garter belt set with matching g-string','2 piece lace garter belt set with matching g-string','60001.jpg','Thumb_60001.jpg','Garter Belts',1911,'10.00','7.00',2,'Black -:- One Size->Black -:- XL->Red -:- One Size','Size complete','Black -:- One Size->Black -:- XL->Red -:- One Size'),(52,'60002','60002 - 2 piece garter belt set with matching g-string','2 piece garter belt set with matching g-string','60002.jpg','Thumb_60002.jpg','Garter Belts',1886,'10.00','7.00',2,'Red -:- One Size->Red -:- XL->Black -:- One Size','Partial size complete','Red -:- One Size->Red -:- XL'),(53,'80064','80064','','80064.jpg','Thumb_80064.jpg','Gowns',0,'17.00','12.00',2,'Black -:- One Size->Black -:- XL','Size complete','Black -:- One Size->Black -:- XL'),(54,'80060','80060 - Stretch lace and chiffon gown with side slits. Includes matching thong','Stretch lace and chiffon gown with side slits. Includes matching thong','80060.jpg','Thumb_80060.jpg','Gowns',0,'19.25','13.50',2,'Mint -:- 3X/4X','Size not complete',''),(55,'80065','80065 - Beautiful stretch lace long gown with flirty cascading ruffles. Comes with a matching g-string','Beautiful stretch lace long gown with flirty cascading ruffles. Comes with a matching g-string','80065.jpg','Thumb_80065.jpg','Gowns',1953,'27.00','19.00',2,'Black -:- S->Black -:- XL->Red -:- S->Red -:- XL','Size not complete',''),(56,'80059','80059 - Super soft&comma; supple&comma; shiny lace long gown with scalloped&comma; open front adjustable straps and comes with g-string','Super soft&comma; supple&comma; shiny lace long gown with scalloped&comma; open front adjustable straps and comes with g-string','80059.jpg','Thumb_80059.jpg','Gowns',0,'27.75','19.50',2,'Black -:- S','Size not complete',''),(57,'80062','80062','','80062.jpg','Thumb_80062.jpg','Gowns',0,'30.50','21.50',2,'White -:- XL','Size not complete',''),(58,'80058','80058 - Padded push up chopper bra lace and luxurious charmeuse long gown with adjustable straps and high cut sexy front opening','Padded push up chopper bra lace and luxurious charmeuse long gown with adjustable straps and high cut sexy front opening','80058.jpg','Thumb_80058.jpg','Gowns',0,'33.00','23.25',2,'Black -:- S','Size not complete',''),(59,'80063','80063','','80063.jpg','Thumb_80063.jpg','Gowns',0,'60.00','42.00',2,'White/Light Blue -:- S->White/Light Blue -:- M->Wh','Size complete','White/Light Blue -:- S->White/Light Blue -:- M->Wh'),(60,'80027','80027 - 2 piece lace open cup bra and matching g-string','2 piece lace open cup bra and matching g-string','80027.jpg','Thumb_80027.jpg','Match Sets',1772,'7.75','5.50',2,'Pink -:- One Size->Pink -:- XL->Black -:- One Size','Size complete','Pink -:- One Size->Pink -:- XL->Black -:- One Size'),(61,'80024','80024 - Sexy stretch mesh soft cup bra with floral embroidery. Double spaghetti adjustable straps. A hook & eye back closure','Sexy stretch mesh soft cup bra with floral embroidery. Double spaghetti adjustable straps. A hook & eye back closure','80024.jpg','Thumb_80024.jpg','Match Sets',0,'8.50','6.00',2,'White -:- 32->White -:- 38','Size not complete',''),(62,'80061','80061 - 2 piece ruffle trim lace bra with matching thong','2 piece ruffle trim lace bra with matching thong','80061.jpg','Thumb_80061.jpg','Match Sets',0,'8.50','6.00',2,'Red -:- M','Size not complete',''),(63,'80047','80047 - 2 piece oriental dragon print top and g-string','2 piece oriental dragon print top and g-string','80047.jpg','Thumb_80047.jpg','Match Sets',1980,'8.50','6.00',2,'Red -:- S->Red -:- L->Red -:- XL','Size not complete',''),(64,'80010','80010 - 2 piece floral lace bra top with matching thong','2 piece floral lace bra top with matching thong','80010.jpg','Thumb_80010.jpg','Match Sets',1944,'9.25','6.50',2,'Black -:- One Size->Black -:- XL','Size complete','Black -:- One Size->Black -:- XL'),(65,'80018','80018 - Stretch lace 2 piece set includes bra-top with adjustable straps&comma; and low-rise boyshort','Stretch lace 2 piece set includes bra-top with adjustable straps&comma; and low-rise boyshort','80018.jpg','Thumb_80018.jpg','Match Sets',1622,'9.25','6.50',2,'Red -:- S->Red -:- M->Red -:- L->Red -:- XL->Light','Size complete','Red -:- S->Red -:- M->Red -:- L->Red -:- XL->Light'),(66,'80023','80023 - Strapless lace top with matching ribbon side tanga short','Strapless lace top with matching ribbon side tanga short','80023.jpg','Thumb_80023.jpg','Match Sets',0,'10.00','7.00',2,'Red -:- XL','Size not complete',''),(67,'80016','80016 - Sheer bra top with butterfly applique and matching thong','Sheer bra top with butterfly applique and matching thong','80016.jpg','Thumb_80016.jpg','Match Sets',0,'10.00','7.00',2,'Red -:- XL','Size not complete',''),(68,'80028','80028 - Stretch satin open cup bra and open crotch thong with lace trim','Stretch satin open cup bra and open crotch thong with lace trim','80028.jpg','Thumb_80028.jpg','Match Sets',859,'10.50','7.50',2,'Pink/Black -:- S->Pink/Black -:- M->Pink/Black -:-','Size complete','Pink/Black -:- S->Pink/Black -:- M->Pink/Black -:-'),(69,'80033','80033 - Stretch lace keyhole tube top with adjustable straps and micro miniskirt','Stretch lace keyhole tube top with adjustable straps and micro miniskirt','80033.jpg','Thumb_80033.jpg','Match Sets',1989,'12.50','8.75',2,'Red -:- S->Red -:- M->Red -:- L->Red -:- XL','Size complete','Red -:- S->Red -:- M->Red -:- L->Red -:- XL'),(70,'80034','80034 - Stretch lace bra top and  skirt','Stretch lace bra top and  skirt','80034.jpg','Thumb_80034.jpg','Match Sets',1970,'12.50','8.75',2,'Mint -:- S->Mint -:- L->Mint -:- XL','Size not complete',''),(71,'80099','80099','','80099.jpg','Thumb_80099.jpg','Match Sets',0,'13.50','9.50',2,'Black/Red -:- S/M->Black/Red -:- M/L->Black/Red -:','Size complete','Black/Red -:- S/M->Black/Red -:- M/L->Black/Red -:'),(72,'80013','80013 - 2 piece lace bra top with matching side-cut short','2 piece lace bra top with matching side-cut short','80013.jpg','Thumb_80013.jpg','Match Sets',1889,'13.75','9.75',2,'Pink/Black -:- S/M->Pink/Black -:- M/L->Pink/Black','Size complete','Pink/Black -:- S/M->Pink/Black -:- M/L->Pink/Black'),(73,'80072','80072 - Sequined floral applique strappy 2 piece set includes underwire bra with adjustable straps and a thong panty','Sequined floral applique strappy 2 piece set includes underwire bra with adjustable straps and a thong panty','80072.jpg','Thumb_80072.jpg','Match Sets',0,'14.50','10.25',2,'Red -:- XL','Size not complete',''),(74,'80001','80001 - 2 piece set includes cami-garter and matching thong','2 piece set includes cami-garter and matching thong','80001.jpg','Thumb_80001.jpg','Match Sets',1980,'15.25','10.75',2,'Black -:- XL','Size not complete',''),(75,'80079','80079 - Embroidered daisy tattoo.  Bra has underwire cups&comma; adjustable straps&comma; back closure&comma; and cute multi colored bow accents.  Thong ties on both sides with multi colored ribbons','Embroidered daisy tattoo.  Bra has underwire cups&comma; adjustable straps&comma; back closure&comma; and cute multi colored bow accents.  Thong ties on both sides with multi colored ribbons','80079.jpg','Thumb_80079.jpg','Match Sets',0,'16.25','11.50',2,'White/Pink/Red -:- XL','Size not complete',''),(76,'80088','80088','','80088.jpg','Thumb_80088.jpg','Match Sets',0,'16.25','11.50',2,'Light Blue -:- S->Light Blue -:- M->Light Blue -:-','Size complete','Light Blue -:- S->Light Blue -:- M->Light Blue -:-'),(77,'80073','80073 - 2 piece lace underwire bra with matching g-string','2 piece lace underwire bra with matching g-string','80073.jpg','Thumb_80073.jpg','Match Sets',0,'17.00','12.00',2,'Black -:- XL','Size not complete',''),(78,'80020','80020 - Lace trimmed underwire bra and matching brief','Lace trimmed underwire bra and matching brief','80020.jpg','Thumb_80020.jpg','Match Sets',0,'17.75','12.50',2,'White -:- S','Size not complete',''),(79,'80090','80090','','80090.jpg','Thumb_80090.jpg','Match Sets',0,'18.50','13.00',2,'Black/Pink -:- S->Black/Pink -:- L->Black/Pink -:-','Size not complete',''),(80,'80017','80017','','80017.jpg','Thumb_80017.jpg','Match Sets',0,'20.00','14.00',2,'Pink -:- One Size->Pink -:- XL','Size complete','Pink -:- One Size->Pink -:- XL'),(81,'80012','80012 - 3 piece delicate lace flower trim triangle bra&comma; garterbelt and g-string','3 piece delicate lace flower trim triangle bra&comma; garterbelt and g-string','80012.jpg','Thumb_80012.jpg','Match Sets',0,'20.50','14.50',2,'Red/White -:- XL','Size not complete',''),(82,'80006','80006 - 3 piece set includes open cup lace bra&comma; split crotch panty&comma; and matching coat','3 piece set includes open cup lace bra&comma; split crotch panty&comma; and matching coat','80006.jpg','Thumb_80006.jpg','Match Sets',1959,'22.00','15.50',2,'White -:- One Size->White -:- XL','Size complete','White -:- One Size->White -:- XL'),(83,'80014','80014 - 2 piece flower embroidered bra top and matching short','2 piece flower embroidered bra top and matching short','80014.jpg','Thumb_80014.jpg','Match Sets',0,'25.00','17.50',2,'Pink -:- L','Size not complete',''),(84,'80035','80035','','80035.jpg','Thumb_80035.jpg','Match Sets',0,'27.00','19.00',2,'White -:- S/M->White -:- M/L->White -:- XL','Size complete','White -:- S/M->White -:- M/L->White -:- XL'),(85,'70012','70012 - Stretch lace tanga','Stretch lace tanga','70012.jpg','Thumb_70012.jpg','Panties / Thongs',892,'2.50','1.75',2,'Black -:- XL->Red -:- XL->White -:- XL','Size not complete',''),(86,'70030','70030 - Lace trimmed thong','Lace trimmed thong','70030.jpg','Thumb_70030.jpg','Panties / Thongs',0,'2.75','2.00',2,'Black/Lavender -:- XL','Size not complete',''),(87,'70021','70021 - Flower applique g-string','Flower applique g-string','70021.jpg','Thumb_70021.jpg','Panties / Thongs',1947,'2.00','1.50',2,'Red -:- XL','Size not complete',''),(88,'70018','70018 - G-string with applique lace front','G-string with applique lace front','70018.jpg','Thumb_70018.jpg','Panties / Thongs',0,'2.00','1.50',2,'White -:- XL','Size not complete',''),(89,'70022','70022 - Crotchless butterfly applique g-string','Crotchless butterfly applique g-string','70022.jpg','Thumb_70022.jpg','Panties / Thongs',1664,'2.75','2.00',2,'Black -:- One Size->Black -:- XL->Red -:- One Size','Size complete','Black -:- One Size->Black -:- XL->Red -:- One Size'),(90,'70020','70020 - Lace sheer g-string with beautiful pattern in the front','Lace sheer g-string with beautiful pattern in the front','70020.jpg','Thumb_70020.jpg','Panties / Thongs',0,'2.00','1.50',2,'Pink -:- XL','Size not complete',''),(91,'70023','70023 - Crotchless butterfly applique g-string','Crotchless butterfly applique g-string','70023.jpg','Thumb_70023.jpg','Panties / Thongs',1356,'2.00','1.50',2,'Red -:- One Size->Red -:- XL->Black -:- One Size->','Size complete','Red -:- One Size->Red -:- XL->Black -:- One Size->'),(92,'70002','70002 - Mesh thong with beautiful flower pattern','Mesh thong with beautiful flower pattern','70002.jpg','Thumb_70002.jpg','Panties / Thongs',1909,'2.00','1.50',2,'Pink -:- XL','Size not complete',''),(93,'70032','70032 - O-ring rhinestone g-string','O-ring rhinestone g-string','70032_1.jpg','Thumb_70032_1.jpg','Panties / Thongs',0,'5.25','3.75',2,'Lavender -:- XL','Size not complete',''),(94,'70033','70033 - Jeweled rhinestone T-back fashion g-string','Jeweled rhinestone T-back fashion g-string','70033_1.jpg','Thumb_70033_1.jpg','Panties / Thongs',0,'8.00','5.75',2,'Black -:- XL','Size not complete',''),(95,'70031','70031 - Bow design rhinestone g-string','Bow design rhinestone g-string','70031_1.jpg','Thumb_70031_1.jpg','Panties / Thongs',0,'10.00','7.00',2,'Pink -:- XL','Size not complete',''),(96,'70014','70014 - Marabou pompoms g-string','Marabou pompoms g-string','70014.jpg','Thumb_70014.jpg','Panties / Thongs',1984,'2.75','2.00',2,'Red -:- XL','Size not complete',''),(97,'70005','70005 - Flower applique side ribbon panty','Flower applique side ribbon panty','70005.jpg','Thumb_70005.jpg','Panties / Thongs',1948,'2.00','1.50',2,'Red/White -:- One Size->Red/White -:- XL','Size complete','Red/White -:- One Size->Red/White -:- XL'),(98,'70015','70015 - Sexy g-string with floral embroidery','Sexy g-string with floral embroidery','70015.jpg','Thumb_70015.jpg','Panties / Thongs',0,'2.00','1.50',2,'Green/White -:- XL','Size not complete',''),(99,'70004','70004 - Rose applique tie on the side panty','Rose applique tie on the side panty','70004.jpg','Thumb_70004.jpg','Panties / Thongs',1953,'2.00','1.50',2,'Yellow -:- XL','Size not complete',''),(100,'70027','70027 - Spider string g-string','Spider string g-string','70027.jpg','Thumb_70027.jpg','Panties / Thongs',0,'2.00','1.50',2,'Red -:- XL','Size not complete',''),(101,'70017','70017 - Butterfly applique g-string','Butterfly applique g-string','70017.jpg','Thumb_70017.jpg','Panties / Thongs',1805,'2.00','1.50',2,'Red -:- One Size->Red -:- XL','Size complete','Red -:- One Size->Red -:- XL'),(102,'70019','70019 - Stretch lace g-string with floral pattern','Stretch lace g-string with floral pattern','70019.jpg','Thumb_70019.jpg','Panties / Thongs',1881,'2.00','1.50',2,'Black -:- XL','Size not complete',''),(103,'70001','70001 - Lace thong with sheer flower pattern','Lace thong with sheer flower pattern','70001.jpg','Thumb_70001.jpg','Panties / Thongs',0,'2.75','2.00',2,'Black -:- XL','Size not complete',''),(104,'70026','70026 - Stretch lace tanga short','Stretch lace tanga short','70026_1.jpg','Thumb_70026_1.jpg','Panties / Thongs',1751,'3.50','2.50',2,'Light Pink -:- M/L->Light Pink -:- XL','Size not complete',''),(105,'70035','70035 - Jeweled rhinestone fashion g-string','Jeweled rhinestone fashion g-string','70035_1.jpg','Thumb_70035_1.jpg','Panties / Thongs',0,'6.00','4.25',2,'Fuchsia -:- XL','Size not complete',''),(106,'70013','70013 - Marabou pompoms front g-string','Marabou pompoms front g-string','70013.jpg','Thumb_70013.jpg','Panties / Thongs',1972,'2.00','1.50',2,'Red/White -:- XL','Size not complete',''),(107,'70006','70006 - Cross string front thong','Cross string front thong','70006.jpg','Thumb_70006.jpg','Panties / Thongs',0,'2.75','2.00',2,'Burgundy/Black -:- XL','Size not complete',''),(108,'70007','70007 - Lace open V thong','Lace open V thong','70007.jpg','Thumb_70007.jpg','Panties / Thongs',1744,'2.75','2.00',2,'White -:- XL->Red -:- One Size->Red -:- XL->Black ','Partial size complete','Red -:- One Size->Red -:- XL->Black -:- One Size->'),(109,'70008','70008 - Lace side ribbon thong','Lace side ribbon thong','70008.jpg','Thumb_70008.jpg','Panties / Thongs',1470,'2.75','2.00',2,'White -:- One Size->White -:- XL->Black -:- One Si','Partial size complete','White -:- One Size->White -:- XL->Pink -:- One Siz'),(110,'70016','70016 - Lace ruffle front g-string with ribbons','Lace ruffle front g-string with ribbons','70016_1.jpg','Thumb_70016_1.jpg','Panties / Thongs',1861,'4.25','3.00',2,'Pink -:- XL->Black -:- One Size->Black -:- XL','Partial size complete','Black -:- One Size->Black -:- XL'),(111,'70003','70003 - Lace trim mesh brief with ribbons','Lace trim mesh brief with ribbons','70003.jpg','Thumb_70003.jpg','Panties / Thongs',1932,'2.75','2.00',2,'Red/White -:- XL','Size not complete',''),(112,'70009','70009 - Stretch lace tanga short','Stretch lace tanga short','70009.jpg','Thumb_70009.jpg','Panties / Thongs',0,'2.75','2.00',2,'White -:- XL','Size not complete',''),(113,'70010','70010 - Tanga short with corset ribbon lace up front','Tanga short with corset ribbon lace up front','70010.jpg','Thumb_70010.jpg','Panties / Thongs',1700,'2.75','2.00',2,'Red -:- XL->Pink -:- One Size->Pink -:- XL->White ','Partial size complete','Pink -:- One Size->Pink -:- XL->White -:- One Size'),(114,'70036','70036 - Sexy stretch mesh thong panty with floral embroidery','Sexy stretch mesh thong panty with floral embroidery','70036.jpg','Thumb_70036.jpg','Panties / Thongs',0,'2.75','2.00',2,'White -:- One Size','Size not complete',''),(115,'70011','70011 - Crotchless oriental design thong','Crotchless oriental design thong','70011.jpg','Thumb_70011.jpg','Panties / Thongs',0,'5.50','4.00',2,'Fuchsia/Yellow -:- One Size->Fuchsia/Yellow -:- XL','Size complete','Fuchsia/Yellow -:- One Size->Fuchsia/Yellow -:- XL'),(116,'70025','70025 - Sheer lace g-string with rhinestone back','Sheer lace g-string with rhinestone back','70025_1.jpg','Thumb_70025_1.jpg','Panties / Thongs',1918,'6.00','4.25',2,'Pink -:- XL','Size not complete',''),(117,'70024','70024 - Intricate lace tanga short with corset ribbon lace up back','Intricate lace tanga short with corset ribbon lace up back','70024.jpg','Thumb_70024.jpg','Panties / Thongs',1824,'10.00','7.00',2,'Pink -:- M/L->Pink -:- XL->Black -:- S/M->Black -:','Partial size complete','Black -:- S/M->Black -:- M/L->Black -:- XL->Red -:'),(118,'80019','80019 - Chiffon short robe','Chiffon short robe','80019.jpg','Thumb_80019.jpg','Robes',0,'12.50','8.75',2,'Black -:- XL','Size not complete',''),(119,'80022','80022 - Tie wrap satin robe','Tie wrap satin robe','80022.jpg','Thumb_80022.jpg','Robes',1907,'20.00','14.00',2,'White -:- One Size->White -:- XL->Pink -:- One Siz','Size complete','White -:- One Size->White -:- XL->Pink -:- One Siz'),(120,'80080','80080 - Floral stretchable lace robe','Floral stretchable lace robe','80080.jpg','Thumb_80080.jpg','Robes',0,'33.00','23.25',2,'Black -:- XL','Size not complete',''),(121,'80086','80086 - Sparkly sheer 15 denier and lace ruffle thong teddy with elasticized straps and open back','Sparkly sheer 15 denier and lace ruffle thong teddy with elasticized straps and open back','80086.jpg','Thumb_80086.jpg','Teddies',0,'10.25','7.25',2,'Black/Red -:- XL','Size not complete',''),(122,'80084','80084 - Stretch mesh open bust teddy with open strappy front and back','Stretch mesh open bust teddy with open strappy front and back','80084_1.jpg','Thumb_80084_1.jpg','Teddies',1973,'11.25','8.00',2,'Hot Pink -:- One Size->Hot Pink -:- XL','Size complete','Hot Pink -:- One Size->Hot Pink -:- XL'),(123,'80095','80095 - Deep-U halter one piece bodysuit','Deep-U halter one piece bodysuit','80095.jpg','Thumb_80095.jpg','Teddies',1983,'12.50','8.75',2,'Red -:- S->Red -:- M->Red -:- L->Red -:- XL','Size complete','Red -:- S->Red -:- M->Red -:- L->Red -:- XL'),(124,'80098','80098 - Pee-ka-boo ruffle trim lace teddy','Pee-ka-boo ruffle trim lace teddy','80098.jpg','Thumb_80098.jpg','Teddies',1986,'15.25','10.75',2,'Rose Pink -:- S/M','Size not complete',''),(125,'80005','80005 - Open front lace teddy','Open front lace teddy','80005.jpg','Thumb_80005.jpg','Teddies',1,'15.25','10.75',2,'White -:- XL','Size not complete',''),(126,'80002','80002 - Soft cup full back teddyette.','Soft cup full back teddyette.','80002.jpg','Thumb_80002.jpg','Teddies',1921,'19.25','13.50',2,'Pink -:- S->Pink -:- M->Pink -:- L','Size not complete',''),(127,'80004','80004 - 3 piece set includes lace teddy with split cups&comma; split crotch and thong back.  Sheer coat is included','3 piece set includes lace teddy with split cups&comma; split crotch and thong back.  Sheer coat is included','80004.jpg','Thumb_80004.jpg','Teddies',1843,'22.50','15.75',2,'Black -:- S->Black -:- M->Black -:- L->Black -:- X','Size complete','Black -:- S->Black -:- M->Black -:- L->Black -:- X'),(128,'80008','80008 - Satin and lace open bust teddiette 2 piece set with crotch opening&comma; lace-up back and comes with gloves','Satin and lace open bust teddiette 2 piece set with crotch opening&comma; lace-up back and comes with gloves','80008_1.jpg','Thumb_80008_1.jpg','Teddies',1965,'22.50','15.75',2,'Red -:- S->Red -:- M','Size not complete',''),(129,'80117','80117 - Corset and matching g-string','Corset and matching g-string','80117.jpg','Thumb_80117.jpg','Bustiers / Corsets',1953,'21.00','14.75',2,'Black -:- S->Black -:- M->Black -:- L->Black -:- X','Size complete','Black -:- S->Black -:- M->Black -:- L->Black -:- X'),(130,'80121','80121 - Luxe brocade and satin corset with satin g-string','Luxe brocade and satin corset with satin g-string','80121.jpg','Thumb_80121.jpg','Bustiers / Corsets',1989,'27.75','19.50',2,'Black -:- S->Black -:- M->Black -:- L->Black -:- X','Size complete','Black -:- S->Black -:- M->Black -:- L->Black -:- X'),(131,'80124','80124 - Embroidered mesh merry widow and matching g-string','Embroidered mesh merry widow and matching g-string','80124.jpg','Thumb_80124.jpg','Bustiers / Corsets',1978,'19.00','10.50',2,'Black/Red -:- S->Black/Red -:- M->Black/Red -:- L-','Size complete','Black/Red -:- S->Black/Red -:- M->Black/Red -:- L-'),(132,'80128','80128 - Stretch velvet strapless short corset and thong','Stretch velvet strapless short corset and thong','80128.jpg','Thumb_80128.jpg','Bustiers / Corsets',1988,'21.00','10.25',2,'Red/Black -:- S/M->Red/Black -:- M/L->Red/Black -:','Size complete','Red/Black -:- S/M->Red/Black -:- M/L->Red/Black -:'),(133,'80103','80103 - Mesh cami with mini ruffle lace edges and matching bikini','Mesh cami with mini ruffle lace edges and matching bikini','80103.jpg','Thumb_80103.jpg','Camisoles',1993,'13.00','6.25',2,'Black/Red -:- XL','Size not complete',''),(134,'80106','80106 - Sheer and lace short ruffle cami and matching g-string','Sheer and lace short ruffle cami and matching g-string','80106.jpg','Thumb_80106.jpg','Camisoles',1998,'15.00','8.25',2,'Red -:- XL','Size not complete',''),(135,'80119','80119 - Off the shoulder lace top with hook and eye back and matching boy short','Off the shoulder lace top with hook and eye back and matching boy short','80119.jpg','Thumb_80119.jpg','Camisoles',1984,'28.75','20.25',2,'White -:- M/L->White -:- XL','Size not complete',''),(136,'80125','80125 - Mesh cami and matching g-string','Mesh cami and matching g-string','80125.jpg','Thumb_80125.jpg','Camisoles',1983,'14.00','6.50',2,'Black -:- One Size->Black -:- XL','Size complete','Black -:- One Size->Black -:- XL'),(137,'80126','80126 - Sheer ruffle cami and matching g-string','Sheer ruffle cami and matching g-string','80126.jpg','Thumb_80126.jpg','Camisoles',1990,'16.00','8.85',2,'Black -:- S/M->Black -:- M/L->Black -:- XL','Size complete','Black -:- S/M->Black -:- M/L->Black -:- XL'),(138,'80102','80102 - Sheer chemise with ruffle edge and matching side string bikini','Sheer chemise with ruffle edge and matching side string bikini','80102.jpg','Thumb_80102.jpg','Chemises / Mini Dresses',1991,'19.00','10.25',2,'Beige/Red -:- One Size->Beige/Red -:- XL','Size complete','Beige/Red -:- One Size->Beige/Red -:- XL'),(139,'80105','80105 - Chemise with lace-up back and matching g-string','Chemise with lace-up back and matching g-string','80105_1.jpg','Thumb_80105_1.jpg','Chemises / Mini Dresses',1975,'26.00','13.75',2,'White -:- M/L->White -:- XL','Size not complete',''),(140,'80107','80107 - Deep v marabou mini dress','Deep v marabou mini dress','80107.jpg','Thumb_80107.jpg','Chemises / Mini Dresses',1982,'22.75','15.95',2,'Black -:- XL','Size not complete',''),(141,'80110','80110 - Mesh chemise with lace and matching g-string','Mesh chemise with lace and matching g-string','80110.jpg','Thumb_80110.jpg','Chemises / Mini Dresses',1962,'18.50','13.00',2,'Red/Black -:- S/M->Red/Black -:- M/L->Red/Black -:','Size complete','Red/Black -:- S/M->Red/Black -:- M/L->Red/Black -:'),(142,'80111','80111 - Sheer front lace-up mini dress and matching g-string','Sheer front lace-up mini dress and matching g-string','80111.jpg','Thumb_80111.jpg','Chemises / Mini Dresses',1991,'19.75','10.15',2,'Black/Pink -:- S->Black/Pink -:- M->Black/Pink -:-','Size complete','Black/Pink -:- S->Black/Pink -:- M->Black/Pink -:-'),(143,'80112','80112 - Tied front satin mini dress','Tied front satin mini dress','80112.jpg','Thumb_80112.jpg','Chemises / Mini Dresses',1941,'23.50','16.50',2,'Pink -:- S/M->Pink -:- M/L->Pink -:- XL','Size complete','Pink -:- S/M->Pink -:- M/L->Pink -:- XL'),(144,'80113','80113 - Sheer chemise with lace embroidered edges and matching g-string','Sheer chemise with lace embroidered edges and matching g-string','80113.jpg','Thumb_80113.jpg','Chemises / Mini Dresses',1992,'14.50','10.25',2,'Ivory/Pink -:- XL','Size not complete',''),(145,'80115','80115 - Dotted sheer chemise with ruffle lace edges and matching g-string','Dotted sheer chemise with ruffle lace edges and matching g-string','80115.jpg','Thumb_80115.jpg','Chemises / Mini Dresses',1956,'18.00','9.95',2,'Red/Black -:- S->Red/Black -:- L->Red/Black -:- XL','Size not complete',''),(146,'80129','80129 - Stretch velvet kimono mini dress','Stretch velvet kimono mini dress','80129.jpg','Thumb_80129.jpg','Chemises / Mini Dresses',1941,'22.00','11.00',2,'Red/Black -:- S/M->Red/Black -:- M/L->Red/Black -:','Size complete','Red/Black -:- S/M->Red/Black -:- M/L->Red/Black -:'),(147,'80104','80104 - French maid teddy','French maid teddy','80104.jpg','Thumb_80104.jpg','Costumes',1989,'21.00','11.25',2,'Black/White -:- S/M->Black/White -:- M/L->Black/Wh','Size complete','Black/White -:- S/M->Black/White -:- M/L->Black/Wh'),(148,'80108','80108 - French maid ruffle dress and garter','French maid ruffle dress and garter','80108.jpg','Thumb_80108.jpg','Costumes',1986,'32.00','22.50',2,'Light Blue/White -:- S->Light Blue/White -:- M->Li','Size complete','Light Blue/White -:- S->Light Blue/White -:- M->Li'),(149,'80122','80122 - Sheer ruffle lace edge top with garter skirt and string bikini','Sheer ruffle lace edge top with garter skirt and string bikini','80122.jpg','Thumb_80122.jpg','Match Sets',1985,'15.00','7.25',2,'White/Red -:- One Size->White/Red -:- XL','Size complete','White/Red -:- One Size->White/Red -:- XL'),(150,'80127','80127 - Ruffle bandeau and side strings thong','Ruffle bandeau and side strings thong','80127.jpg','Thumb_80127.jpg','Match Sets',1988,'12.00','4.50',2,'Pink -:- XL','Size not complete',''),(151,'80161','80161 - Off the shoulder lace top and matching skirted thong','Off the shoulder lace top and matching skirted thong','80161.jpg','Thumb_80161.jpg','Match Sets',1988,'16.00','11.25',2,'Black -:- One Size->Black -:- XL','Size complete','Black -:- One Size->Black -:- XL'),(152,'80101','80101 - Stretch marabou bodysuit','Stretch marabou bodysuit','80101.jpg','Thumb_80101.jpg','Teddies',1986,'18.00','8.85',2,'Aqua -:- One Size->Aqua -:- XL','Size complete','Aqua -:- One Size->Aqua -:- XL'),(153,'80109','80109 - Satin edge turtleneck sheer teddy','Satin edge turtleneck sheer teddy','80109.jpg','Thumb_80109.jpg','Teddies',1961,'20.25','14.25',2,'Black -:- S/M->Black -:- M/L->Black -:- XL','Size complete','Black -:- S/M->Black -:- M/L->Black -:- XL'),(154,'80116','80116 - Halter cup less mesh teddy','Halter cup less mesh teddy','80116.jpg','Thumb_80116.jpg','Teddies',1975,'11.00','5.50',2,'Black -:- XL','Size not complete',''),(155,'80130','80130 - Sheer and lace baby doll with satin trim and matching thong','Sheer and lace baby doll with satin trim and matching thong','80130.jpg','Thumb_80130.jpg','Babydolls',1980,'7.75','5.50',2,'White -:- XL','Size not complete',''),(156,'80159','80159 - Sheer embroidered baby doll and matching g-string','Sheer embroidered baby doll and matching g-string','80159.jpg','Thumb_80159.jpg','Babydolls',1993,'21.75','15.25',2,'Black/Red -:- XL','Size not complete',''),(157,'80148','80148 - Corset with lace-up front and non attached sleeves&comma; adjustable straps and garters and matching g-string','Corset with lace-up front and non attached sleeves&comma; adjustable straps and garters and matching g-string','80148.jpg','Thumb_80148.jpg','Bustiers / Corsets',1971,'25.50','18.00',2,'Black -:- S/M->Black -:- M/L->Black -:- XL','Size complete','Black -:- S/M->Black -:- M/L->Black -:- XL'),(158,'80160','80160 - Embroidered mesh corset with lace-up back and matching g-string','Embroidered mesh corset with lace-up back and matching g-string','80160_1.jpg','Thumb_80160_1.jpg','Bustiers / Corsets',1968,'28.00','13.95',2,'White/Pink -:- S->White/Pink -:- M->White/Pink -:-','Size complete','White/Pink -:- S->White/Pink -:- M->White/Pink -:-'),(159,'80114','80114 - Flower baby doll and matching thong','Flower baby doll and matching thong','80114.jpg','Thumb_80114.jpg','Babydolls',1991,'21.75','15.25',2,'Black -:- One Size->Black -:- XL','Size complete','Black -:- One Size->Black -:- XL'),(160,'80120','80120 - Embroidered corset with underwire cups&comma; garter with front lace-up&comma; hook and eye back.   includes g-string','Embroidered corset with underwire cups&comma; garter with front lace-up&comma; hook and eye back.   includes g-string','80120.jpg','Thumb_80120.jpg','Bustiers / Corsets',1961,'25.50','18.00',2,'White/Black -:- S->White/Black -:- M->White/Black ','Size complete','White/Black -:- S->White/Black -:- M->White/Black '),(161,'80131','80131 - Deep v ring teddy','Deep v ring teddy','80131.jpg','Thumb_80131.jpg','Teddies',1978,'16.00','5.25',2,'White -:- One Size->White -:- XL','Size complete','White -:- One Size->White -:- XL'),(162,'80132','80132 - Sheer cami with 2 front side satin lace-up and matching side bow g-string','Sheer cami with 2 front side satin lace-up and matching side bow g-string','80132.jpg','Thumb_80132.jpg','Camisoles',1990,'19.00','10.50',2,'Black/White -:- XL','Size not complete',''),(163,'80136','80136 - Embroidered sheer underwire cami corset and matching g-string','Embroidered sheer underwire cami corset and matching g-string','80136.jpg','Thumb_80136.jpg','Bustiers / Corsets',1971,'18.00','7.95',2,'White -:- S->White -:- M->White -:- L->White -:- X','Size complete','White -:- S->White -:- M->White -:- L->White -:- X'),(164,'80137','80137 - Mesh bow with lace trim cami and matching g-string','Mesh bow with lace trim cami and matching g-string','80137.jpg','Thumb_80137.jpg','Camisoles',1986,'14.00','7.25',2,'Black/Light Blue -:- XL','Size not complete',''),(165,'80139','80139 - Satin cami with trim lace and matching boy short','Satin cami with trim lace and matching boy short','80139.jpg','Thumb_80139.jpg','Camisoles',0,'9.25','6.50',2,'White -:- XL','Size not complete',''),(166,'80140','80140 - Sheer metallic dots no wire triangle bra and thong tiny skirt','Sheer metallic dots no wire triangle bra and thong tiny skirt','80140.jpg','Thumb_80140.jpg','Match Sets',1997,'18.00','8.75',2,'White -:- XL','Size not complete',''),(167,'80142','80142 - Satin ruffle chemise','Satin ruffle chemise','80142.jpg','Thumb_80142.jpg','Chemises / Mini Dresses',1977,'22.00','12.15',2,'White/Pink -:- S/M->White/Pink -:- M/L->White/Pink','Size complete','White/Pink -:- S/M->White/Pink -:- M/L->White/Pink'),(168,'80151','80151 - Deep v halter teddy with applique','Deep v halter teddy with applique','80151.jpg','Thumb_80151.jpg','Teddies',1963,'7.50','5.25',2,'Baby Pink -:- S/M->Baby Pink -:- M/L->Baby Pink -:','Size complete','Baby Pink -:- S/M->Baby Pink -:- M/L->Baby Pink -:'),(169,'80154','80154 - Halter teddy with belt','Halter teddy with belt','80154.jpg','Thumb_80154.jpg','Teddies',1973,'15.00','5.25',2,'Grey -:- One Size->Grey -:- XL','Size complete','Grey -:- One Size->Grey -:- XL'),(170,'80155','80155 - Lace trim cami and low rise brief','Lace trim cami and low rise brief','80155.jpg','Thumb_80155.jpg','Camisoles',1981,'14.00','5.50',2,'Grey -:- XL','Size not complete',''),(171,'80156','80156 - Tropical deep v ring teddy','Tropical deep v ring teddy','80156_1.jpg','Thumb_80156_1.jpg','Teddies',1969,'16.00','7.50',2,'Multi Colors -:- One Size->Multi Colors -:- XL','Size complete','Multi Colors -:- One Size->Multi Colors -:- XL'),(172,'80157','80157 - Lace applique halter top and matching skirted thong','Lace applique halter top and matching skirted thong','80157.jpg','Thumb_80157.jpg','Match Sets',1958,'17.86','12.50',2,'White/Baby Pink -:- S/M->White/Baby Pink -:- M/L->','Size complete','White/Baby Pink -:- S/M->White/Baby Pink -:- M/L->'),(173,'80158','80158 - Lace up underwire plunge bra and side lace up panty','Lace up underwire plunge bra and side lace up panty','80158.jpg','Thumb_80158.jpg','Match Sets',1988,'12.00','6.00',2,'Pink -:- S->Pink -:- M->Pink -:- L->Pink -:- XL','Size complete','Pink -:- S->Pink -:- M->Pink -:- L->Pink -:- XL'),(174,'80162','80162 - Chemise with adjustable bow and thong','Chemise with adjustable bow and thong','80162.jpg','Thumb_80162.jpg','Chemises / Mini Dresses',0,'18.50','13.00',2,'Light Blue -:- XL','Size not complete',''),(175,'80165','80165 - Beautiful lace teddy with front corset style lacing. Closure has hook & eye with an open back','Beautiful lace teddy with front corset style lacing. Closure has hook & eye with an open back','80165.jpg','Thumb_80165.jpg','Teddies',1994,'21.25','11.00',2,'Black/Pink -:- XL','Size not complete',''),(176,'80171','80171 - Two piece floral printed baby doll and lace cups with matching g-string','Two piece floral printed baby doll and lace cups with matching g-string','80171.jpg','Thumb_80171.jpg','Babydolls',1985,'20.25','14.25',2,'Aqua -:- S->Aqua -:- M->Aqua -:- L->Aqua -:- XL','Size complete','Aqua -:- S->Aqua -:- M->Aqua -:- L->Aqua -:- XL'),(177,'80172','80172 - Two piece mesh and lace chemise with matching g-string','Two piece mesh and lace chemise with matching g-string','80172.jpg','Thumb_80172.jpg','Chemises / Mini Dresses',1986,'18.00','9.75',2,'Aqua -:- S->Aqua -:- L->Aqua -:- XL','Size not complete',''),(178,'80164','80164 - Two piece floral print baby doll with matching g-string','Two piece floral print baby doll with matching g-string','80164.jpg','Thumb_80164.jpg','Babydolls',1983,'9.50','6.75',2,'Multi Color -:- S->Multi Color -:- M->Multi Color ','Size complete','Multi Color -:- S->Multi Color -:- M->Multi Color '),(179,'80166','80166 - Two piece mesh and lace trim wrap baby doll with matching thong panty','Two piece mesh and lace trim wrap baby doll with matching thong panty','80166.jpg','Thumb_80166.jpg','Babydolls',1969,'22.00','9.95',2,'Peach -:- S->Peach -:- M->Peach -:- L->Peach -:- X','Size complete','Peach -:- S->Peach -:- M->Peach -:- L->Peach -:- X'),(180,'80202','80202 - Ruffle layers baby doll and matching g-string','Ruffle layers baby doll and matching g-string','80202.jpg','Thumb_80202.jpg','Babydolls',1964,'22.00','15.50',2,'Black -:- S->Black -:- M->Black -:- L->Black -:- X','Size complete','Black -:- S->Black -:- M->Black -:- L->Black -:- X'),(181,'80203','80203 - Mesh with applique bra shape baby doll and matching g-string','Mesh with applique bra shape baby doll and matching g-string','80203.jpg','Thumb_80203.jpg','Babydolls',0,'8.00','5.75',2,'Black/Green -:- M/L','Size not complete',''),(182,'80144','80144 - Marabou stretch corset with hook and eye front and matching thong','Marabou stretch corset with hook and eye front and matching thong','80144.jpg','Thumb_80144.jpg','Bustiers / Corsets',1970,'14.50','10.25',2,'Black -:- S/M->Black -:- M/L->Black -:- XL','Size complete','Black -:- S/M->Black -:- M/L->Black -:- XL'),(183,'80153','80153 - Stretch white lace up front corset with underwire cups and matching g-string','Stretch white lace up front corset with underwire cups and matching g-string','80153.jpg','Thumb_80153.jpg','Bustiers / Corsets',1983,'22.00','10.75',2,'Ivory -:- S/M->Ivory -:- M/L->Ivory -:- XL','Size complete','Ivory -:- S/M->Ivory -:- M/L->Ivory -:- XL'),(184,'80189','80189 - Satin corset with padded cups&comma; lace trim and bows with adjustable straps','Satin corset with padded cups&comma; lace trim and bows with adjustable straps','80189.jpg','Thumb_80189.jpg','Bustiers / Corsets',1986,'30.00','16.25',2,'Black/Pink -:- S->Black/Pink -:- M->Black/Pink -:-','Size not complete',''),(185,'80123','80123 - Mesh embroidered corset with underwire bra&comma; garter with lace top and matching g-string','Mesh embroidered corset with underwire bra&comma; garter with lace top and matching g-string','80123.jpg','Thumb_80123.jpg','Bustiers / Corsets',0,'12.75','8.95',2,'White -:- L','Size not complete',''),(186,'80118','80118 - Embroidered padded top bra cami and matching g-string','Embroidered padded top bra cami and matching g-string','80118.jpg','Thumb_80118.jpg','Camisoles',0,'17.25','12.15',2,'Black/Fuchsia -:- XL','Size not complete',''),(187,'80147','80147 - Embroidered cami with underwire bra ruffle and lace brief bikini','Embroidered cami with underwire bra ruffle and lace brief bikini','80147_1.jpg','Thumb_80147_1.jpg','Camisoles',1971,'16.00','7.75',2,'White -:- M/L->White -:- XL','Size not complete',''),(188,'80163','80163 - Two piece v-neck and ruffle trim with matching g-string','Two piece v-neck and ruffle trim with matching g-string','80163_1.jpg','Thumb_80163_1.jpg','Camisoles',1989,'19.00','9.95',2,'Black/Red -:- S/M->Black/Red -:- M/L->Black/Red -:','Size complete','Black/Red -:- S/M->Black/Red -:- M/L->Black/Red -:'),(189,'80167','80167 - Two piece scoop polka dot and white bow cami with matching thong panty','Two piece scoop polka dot and white bow cami with matching thong panty','80167.jpg','Thumb_80167.jpg','Camisoles',1985,'16.00','8.50',2,'Black/White -:- L->Black/White -:- XL','Size not complete',''),(190,'80168','80168 - Two piece v-neck floral lace/elastic trim cami with matching thong panty','Two piece v-neck floral lace/elastic trim cami with matching thong panty','80168.jpg','Thumb_80168.jpg','Camisoles',1988,'18.00','8.75',2,'Aqua -:- S/M->Aqua -:- M/L->Aqua -:- XL','Size complete','Aqua -:- S/M->Aqua -:- M/L->Aqua -:- XL'),(191,'80169','80169 - Two piece v-neck mesh cami with lace trim and matching brief','Two piece v-neck mesh cami with lace trim and matching brief','80169.jpg','Thumb_80169.jpg','Camisoles',0,'17.50','12.25',2,'White -:- S/M->White -:- M/L','Size not complete',''),(192,'80170','80170 - Two piece floral printed cami with adjustable straps and matching thong panty','Two piece floral printed cami with adjustable straps and matching thong panty','80170.jpg','Thumb_80170.jpg','Camisoles',1999,'18.00','9.95',2,'Pink/Yellow -:- XL','Size not complete',''),(193,'80175','80175 - Two piece mesh/lace cami&comma; lace up front&comma; and adjustable straps with matching thong panty','Two piece mesh/lace cami&comma; lace up front&comma; and adjustable straps with matching thong panty','80175.jpg','Thumb_80175.jpg','Camisoles',1996,'23.00','11.75',2,'Black/White -:- XL','Size not complete',''),(194,'80176','80176 - Two piece printed fabric lace trimmed cami and adjustable straps with matching thong panty','Two piece printed fabric lace trimmed cami and adjustable straps with matching thong panty','80176.jpg','Thumb_80176.jpg','Camisoles',1977,'12.00','8.50',2,'Red/Black -:- S/M->Red/Black -:- M/L->Red/Black -:','Size complete','Red/Black -:- S/M->Red/Black -:- M/L->Red/Black -:'),(195,'80178','80178 - Two piece meshed princess panels&comma; lace applique&comma; and adjustable straps with matching panty','Two piece meshed princess panels&comma; lace applique&comma; and adjustable straps with matching panty','80178.jpg','Thumb_80178.jpg','Camisoles',1975,'15.00','7.50',2,'Black/White -:- S/M->Black/White -:- M/L->Black/Wh','Size complete','Black/White -:- S/M->Black/White -:- M/L->Black/Wh'),(196,'80179','80179 - Two piece v-neck embroidered mesh and lace cami and adjustable straps with matching tanga panty','Two piece v-neck embroidered mesh and lace cami and adjustable straps with matching tanga panty','80179.jpg','Thumb_80179.jpg','Camisoles',1989,'16.00','7.95',2,'Peach -:- S->Peach -:- XL','Size not complete',''),(197,'80180','80180 - Two piece corset style cami with lace and woven ribbon&comma; hook & eye back&comma; padded cups&comma; under wire&comma; adjustable straps with matching thong','Two piece corset style cami with lace and woven ribbon&comma; hook & eye back&comma; padded cups&comma; under wire&comma; adjustable straps with matching thong','80180.jpg','Thumb_80180.jpg','Camisoles',1991,'11.25','8.00',2,'Black/Pink -:- S->Black/Pink -:- M->Black/Pink -:-','Size complete','Black/Pink -:- S->Black/Pink -:- M->Black/Pink -:-'),(198,'80181','80181 - Two piece mesh embroidered mid-drift cami with bow and adjustable straps with matching thong panty','Two piece mesh embroidered mid-drift cami with bow and adjustable straps with matching thong panty','80181.jpg','Thumb_80181.jpg','Camisoles',1967,'11.25','8.00',2,'White -:- S->White -:- M->White -:- L->White -:- X','Size complete','White -:- S->White -:- M->White -:- L->White -:- X'),(199,'80152','80152 - Sheer embroidered chemise with ruffle edge and g-string','Sheer embroidered chemise with ruffle edge and g-string','80152.jpg','Thumb_80152.jpg','Chemises / Mini Dresses',1989,'23.00','13.00',2,'Black/Red -:- One Size->Black/Red -:- XL','Size complete','Black/Red -:- One Size->Black/Red -:- XL'),(200,'80201','80201 - Lace tied front chemise and matching g-string','Lace tied front chemise and matching g-string','80201.jpg','Thumb_80201.jpg','Chemises / Mini Dresses',1951,'20.25','14.25',2,'Black -:- S->Black -:- M->Black -:- XL','Size not complete',''),(201,'80133','80133 - Embroidered balconnet corset bra and matching thong','Embroidered balconnet corset bra and matching thong','80133.jpg','Thumb_80133.jpg','Match Sets',0,'8.75','6.25',2,'Black/White -:- XL','Size not complete',''),(202,'80135','80135 - Tropical mesh and trim lace push up bra and matching thong','Tropical mesh and trim lace push up bra and matching thong','80135.jpg','Thumb_80135.jpg','Match Sets',1976,'15.00','6.50',2,'Multi Colors -:- S->Multi Colors -:- M->Multi Colo','Size complete','Multi Colors -:- S->Multi Colors -:- M->Multi Colo'),(203,'80141','80141 - Sheer embroidered underwire bra with matching cinch and little brief bikini','Sheer embroidered underwire bra with matching cinch and little brief bikini','80141.jpg','Thumb_80141.jpg','Match Sets',1990,'20.00','10.50',2,'Black -:- S/M->Black -:- M/L->Black -:- XL','Size complete','Black -:- S/M->Black -:- M/L->Black -:- XL'),(204,'80146','80146 - Halter triangle printed mesh and bikini with strings','Halter triangle printed mesh and bikini with strings','80146.jpg','Thumb_80146.jpg','Match Sets',1966,'14.00','5.25',2,'Multi Colors -:- XL','Size not complete',''),(205,'80150','80150 - Lace underwire bra and matching bikini','Lace underwire bra and matching bikini','80150.jpg','Thumb_80150.jpg','Match Sets',0,'12.00','5.50',2,'Fuchsia -:- XL','Size not complete',''),(206,'80174','80174 - Two piece lace bra&comma; under wire&comma; adjustable straps and wrap around tanga with bow trim','Two piece lace bra&comma; under wire&comma; adjustable straps and wrap around tanga with bow trim','80174.jpg','Thumb_80174.jpg','Match Sets',0,'14.00','9.95',2,'Black/Pink -:- XL','Size not complete',''),(207,'80186','80186 - Flower embroidered push up padded bra with matching thong panty','Flower embroidered push up padded bra with matching thong panty','80186.jpg','Thumb_80186.jpg','Match Sets',0,'10.50','7.50',2,'Burgundy -:- S','Size not complete',''),(208,'80187','80187 - Flower embroidered bra with matching thong panty','Flower embroidered bra with matching thong panty','80187.jpg','Thumb_80187.jpg','Match Sets',1993,'20.00','10.75',2,'Black -:- XL','Size not complete',''),(209,'80190','80190 - Flower embroidered applique on padded bra with matching g-string','Flower embroidered applique on padded bra with matching g-string','80190.jpg','Thumb_80190.jpg','Match Sets',999,'23.00','16.25',2,'Black -:- L','Size not complete',''),(210,'80191','80191 - Flower embroidered mesh padded bra and rhinestone eyelets on straps with matching g-string','Flower embroidered mesh padded bra and rhinestone eyelets on straps with matching g-string','80191.jpg','Thumb_80191.jpg','Match Sets',990,'18.00','9.00',2,'Black/Blue -:- S','Size not complete',''),(211,'70037','70037 - Embroidered boy short','Embroidered boy short','70037_1.jpg','Thumb_70037_1.jpg','Panties / Thongs',0,'4.25','3.00',2,'White -:- XL','Size not complete',''),(212,'80177','80177 - Mesh teddy with lace trim and adjustable straps','Mesh teddy with lace trim and adjustable straps','80177.jpg','Thumb_80177.jpg','Teddies',1984,'11.75','8.25',2,'Black -:- S/M','Size not complete',''),(213,'80183','80183 - Embroidered mesh with lace up front and adjustable straps','Embroidered mesh with lace up front and adjustable straps','80183.jpg','Thumb_80183.jpg','Teddies',0,'26.00','18.25',2,'Burgundy -:- XL','Size not complete',''),(214,'80184','80184 - Flower embroidered with V cut out and adjustable straps','Flower embroidered with V cut out and adjustable straps','80184_1.jpg','Thumb_80184_1.jpg','Teddies',1994,'30.00','15.50',2,'Blue/Aqua -:- L->Blue/Aqua -:- XL','Size not complete',''),(215,'80185','80185 - Flower embroidered mesh with lace up front and adjustable straps','Flower embroidered mesh with lace up front and adjustable straps','80185.jpg','Thumb_80185.jpg','Teddies',1983,'22.00','12.50',2,'Black/Blue -:- S->Black/Blue -:- XL','Size not complete',''),(216,'80188','80188 - Flower embroidered appliques and lace up front with cut out thong panty','Flower embroidered appliques and lace up front with cut out thong panty','80188_1.jpg','Thumb_80188_1.jpg','Teddies',1991,'27.00','12.50',2,'Black -:- XL','Size not complete',''),(217,'80182','80182 - Rhinestone flower bra and fringe with matching g-string','Rhinestone flower bra and fringe with matching g-string','80182.jpg','Thumb_80182.jpg','Chainmail / Rhinestone Lingerie',0,'55.50','39.00',4,'Silver -:- One Size','Out of stock',''),(218,'80192','80192 - Rhinestone Diamond Weave bra and fringe with matching g-string','Rhinestone Diamond Weave bra and fringe with matching g-string','80192.jpg','Thumb_80192.jpg','Chainmail / Rhinestone Lingerie',100,'55.50','39.00',4,'Silver -:- One Size','Size complete','Silver -:- One Size'),(219,'80193','80193 - Rhinestone Star and Flower bra with matching g-string','Rhinestone Star and Flower bra with matching g-string','80193.jpg','Thumb_80193.jpg','Chainmail / Rhinestone Lingerie',1986,'55.50','39.00',4,'Silver -:- One Size','Size complete','Silver -:- One Size'),(220,'80194','80194 - Rhinestone triangle bra with Cross&comma; fringe and matching g-string','Rhinestone triangle bra with Cross&comma; fringe and matching g-string','80194.jpg','Thumb_80194.jpg','Chainmail / Rhinestone Lingerie',0,'55.50','39.00',4,'Silver -:- One Size','Out of stock',''),(221,'80195','80195 - Rhinestone Circle and Flower bra with matching g-string','Rhinestone Circle and Flower bra with matching g-string','80195.jpg','Thumb_80195.jpg','Chainmail / Rhinestone Lingerie',1987,'50.00','35.00',4,'Silver -:- One Size','Size complete','Silver -:- One Size'),(222,'80196','80196 - Rhinestone triangle bra with matching g-string','Rhinestone triangle bra with matching g-string','80196.jpg','Thumb_80196.jpg','Chainmail / Rhinestone Lingerie',1986,'64.25','45.00',4,'Silver -:- One Size','Size complete','Silver -:- One Size'),(223,'80197','80197 - Rhinestone Sweetheart bra with matching g-string','Rhinestone Sweetheart bra with matching g-string','80197.jpg','Thumb_80197.jpg','Chainmail / Rhinestone Lingerie',0,'45.50','32.00',4,'Silver -:- One Size','Out of stock',''),(224,'80198','80198 - Rhinestone Cascade bra with matching g-string','Rhinestone Cascade bra with matching g-string','80198.jpg','Thumb_80198.jpg','Chainmail / Rhinestone Lingerie',1974,'55.50','39.00',4,'Silver -:- One Size','Size complete','Silver -:- One Size'),(225,'80199','80199 - Rhinestone large flower bra','Rhinestone large flower bra','80199.jpg','Thumb_80199.jpg','Chainmail / Rhinestone Lingerie',0,'25.50','18.00',4,'Silver -:- One Size','Out of stock',''),(226,'80200','80200 - Rhinestone fringe skirt with low V front (Bra top is not included)','Rhinestone fringe skirt with low V front (Bra top is not included)','80200.jpg','Thumb_80200.jpg','Chainmail / Rhinestone Lingerie',1975,'68.50','48.00',4,'Silver -:- One Size','Size complete','Silver -:- One Size'),(227,'80134','80134 - Lace stripes underwire padded bra and low rise hipster bikini','Lace stripes underwire padded bra and low rise hipster bikini','80134.jpg','Thumb_80134.jpg','Match Sets',1984,'14.00','5.50',2,'Black/White -:- XL','Size not complete',''),(228,'80149','80149 - Padded bra&comma; side lace-up garter and matching g-string','Padded bra&comma; side lace-up garter and matching g-string','80149.jpg','Thumb_80149.jpg','Match Sets',1963,'20.00','9.95',2,'Brown -:- S->Brown -:- M->Brown -:- L->Brown -:- X','Size complete','Brown -:- S->Brown -:- M->Brown -:- L->Brown -:- X'),(229,'80143','80143 - Lace bra corset teddy','Lace bra corset teddy','80143_1.jpg','Thumb_80143_1.jpg','Teddies',1956,'16.00','6.50',2,'Black -:- S/M->Black -:- M/L->Black -:- XL','Size complete','Black -:- S/M->Black -:- M/L->Black -:- XL'),(230,'80145','80145 - Balconnet underwire lace bra and matching lace low rise bikini','Balconnet underwire lace bra and matching lace low rise bikini','80145.jpg','Thumb_80145.jpg','Match Sets',1931,'16.00','7.75',2,'Black -:- L->Black -:- XL','Size not complete',''),(231,'80138','80138 - Embroidered sheer and underwire lace bra and matching boy short','Embroidered sheer and underwire lace bra and matching boy short','80138.jpg','Thumb_80138.jpg','Match Sets',0,'11.25','7.95',2,'Black/Red -:- S->Black/Red -:- M','Size not complete',''),(232,'80245','80245 - Curved halter teddy with strappy ties and ring embellishments','Curved halter teddy with strappy ties and ring embellishments','80245.jpg','Thumb_80245.jpg','Teddies',0,'15.00','7.95',2,'Red/Black -:- M/L->Red/Black -:- XL','Size not complete',''),(233,'80246','80246 - Open front teddy with cross ties from crotch to around neck','Open front teddy with cross ties from crotch to around neck','80246.jpg','Thumb_80246.jpg','Teddies',0,'11.25','7.95',2,'Red -:- XL','Size not complete',''),(234,'80251','80251 - Bandeau top sectioned suit with rings down center front','Bandeau top sectioned suit with rings down center front','80251.jpg','Thumb_80251.jpg','Teddies',0,'14.00','7.50',2,'Black -:- S/M','Size not complete',''),(235,'80250','80250 - Teddy with center front keyhole that ties up.','Teddy with center front keyhole that ties up.','80250.jpg','Thumb_80250.jpg','Teddies',1986,'18.00','9.50',2,'Red -:- S/M->Red -:- M/L','Size not complete',''),(236,'80242','80242 - French maid nighty.  Dot net mesh with stretch lace detail on bust and straps.  Satin inset on center bodice.  Lace trim on hemline.  Matching satin apron and thong','French maid nighty.  Dot net mesh with stretch lace detail on bust and straps.  Satin inset on center bodice.  Lace trim on hemline.  Matching satin apron and thong','80242.jpg','Thumb_80242.jpg','Costumes',0,'15.00','10.50',2,'Black/White -:- S/M','Size not complete',''),(237,'80243','80243 - Black and red corset dress with lace up front.  White scalloped lace bra and bodice. Matchig thong','Black and red corset dress with lace up front.  White scalloped lace bra and bodice. Matchig thong','80243.jpg','Thumb_80243.jpg','Costumes',0,'17.75','12.50',2,'Black/White/Red -:- S->Black/White/Red -:- M->Blac','Size complete','Black/White/Red -:- S->Black/White/Red -:- M->Blac'),(238,'80252','80252 - Dot net cover up with deep v-neck line','Dot net cover up with deep v-neck line','80252.jpg','Thumb_80252.jpg','Chemises / Mini Dresses',0,'9.50','6.75',2,'Black -:- S/M->Black -:- M/L','Size not complete',''),(239,'80253','80253 - Open front fitted short sleeve camisole with horizontal straps through center and sleeve caps. Matching thong','Open front fitted short sleeve camisole with horizontal straps through center and sleeve caps. Matching thong','80253.jpg','Thumb_80253.jpg','Chemises / Mini Dresses',1986,'20.00','11.75',2,'Black -:- S/M->Black -:- M/L->Black -:- XL->Red -:','Size complete','Black -:- S/M->Black -:- M/L->Black -:- XL->Red -:'),(240,'80244','80244 - Stretch camisole with matching bikini panty and lace trim.  Adjustable bra straps','Stretch camisole with matching bikini panty and lace trim.  Adjustable bra straps','80244.jpg','Thumb_80244.jpg','Camisoles',1972,'12.00','8.50',2,'Black/Red -:- S/M->Black/Red -:- M/L','Size not complete',''),(241,'80247','80247 - Dot net baby doll with under wire strappy open cup bra with lace detail over cup. Matching thong','Dot net baby doll with under wire strappy open cup bra with lace detail over cup. Matching thong','80247.jpg','Thumb_80247.jpg','Chemises / Mini Dresses',0,'19.00','7.25',2,'Black/Red -:- S/M','Size not complete',''),(242,'80248','80248 - Halter bikini top with bikini bottoms','Halter bikini top with bikini bottoms','80248.jpg','Thumb_80248.jpg','Match Sets',0,'11.00','7.80',2,'Black -:- M/L','Size not complete',''),(243,'80257','80257 - From Sensual Mystique Premium Collection. Embroidered floral teddy with open front design with floral lace garters.  Padded&comma; underwired top with adjustable straps','From Sensual Mystique Premium Collection. Embroidered floral teddy with open front design with floral lace garters.  Padded&comma; underwired top with adjustable straps','80257_1.jpg','Thumb_80257_1.jpg','Teddies',1964,'22.00','10.75',2,'Pink -:- 34B->Pink -:- 34C->Pink -:- 36C->Pink -:-','Size not complete',''),(244,'80256','80256 - Mesh chemise with rhinestone-lined details and underwired padded cups.  Ruffled cups and bottom edge.  Hook and eye back closure.  Adjustable rhinestone straps. Matching thong is inlcuded','Mesh chemise with rhinestone-lined details and underwired padded cups.  Ruffled cups and bottom edge.  Hook and eye back closure.  Adjustable rhinestone straps. Matching thong is inlcuded','80256.jpg','Thumb_80256.jpg','Chemises / Mini Dresses',1959,'29.50','20.75',2,'Black -:- S','Size not complete',''),(245,'80255','80255 - Heart mesh camisole with ribbon laced trimmed&comma; underwired padded cups and adjustable straps.  Hook and eye back closure for top support.  Comes with matching','Heart mesh camisole with ribbon laced trimmed&comma; underwired padded cups and adjustable straps.  Hook and eye back closure for top support.  Comes with matching','80255.jpg','Thumb_80255.jpg','Camisoles',1906,'21.00','14.75',2,'Black -:- S->Black -:- M->Black -:- L->Black -:- X','Size complete','Black -:- S->Black -:- M->Black -:- L->Black -:- X'),(246,'80254','80254 - 3 piece set.  Double-layered mesh camisole with rhinestone ruffled cups.  Adjustable rhinestone straps.  Padded&comma; underwired cups with hook and eye back closure. Come with garter belt and thong','3 piece set.  Double-layered mesh camisole with rhinestone ruffled cups.  Adjustable rhinestone straps.  Padded&comma; underwired cups with hook and eye back closure. Come with garter belt and thong','80254.jpg','Thumb_80254.jpg','Camisoles',1968,'36.75','25.75',2,'Black -:- S->Black -:- M->Black -:- L->Black -:- X','Size complete','Black -:- S->Black -:- M->Black -:- L->Black -:- X'),(247,'80299','80299 - From Sensual Mystique Premium Collection. Rhinestone bra and thong set','From Sensual Mystique Premium Collection. Rhinestone bra and thong set','80299.jpg','Thumb_80299.jpg','Chainmail / Rhinestone Lingerie',0,'69.75','48.99',4,'Silver -:- One Size','Out of stock',''),(248,'80300','80300 - From Sensual Mystique Premium Collection. Rhinestone Butterfly bra and thong set','From Sensual Mystique Premium Collection. Rhinestone Butterfly bra and thong set','80300.jpg','Thumb_80300.jpg','Chainmail / Rhinestone Lingerie',0,'63.00','44.25',4,'Silver/Cherry Red -:- One Size','Out of stock',''),(249,'80301','80301 - From Sensual Mystique Premium Collection. Rhinestone bra and thong set','From Sensual Mystique Premium Collection. Rhinestone bra and thong set','80301.jpg','Thumb_80301.jpg','Chainmail / Rhinestone Lingerie',1984,'57.00','39.99',4,'Silver -:- One Size','Size complete','Silver -:- One Size'),(250,'80302','80302 - From Sensual Mystique Premium Collection. Rhinestone bra and thong set','From Sensual Mystique Premium Collection. Rhinestone bra and thong set','80302.jpg','Thumb_80302.jpg','Chainmail / Rhinestone Lingerie',0,'57.00','39.99',4,'Silver -:- One Size','Out of stock',''),(251,'80303','80303 - From Sensual Mystique Premium Collection. Rhinestone Hot Lip bra and thong set','From Sensual Mystique Premium Collection. Rhinestone Hot Lip bra and thong set','80303.jpg','Thumb_80303.jpg','Chainmail / Rhinestone Lingerie',0,'57.00','39.99',4,'Silver/Red -:- One Size','Out of stock',''),(252,'80304','80304 - From Sensual Mystique Premium Collection. Rhinestone Floral bra and thong set','From Sensual Mystique Premium Collection. Rhinestone Floral bra and thong set','80304.jpg','Thumb_80304.jpg','Chainmail / Rhinestone Lingerie',0,'49.25','34.50',4,'Silver -:- One Size','Out of stock',''),(253,'80305','80305 - From Sensual Mystique Premium Collection. Rhinestone bra and thong set','From Sensual Mystique Premium Collection. Rhinestone bra and thong set','80305.jpg','Thumb_80305.jpg','Chainmail / Rhinestone Lingerie',0,'84.50','59.25',4,'Silver -:- One Size','Out of stock',''),(254,'80307','80307 - From Sensual Mystique Premium Collection. Rhinestone bra and thong set','From Sensual Mystique Premium Collection. Rhinestone bra and thong set','80307.jpg','Thumb_80307.jpg','Chainmail / Rhinestone Lingerie',0,'59.75','41.99',4,'Silver -:- One Size','Out of stock',''),(255,'80308','80308 - From Sensual Mystique Premium Collection. Rhinestone bra and thong set','From Sensual Mystique Premium Collection. Rhinestone bra and thong set','80308.jpg','Thumb_80308.jpg','Chainmail / Rhinestone Lingerie',0,'57.75','40.50',4,'Silver -:- One Size','Out of stock',''),(256,'80309','80309 - From Sensual Mystique Premium Collection. Rhinestone bra and thong set','From Sensual Mystique Premium Collection. Rhinestone bra and thong set','80309.jpg','Thumb_80309.jpg','Chainmail / Rhinestone Lingerie',0,'71.75','50.25',4,'Silver -:- One Size','Out of stock',''),(257,'80310','80310 - From Sensual Mystique Premium Collection. Rhinestone bra and thong set','From Sensual Mystique Premium Collection. Rhinestone bra and thong set','80310.jpg','Thumb_80310.jpg','Chainmail / Rhinestone Lingerie',0,'49.25','34.50',4,'Silver -:- One Size','Out of stock',''),(258,'80311','80311 - From Sensual Mystique Premium Collection. Rhinestone bra and thong set','From Sensual Mystique Premium Collection. Rhinestone bra and thong set','80311.jpg','Thumb_80311.jpg','Chainmail / Rhinestone Lingerie',0,'58.75','41.25',4,'Silver -:- One Size','Out of stock',''),(259,'80312','80312 - From Sensual Mystique Premium Collection. Rhinestone Sexy Bow bra and thong set','From Sensual Mystique Premium Collection. Rhinestone Sexy Bow bra and thong set','80312.jpg','Thumb_80312.jpg','Chainmail / Rhinestone Lingerie',0,'63.00','44.25',4,'Silver/Blue -:- One Size','Out of stock',''),(260,'80313','80313 - From Sensual Mystique Premium Collection. Rhinestone halter bra and thong set','From Sensual Mystique Premium Collection. Rhinestone halter bra and thong set','80313.jpg','Thumb_80313.jpg','Chainmail / Rhinestone Lingerie',0,'63.00','44.25',4,'Gold -:- One Size','Out of stock',''),(261,'80314','80314 - From Sensual Mystique Premium Collection. Rhinestone Hearts bra and thong set','From Sensual Mystique Premium Collection. Rhinestone Hearts bra and thong set','80314.jpg','Thumb_80314.jpg','Chainmail / Rhinestone Lingerie',0,'55.50','38.99',4,'Silver/Cherry Red -:- One Size','Out of stock',''),(262,'80315','80315 - From Sensual Mystique Premium Collection. Rhinestone bra and thong set','From Sensual Mystique Premium Collection. Rhinestone bra and thong set','80315.jpg','Thumb_80315.jpg','Chainmail / Rhinestone Lingerie',0,'75.00','52.50',4,'Silver -:- One Size','Out of stock',''),(263,'80316','80316 - From Sensual Mystique Premium Collection. Rhinestone bra with fringes and thong set','From Sensual Mystique Premium Collection. Rhinestone bra with fringes and thong set','80316.jpg','Thumb_80316.jpg','Chainmail / Rhinestone Lingerie',0,'61.00','42.75',4,'Silver -:- One Size','Out of stock',''),(264,'80317','80317 - From Sensual Mystique Premium Collection. Rhinestone bra and thong set','From Sensual Mystique Premium Collection. Rhinestone bra and thong set','80317.jpg','Thumb_80317.jpg','Chainmail / Rhinestone Lingerie',0,'62.00','43.50',4,'Silver -:- One Size','Out of stock',''),(265,'80318','80318 - From Sensual Mystique Premium Collection. Rhinestone bra and thong set','From Sensual Mystique Premium Collection. Rhinestone bra and thong set','80318.jpg','Thumb_80318.jpg','Chainmail / Rhinestone Lingerie',0,'69.50','48.75',4,'Silver -:- One Size','Out of stock',''),(266,'80274','80274 - From Sensual Mystique Premium Collection. Floral embroidered bra top with matching thong','From Sensual Mystique Premium Collection. Floral embroidered bra top with matching thong','80274.jpg','Thumb_80274.jpg','Match Sets',1972,'24.00','12.99',2,'Pink -:- 34B->Pink -:- 34C->Pink -:- 36C->Pink -:-','Size not complete',''),(267,'80275','80275 - From Sensual Mystique Premium Collection. Lace bustier with bow treatment and matching thong','From Sensual Mystique Premium Collection. Lace bustier with bow treatment and matching thong','80275.jpg','Thumb_80275.jpg','Bustiers / Corsets',1965,'34.00','23.90',2,'Nude -:- S->Nude -:- M->Nude -:- L->Nude -:- XL','Size complete','Nude -:- S->Nude -:- M->Nude -:- L->Nude -:- XL'),(268,'80258','80258 - Lace and mesh top with underwired cups. Lace up front. Adjustable straps. With matching thongs','Lace and mesh top with underwired cups. Lace up front. Adjustable straps. With matching thongs','80258.jpg','Thumb_80258.jpg','Bustiers / Corsets',1809,'24.25','16.99',2,'Black/Pink -:- S->Black/Pink -:- M->Black/Pink -:-','Size complete','Black/Pink -:- S->Black/Pink -:- M->Black/Pink -:-'),(269,'80259','80259 - Lace and microfiber bustier. Underwired cups. Adjustable straps. Front hook and eye closure. With matching thong','Lace and microfiber bustier. Underwired cups. Adjustable straps. Front hook and eye closure. With matching thong','80259.jpg','Thumb_80259.jpg','Bustiers / Corsets',1984,'31.50','21.99',2,'Black -:- S->Black -:- M->Black -:- XL','Size not complete',''),(270,'80260','80260 - Lace trimmed&comma; microfiber bustier with satin bow treatment. Strapless with back closure. With matching thong','Lace trimmed&comma; microfiber bustier with satin bow treatment. Strapless with back closure. With matching thong','80260.jpg','Thumb_80260.jpg','Bustiers / Corsets',1847,'31.25','21.99',2,'Black/Pink -:- S->Black/Pink -:- M->Black/Pink -:-','Size complete','Black/Pink -:- S->Black/Pink -:- M->Black/Pink -:-'),(271,'80261','80261 - Lace and vinyl bustier with adjustable garter belts. Adjustable shoulder straps. Lace up front. With matching thong','Lace and vinyl bustier with adjustable garter belts. Adjustable shoulder straps. Lace up front. With matching thong','80261.jpg','Thumb_80261.jpg','Bustiers / Corsets',1973,'25.50','17.99',2,'Black -:- S->Black -:- M->Black -:- L->Black -:- X','Size complete','Black -:- S->Black -:- M->Black -:- L->Black -:- X'),(272,'80262','80262 - Strapless&comma; lace cami top with lace up front. Underwired cups. With matching boy thong panty','Strapless&comma; lace cami top with lace up front. Underwired cups. With matching boy thong panty','80262_1.jpg','Thumb_80262_1.jpg','Camisoles',1934,'24.25','16.99',2,'Black -:- S->Black -:- M->Black -:- L->Black -:- X','Size complete','Black -:- S->Black -:- M->Black -:- L->Black -:- X'),(273,'80263','80263 - Lace trimmed&comma; cami bra top with back closure. Adjustable straps. Underwired cups. With matching lace boy shorts','Lace trimmed&comma; cami bra top with back closure. Adjustable straps. Underwired cups. With matching lace boy shorts','80263.jpg','Thumb_80263.jpg','Camisoles',0,'25.50','17.99',2,'Red/Black -:- S->Red/Black -:- L->Red/Black -:- XL','Size not complete',''),(274,'80264','80264 - Lace teddy with underwired cups. Adjustable straps','Lace teddy with underwired cups. Adjustable straps','80264.jpg','Thumb_80264.jpg','Teddies',1942,'18.50','12.99',2,'Black -:- S->Black -:- M->Black -:- L->Black -:- X','Size complete','Black -:- S->Black -:- M->Black -:- L->Black -:- X'),(275,'80265','80265 - Satin bustier with underwired cups. Adjustable straps. Hook and eye front closure. With matching thong','Satin bustier with underwired cups. Adjustable straps. Hook and eye front closure. With matching thong','80265.jpg','Thumb_80265.jpg','Bustiers / Corsets',0,'28.50','19.99',2,'Red -:- XL','Size not complete',''),(276,'80266','80266 - Floral&comma; stretch lace babydoll with lace up on the sides. Adjustable straps. With matching thong','Floral&comma; stretch lace babydoll with lace up on the sides. Adjustable straps. With matching thong','80266_1.jpg','Thumb_80266_1.jpg','Chemises / Mini Dresses',0,'19.75','13.99',2,'Shades of Red and Purple -:- S/M->Shades of Red an','Size not complete',''),(277,'80267','80267 - Lace and mesh bustier. Adjustable straps. Front hook and eye closure. With matching thong','Lace and mesh bustier. Adjustable straps. Front hook and eye closure. With matching thong','80267.jpg','Thumb_80267.jpg','Bustiers / Corsets',1972,'21.25','14.99',2,'White/Black -:- S->White/Black -:- M->White/Black ','Size complete','White/Black -:- S->White/Black -:- M->White/Black '),(278,'80268','80268 - Ruffled&comma; microfiber bra with adjustable straps and back closure. With matching adjustable garter belts and thong','Ruffled&comma; microfiber bra with adjustable straps and back closure. With matching adjustable garter belts and thong','80268.jpg','Thumb_80268.jpg','Match Sets',1953,'21.25','14.99',2,'Black -:- S->Black -:- M->Black -:- L->Black -:- X','Size complete','Black -:- S->Black -:- M->Black -:- L->Black -:- X'),(279,'80269','80269 - Strapless jacquard bustier with zippered front. With matching thong','Strapless jacquard bustier with zippered front. With matching thong','80269_1.jpg','Thumb_80269_1.jpg','Bustiers / Corsets',0,'29.99','20.99',2,'Black/White -:- XL','Size not complete',''),(280,'80270','80270 - Floral lace babydoll. Mesh trim bottom edge with satin bow. Matching thong included','Floral lace babydoll. Mesh trim bottom edge with satin bow. Matching thong included','80270_1.jpg','Thumb_80270_1.jpg','Chemises / Mini Dresses',1959,'19.75','13.99',2,'White/Black -:- M/L->White/Black -:- XL','Size not complete',''),(281,'80271','80271 - Embroidered lace bustier with lace up front. Underwired cups with adjustable straps. With matching thong','Embroidered lace bustier with lace up front. Underwired cups with adjustable straps. With matching thong','80271_1.jpg','Thumb_80271_1.jpg','Bustiers / Corsets',1880,'28.50','19.99',2,'White/Purple -:- S->White/Purple -:- L->White/Purp','Size not complete',''),(282,'80272','80272 - Embroidered sheer chemise with satin bow. Adjustable straps. With matching thong','Embroidered sheer chemise with satin bow. Adjustable straps. With matching thong','80272.jpg','Thumb_80272.jpg','Chemises / Mini Dresses',1942,'22.75','15.99',2,'Floral White/Black Turquoise -:- S->Floral White/B','Size complete','Floral White/Black Turquoise -:- S->Floral White/B'),(283,'80273','80273 - Floral stretch lace with attached bra. Underwired cups with back closure. With matching thong','Floral stretch lace with attached bra. Underwired cups with back closure. With matching thong','80273.jpg','Thumb_80273.jpg','Chemises / Mini Dresses',1947,'19.75','13.99',2,'Black -:- S->Black -:- M->Black -:- L->Black -:- X','Size complete','Black -:- S->Black -:- M->Black -:- L->Black -:- X'),(284,'80276','80276 - Camisole bustier with small ruffles on neckline and straps. Flower embroidery on center of camisole. With matching thong. Adjustable straps. Hook and eye back closure','Camisole bustier with small ruffles on neckline and straps. Flower embroidery on center of camisole. With matching thong. Adjustable straps. Hook and eye back closure','80276.jpg','Thumb_80276.jpg','Bustiers / Corsets',1953,'28.50','19.99',2,'Blue -:- S->Blue -:- M->Blue -:- L->Blue -:- XL','Size complete','Blue -:- S->Blue -:- M->Blue -:- L->Blue -:- XL'),(285,'80277','80277 - Lace babydoll with empire waist and satin ribbon. With matching thong','Lace babydoll with empire waist and satin ribbon. With matching thong','80277_1.jpg','Thumb_80277_1.jpg','Chemises / Mini Dresses',0,'21.25','14.99',2,'Black/Blue -:- M/L','Size not complete',''),(286,'80278','80278 - Bustier top and panty with 2 rows of satin ruffles on bra and panty.  Panty has small bows on sides. Underwired lightly padded cups. Hook and eye back closure','Bustier top and panty with 2 rows of satin ruffles on bra and panty.  Panty has small bows on sides. Underwired lightly padded cups. Hook and eye back closure','80278_1.jpg','Thumb_80278_1.jpg','Bustiers / Corsets',0,'27.00','18.99',2,'Blue -:- L->Blue -:- XL','Size not complete',''),(287,'80279','80279 - Dot net lace camisole with matching panty','Dot net lace camisole with matching panty','80279.jpg','Thumb_80279.jpg','Camisoles',1995,'24.25','16.99',2,'Black -:- XL->Red -:- XL','Size not complete',''),(288,'80280','80280 - Flyaway camisole with underwired cups.  Ruffles along opening of camisole and matching thong','Flyaway camisole with underwired cups.  Ruffles along opening of camisole and matching thong','80280.jpg','Thumb_80280.jpg','Babydolls',989,'28.50','19.99',2,'Hot Pink -:- S/M->Hot Pink -:- M/L->Hot Pink -:- X','Size complete','Hot Pink -:- S/M->Hot Pink -:- M/L->Hot Pink -:- X'),(289,'80281','80281 - Lightweight satin and chiffon camisole with soft cups.  Satin stripes down the center of top. Panty has stripe on sides','Lightweight satin and chiffon camisole with soft cups.  Satin stripes down the center of top. Panty has stripe on sides','80281.jpg','Thumb_80281.jpg','Camisoles',1989,'19.75','13.99',2,'Black -:- S/M->Black -:- M/L->Black -:- XL','Size complete','Black -:- S/M->Black -:- M/L->Black -:- XL'),(290,'80282','80282 - Pleated babydoll chiffon with lace on top edge of soft cups. With matching thong','Pleated babydoll chiffon with lace on top edge of soft cups. With matching thong','80282_1.jpg','Thumb_80282_1.jpg','Babydolls',1755,'32.75','22.99',2,'Pink -:- S/M->Pink -:- M/L->Pink -:- XL','Size complete','Pink -:- S/M->Pink -:- M/L->Pink -:- XL'),(291,'80283','80283 - Fitted pleated camisole with underwired eyelet demi bra and micro skirt with lettice edges. Microskirt with attached thong','Fitted pleated camisole with underwired eyelet demi bra and micro skirt with lettice edges. Microskirt with attached thong','80283_1.jpg','Thumb_80283_1.jpg','Camisoles',1884,'25.50','17.99',2,'Deep Pink -:- S->Deep Pink -:- M->Deep Pink -:- L-','Size complete','Deep Pink -:- S->Deep Pink -:- M->Deep Pink -:- L-'),(292,'80284','80284 - Dot camisole bustier with underwire bra and matching panty.  Pink colored boning on camisole and panty. Hook and eye back closure. Adjustable straps','Dot camisole bustier with underwire bra and matching panty.  Pink colored boning on camisole and panty. Hook and eye back closure. Adjustable straps','80284.jpg','Thumb_80284.jpg','Bustiers / Corsets',1965,'27.00','18.99',2,'Black/Pink -:- S->Black/Pink -:- M->Black/Pink -:-','Size complete','Black/Pink -:- S->Black/Pink -:- M->Black/Pink -:-'),(293,'80285','80285 - Fitted baby doll with lace on neckline and bust line.  Ruffles on hem and panty','Fitted baby doll with lace on neckline and bust line.  Ruffles on hem and panty','80285.jpg','Thumb_80285.jpg','Chemises / Mini Dresses',1970,'21.25','14.99',2,'Hot Pink -:- S/M->Hot Pink -:- M/L->Hot Pink -:- X','Size complete','Hot Pink -:- S/M->Hot Pink -:- M/L->Hot Pink -:- X'),(294,'80286','80286 - Lace cup camisole with sequined on bodice and panty Lightly padded cups. No underwire','Lace cup camisole with sequined on bodice and panty Lightly padded cups. No underwire','80286.jpg','Thumb_80286.jpg','Camisoles',1981,'25.50','17.99',2,'Hot Pink -:- S/M->Hot Pink -:- M/L->Hot Pink -:- X','Size complete','Hot Pink -:- S/M->Hot Pink -:- M/L->Hot Pink -:- X'),(295,'80287','80287 - Lace underwire bra babydoll with front keyhole and lace that ties in middle.  Stretch lace on center front. With matching thong','Lace underwire bra babydoll with front keyhole and lace that ties in middle.  Stretch lace on center front. With matching thong','80287.jpg','Thumb_80287.jpg','Chemises / Mini Dresses',1948,'28.50','19.99',2,'Peru Brown -:- S/M->Peru Brown -:- M/L->Peru Brown','Size complete','Peru Brown -:- S/M->Peru Brown -:- M/L->Peru Brown'),(296,'80288','80288 - Mesh corset with pink contrast piping and underwire bra.  Dot net panty with matching pink contrast piping and bow details.  Hook and eye back closure. Attached garters','Mesh corset with pink contrast piping and underwire bra.  Dot net panty with matching pink contrast piping and bow details.  Hook and eye back closure. Attached garters','80288.jpg','Thumb_80288.jpg','Bustiers / Corsets',1963,'24.25','16.99',2,'Black/Hot Pink -:- S/M->Black/Hot Pink -:- M/L->Bl','Partial size complete',''),(297,'80289','80289 - Blue satin bustier overlaid with checkered mesh&comma; attached garter. Blue straps and matching thong. Hook and eye back closure','Blue satin bustier overlaid with checkered mesh&comma; attached garter. Blue straps and matching thong. Hook and eye back closure','80289.jpg','Thumb_80289.jpg','Bustiers / Corsets',0,'27.00','18.99',2,'Blue/Black -:- S','Size not complete',''),(298,'80290','80290 - Satin bustier with lace overlay on sides and cup.  Light boning detail on bustier and panty skirt.  Satin panty attached to mesh micro skirt. Detachable garters. Hook and eye back closure','Satin bustier with lace overlay on sides and cup.  Light boning detail on bustier and panty skirt.  Satin panty attached to mesh micro skirt. Detachable garters. Hook and eye back closure','80290_1.jpg','Thumb_80290_1.jpg','Bustiers / Corsets',1957,'27.00','18.99',2,'Deep Pink -:- S->Deep Pink -:- M->Deep Pink -:- L-','Size complete','Deep Pink -:- S->Deep Pink -:- M->Deep Pink -:- L-'),(299,'80291','80291 - Scalloped lace overlay padded satin bra.  Matching layered patterned mesh garter belt with lettice edges and matching thong','Scalloped lace overlay padded satin bra.  Matching layered patterned mesh garter belt with lettice edges and matching thong','80291.jpg','Thumb_80291.jpg','Match Sets',1996,'28.50','19.99',2,'Medium Violet Red/Black -:- M/L->Medium Violet Red','Size not complete',''),(300,'80292','80292 - Off the shoulder open peasant top with ribbon stitching on neckline and bust line.  Lettice edges on sleeve and hem with ribbon accents.  With matching thong','Off the shoulder open peasant top with ribbon stitching on neckline and bust line.  Lettice edges on sleeve and hem with ribbon accents.  With matching thong','80292_1.jpg','Thumb_80292_1.jpg','Camisoles',1930,'18.50','12.99',2,'Black/Sky Blue -:- S/M->Black/Sky Blue -:- M/L->Bl','Size not complete',''),(301,'80293','80293 - Underwire bra baby doll with pleated fringe. Ribbon stitching along hem and bra cup. Delicate bow details. Hook and eye back closure.With matching thong','Underwire bra baby doll with pleated fringe. Ribbon stitching along hem and bra cup. Delicate bow details. Hook and eye back closure.With matching thong','80293.jpg','Thumb_80293.jpg','Chemises / Mini Dresses',1943,'28.50','19.99',2,'Deep Pink -:- S/M->Deep Pink -:- XL->Sky Blue -:- ','Partial size complete','Sky Blue -:- S/M->Sky Blue -:- M/L->Sky Blue -:- X'),(302,'80294','80294 - Floral printed lace on mesh with lace up center detail bustier and matching thong. Hook and eye back closure','Floral printed lace on mesh with lace up center detail bustier and matching thong. Hook and eye back closure','80294_1.jpg','Thumb_80294_1.jpg','Bustiers / Corsets',1928,'28.50','19.99',2,'Black/Teal -:- S->Black/Teal -:- M->Black/Teal -:-','Size not complete',''),(303,'80295','80295 - Stretch satin slip with mesh partial bra top&comma; and matching thong','Stretch satin slip with mesh partial bra top&comma; and matching thong','80295.jpg','Thumb_80295.jpg','Chemises / Mini Dresses',1971,'31.25','21.99',2,'Black -:- S/M->Black -:- M/L->Black -:- XL','Size complete','Black -:- S/M->Black -:- M/L->Black -:- XL'),(304,'80296','80296 - Lace bustier with underwire demi bra and checkered mesh side inserts. Hook and eye back closure.  Matching thong','Lace bustier with underwire demi bra and checkered mesh side inserts. Hook and eye back closure.  Matching thong','80296_1.jpg','Thumb_80296_1.jpg','Bustiers / Corsets',0,'21.25','14.99',2,'Deep Pink -:- M','Size not complete',''),(305,'80297','80297 - Mesh babydoll with detailed lace.  Satin detail ribbon with small bow along neckline.  Matching mesh thong','Mesh babydoll with detailed lace.  Satin detail ribbon with small bow along neckline.  Matching mesh thong','80297_1.jpg','Thumb_80297_1.jpg','Camisoles',1985,'18.50','12.99',2,'Deep Pink -:- S/M->Deep Pink -:- M/L->Deep Pink -:','Size complete','Deep Pink -:- S/M->Deep Pink -:- M/L->Deep Pink -:'),(306,'80298','80298 - Dot net camisole.  Lace overlay split cup with small bows to close.  Matching panty with small bows','Dot net camisole.  Lace overlay split cup with small bows to close.  Matching panty with small bows','80298.jpg','Thumb_80298.jpg','Camisoles',1984,'18.50','12.99',2,'Hot Pink -:- M/L->Hot Pink -:- XL','Size not complete',''),(307,'80306','80306 - From Sensual Mystique Premium Collection. Rhinestone Contempo bra and thong set','From Sensual Mystique Premium Collection. Rhinestone Contempo bra and thong set','80306.jpg','Thumb_80306.jpg','Chainmail / Rhinestone Lingerie',0,'91.25','63.99',4,'Silver -:- One Size','Out of stock',''),(308,'80400','80400 - Halter monokini teddy with drawstring around neck. Ties in back (thong on back)','Halter monokini teddy with drawstring around neck. Ties in back (thong on back)','80400.jpg','Thumb_80400.jpg','Teddies',1990,'16.00','8.95',2,'Multicolor -:- S/M->Multicolor -:- M/L->Multicolor','Size complete','Multicolor -:- S/M->Multicolor -:- M/L->Multicolor'),(309,'80401','80401 - Single piece halter monokini teddy with bandeau style top. Ties at center front around neck (g string on back)','Single piece halter monokini teddy with bandeau style top. Ties at center front around neck (g string on back)','80401.jpg','Thumb_80401.jpg','Teddies',1992,'16.00','8.75',2,'Multicolor -:- S/M->Multicolor -:- M/L->Multicolor','Size complete','Multicolor -:- S/M->Multicolor -:- M/L->Multicolor'),(310,'80402','80402 - Screen print monokini teddy with contrast binding on all edges. Halter neck ties at center front around neck (thong on back)','Screen print monokini teddy with contrast binding on all edges. Halter neck ties at center front around neck (thong on back)','80402.jpg','Thumb_80402.jpg','Teddies',1989,'19.00','10.25',2,'Multicolor -:- S/M->Multicolor -:- M/L->Multicolor','Size complete','Multicolor -:- S/M->Multicolor -:- M/L->Multicolor'),(311,'80403','80403 - Triangle halter top screenprint monokini. (thong on back)','Triangle halter top screenprint monokini. (thong on back)','80403.jpg','Thumb_80403.jpg','Teddies',1987,'23.00','11.25',2,'Multicolor -:- S/M->Multicolor -:- M/L->Multicolor','Size complete','Multicolor -:- S/M->Multicolor -:- M/L->Multicolor'),(312,'80405','80405 - Lace soft cup triangle cami with scalloped edges. Tiny matching bow at center of bust. Matching lace boycut panty with scalloped edges.','Lace soft cup triangle cami with scalloped edges. Tiny matching bow at center of bust. Matching lace boycut panty with scalloped edges.','80405.jpg','Thumb_80405.jpg','Camisoles',1936,'16.99','11.99',2,'Blue -:- S->Blue -:- M->Blue -:- XL','Size not complete',''),(313,'80406','80406 - Sheer and lace layered cami with scalloped bra edge. Bra is lightly lined. Matching triangle thong with gathered sheer overlay.','Sheer and lace layered cami with scalloped bra edge. Bra is lightly lined. Matching triangle thong with gathered sheer overlay.','80406.jpg','Thumb_80406.jpg','Camisoles',1976,'22.74','15.99',2,'Pink/Red -:- S->Pink/Red -:- M->Pink/Red -:- L->Pi','Size complete','Pink/Red -:- S->Pink/Red -:- M->Pink/Red -:- L->Pi'),(314,'80407','80407 - Fitted lace babydoll with underwire bra. Gathered at hem with tiny bows at bottom of princess seams. Matching triangle lace panty','Fitted lace babydoll with underwire bra. Gathered at hem with tiny bows at bottom of princess seams. Matching triangle lace panty','80407.jpg','Thumb_80407.jpg','Chemises / Mini Dresses',1985,'26.99','18.99',2,'Pink/Yellow -:- S->Pink/Yellow -:- M->Pink/Yellow ','Size complete','Pink/Yellow -:- S->Pink/Yellow -:- M->Pink/Yellow '),(315,'80408','80408 - Lace cupless bra top. Lace triangle panty with side straps','Lace cupless bra top. Lace triangle panty with side straps','80408.jpg','Thumb_80408.jpg','Match Sets',1932,'21.49','14.99',2,'Pink -:- S->Pink -:- M->Pink -:- L->Pink -:- XL','Size complete','Pink -:- S->Pink -:- M->Pink -:- L->Pink -:- XL'),(316,'80409','80409 - Lace chemise triangle cross top with sheer skirt. Lettice hem and satin ties at bottom of bust. Matching thong','Lace chemise triangle cross top with sheer skirt. Lettice hem and satin ties at bottom of bust. Matching thong','80409.jpg','Thumb_80409.jpg','Chemises / Mini Dresses',1974,'22.74','15.99',2,'Light Pink -:- S/M->Light Pink -:- M/L->Light Pink','Size complete','Light Pink -:- S/M->Light Pink -:- M/L->Light Pink'),(317,'80410','80410 - Sheer polka dot babydoll gathered at bottom of bust with lettice edges. Lace shoulder straps with satin ribbon weaving. Matching polka dot panty with satin ribbon weaving at top edge.','Sheer polka dot babydoll gathered at bottom of bust with lettice edges. Lace shoulder straps with satin ribbon weaving. Matching polka dot panty with satin ribbon weaving at top edge.','80410.jpg','Thumb_80410.jpg','Babydolls',0,'22.74','15.99',2,'Medium Orchid -:- M','Size not complete',''),(318,'80411','80411 - Sheer triangle chemise with faux fur on triangle cups and hem. Matching thong','Sheer triangle chemise with faux fur on triangle cups and hem. Matching thong','80411.jpg','Thumb_80411.jpg','Babydolls',1974,'22.74','15.99',2,'Light Pink -:- One Size->Light Pink -:- XL','Size complete','Light Pink -:- One Size->Light Pink -:- XL'),(319,'80413','80413 - Satin long sleeve chemise with satin ruffled v-neck neckline that has tie strings at front. Matching thong','Satin long sleeve chemise with satin ruffled v-neck neckline that has tie strings at front. Matching thong','80413.jpg','Thumb_80413.jpg','Chemises / Mini Dresses',1990,'28.00','13.99',2,'Red -:- S->Red -:- M->Red -:- L->Red -:- XL','Size complete','Red -:- S->Red -:- M->Red -:- L->Red -:- XL'),(320,'80412','80412 - Side flyaway sheer underwire babydoll with sequence sprinkles and scalloped bra edges. Matching thong','Side flyaway sheer underwire babydoll with sequence sprinkles and scalloped bra edges. Matching thong','80412.jpg','Thumb_80412.jpg','Babydolls',1944,'23.99','16.99',2,'Pink -:- S->Pink -:- M->Pink -:- L->Pink -:- XL','Size complete','Pink -:- S->Pink -:- M->Pink -:- L->Pink -:- XL'),(321,'80414','80414 - Hi-cut floral triangle teddy with satin binding on all edges. Split soft cups with satin laceup','Hi-cut floral triangle teddy with satin binding on all edges. Split soft cups with satin laceup','80414.jpg','Thumb_80414.jpg','Teddies',1981,'16.99','11.99',2,'Shades of Pink and Brown -:- S/M->Shades of Pink a','Size complete','Shades of Pink and Brown -:- S/M->Shades of Pink a'),(322,'80415','80415 - Sheer fitted babydoll with underwire lace cups and lace hem and scalloped edges. Adjustable garter straps. Matching thong','Sheer fitted babydoll with underwire lace cups and lace hem and scalloped edges. Adjustable garter straps. Matching thong','80415.jpg','Thumb_80415.jpg','Chemises / Mini Dresses',0,'26.99','18.99',2,'Red -:- XL','Size not complete',''),(323,'80416','80416 - Lace soft cup triangle teddy with center opening. Scalloped edges and adjustable straps','Lace soft cup triangle teddy with center opening. Scalloped edges and adjustable straps','80416.jpg','Thumb_80416.jpg','Teddies',1993,'18.49','12.99',2,'Red -:- S->Red -:- M->Red -:- L->Red -:- XL','Size complete','Red -:- S->Red -:- M->Red -:- L->Red -:- XL'),(324,'80417','80417 - Flyaway softcup lace triangle halter babydoll with satin ties at center. Matching thong. Underwired','Flyaway softcup lace triangle halter babydoll with satin ties at center. Matching thong. Underwired','80417.jpg','Thumb_80417.jpg','Babydolls',1992,'18.49','12.99',2,'Red -:- S->Red -:- M','Size not complete',''),(325,'80420','80420 - Fitted triangle top satin and lace chemise with side slits and adjustable straps. Scalloped edge of hem and bra top. Matching thong','Fitted triangle top satin and lace chemise with side slits and adjustable straps. Scalloped edge of hem and bra top. Matching thong','80420.jpg','Thumb_80420.jpg','Chemises / Mini Dresses',0,'23.99','16.99',2,'Black -:- S','Size not complete',''),(326,'80421','80421 - Stretch sheer and satin swirl panel nightgown. Matching thong','Stretch sheer and satin swirl panel nightgown. Matching thong','80421.jpg','Thumb_80421.jpg','Gowns',1973,'29.99','20.99',2,'Black -:- S->Black -:- M->Black -:- L->Black -:- X','Size complete','Black -:- S->Black -:- M->Black -:- L->Black -:- X'),(327,'80422','80422 - Satin and sheer asymetrical babydoll with soft cups and lace at top edge of bra. Adjustable shoulder straps and matching panty.','Satin and sheer asymetrical babydoll with soft cups and lace at top edge of bra. Adjustable shoulder straps and matching panty.','80422.jpg','Thumb_80422.jpg','Babydolls',1941,'19.99','13.99',2,'Lavender -:- S->Lavender -:- M->Lavender -:- L->La','Size complete','Lavender -:- S->Lavender -:- M->Lavender -:- L->La'),(328,'80423','80423 - Sheer empire waist babydoll with lace trim hem and lace triangle soft cup bra top. Matching thong','Sheer empire waist babydoll with lace trim hem and lace triangle soft cup bra top. Matching thong','80423.jpg','Thumb_80423.jpg','Babydolls',1947,'21.49','14.99',2,'Medium Blue -:- S->Medium Blue -:- M->Medium Blue ','Size not complete',''),(329,'80424','80424 - Sheer asymmertrical babydoll with lettice hem and lace triangle soft cup bra top with matching panty','Sheer asymmertrical babydoll with lettice hem and lace triangle soft cup bra top with matching panty','80424.jpg','Thumb_80424.jpg','Babydolls',1955,'19.99','13.99',2,'Light Blue -:- S->Light Blue -:- M->Light Blue -:-','Size complete','Light Blue -:- S->Light Blue -:- M->Light Blue -:-'),(330,'80425','80425 - Sheer cami with matching panty. Lace softcup triangle bra top. Both have lettice hems.','Sheer cami with matching panty. Lace softcup triangle bra top. Both have lettice hems.','80425.jpg','Thumb_80425.jpg','Camisoles',1941,'18.49','12.99',2,'Wheat Yellow -:- S->Wheat Yellow -:- M->Wheat Yell','Size complete','Wheat Yellow -:- S->Wheat Yellow -:- M->Wheat Yell'),(331,'80427','80427 - Sheer babydoll with lettice hem. Thick satin ribbon around empire waistline with box. Matching thong','Sheer babydoll with lettice hem. Thick satin ribbon around empire waistline with box. Matching thong','80427.jpg','Thumb_80427.jpg','Babydolls',1926,'21.49','14.99',2,'Pink -:- S->Pink -:- M->Pink -:- L->Pink -:- XL','Size complete','Pink -:- S->Pink -:- M->Pink -:- L->Pink -:- XL'),(332,'80429','80429 - Satin underwire bustier with sheer side panels and gathered hem. Tiny bow details and adjustable shoulder and garter straps. Matching thong','Satin underwire bustier with sheer side panels and gathered hem. Tiny bow details and adjustable shoulder and garter straps. Matching thong','80429.jpg','Thumb_80429.jpg','Bustiers / Corsets',0,'25.49','17.99',2,'Black/Red -:- S->Black/Red -:- L','Size not complete',''),(333,'80430','80430 - Satin fitted bustier with shaped boning. Lace top edges and adjustable straps. Satin laceup at center front with adjustable garter straps. Matching thong','Satin fitted bustier with shaped boning. Lace top edges and adjustable straps. Satin laceup at center front with adjustable garter straps. Matching thong','80430.jpg','Thumb_80430.jpg','Bustiers / Corsets',1924,'29.99','20.99',2,'Red/Black -:- S->Red/Black -:- M->Red/Black -:- XL','Size not complete',''),(334,'80433','80433 - Sheer babydoll with lace soft cup triangle top. Slits at center of cups tied with small contrast satin ties. Matching thong','Sheer babydoll with lace soft cup triangle top. Slits at center of cups tied with small contrast satin ties. Matching thong','80433.jpg','Thumb_80433.jpg','Babydolls',1980,'18.49','12.99',2,'Black -:- S->Black -:- M->Black -:- L->Black -:- X','Size complete','Black -:- S->Black -:- M->Black -:- L->Black -:- X'),(335,'80439','80439 - Lace minitop with sheer long sleeves and lace cuffs. Lace micromini skirt with sheer hem&comma; gathers at sides.','Lace minitop with sheer long sleeves and lace cuffs. Lace micromini skirt with sheer hem&comma; gathers at sides.','80439.jpg','Thumb_80439.jpg','Camisoles',1976,'23.99','16.99',2,'Black -:- S->Black -:- M->Black -:- L->Black -:- X','Size complete','Black -:- S->Black -:- M->Black -:- L->Black -:- X'),(336,'80443','80443 - Satin long sleeve chemise with lace neckline that ties at cneter.','Satin long sleeve chemise with lace neckline that ties at cneter.','80443.jpg','Thumb_80443.jpg','Match Sets',1977,'19.99','13.99',2,'Hot Pink/Black -:- S->Hot Pink/Black -:- M->Hot Pi','Size complete','Hot Pink/Black -:- S->Hot Pink/Black -:- M->Hot Pi'),(337,'80444','80444 - Sheer polka dot camisole with triangle slit soft cups with satin ties. Matching panty with satin ties at center','Sheer polka dot camisole with triangle slit soft cups with satin ties. Matching panty with satin ties at center','80444.jpg','Thumb_80444.jpg','Babydolls',1976,'18.49','12.99',2,'Black/Blue -:- S->Black/Blue -:- M','Size not complete',''),(338,'80442','80442 - Lace open cup triangle top babydoll with sheer bodice. Lace trim on edges and side slits. Matching panty','Lace open cup triangle top babydoll with sheer bodice. Lace trim on edges and side slits. Matching panty','80442.jpg','Thumb_80442.jpg','Babydolls',1957,'19.99','13.99',2,'Black -:- S/M->Black -:- M/L->Black -:- XL','Size complete','Black -:- S/M->Black -:- M/L->Black -:- XL'),(339,'80418','80418 - Sheer babydoll with lace pushup cups and adjustable straps. Matching thong','Sheer babydoll with lace pushup cups and adjustable straps. Matching thong','80418.jpg','Thumb_80418.jpg','Babydolls',1965,'23.99','16.99',2,'Pink -:- S->Pink -:- M->Pink -:- L->Pink -:- XL','Size complete','Pink -:- S->Pink -:- M->Pink -:- L->Pink -:- XL'),(340,'80428','80428 - Satin underwire bustier with sheer side panels and gathered hem. Tiny bow details and adjustable shoulder and garter straps. Matching thong','Satin underwire bustier with sheer side panels and gathered hem. Tiny bow details and adjustable shoulder and garter straps. Matching thong','80428.jpg','Thumb_80428.jpg','Bustiers / Corsets',1935,'25.49','17.99',2,'Hot Pink -:- S->Hot Pink -:- M->Hot Pink -:- L','Size not complete',''),(341,'80438','80438 - Thick satin fitted corset with detailed boning. Hook and eye opening at front. Matching panty and adjustable shoulder and garter straps.','Thick satin fitted corset with detailed boning. Hook and eye opening at front. Matching panty and adjustable shoulder and garter straps.','80438.jpg','Thumb_80438.jpg','Bustiers / Corsets',1966,'34.25','23.99',2,'Black -:- S','Size not complete',''),(342,'80447','80447 - Fitted babydoll with soft cup triangle bra. Lace trim on bra and princess lines. Satin ribbon ties on front. Matching thong','Fitted babydoll with soft cup triangle bra. Lace trim on bra and princess lines. Satin ribbon ties on front. Matching thong','80447.jpg','Thumb_80447.jpg','Chemises / Mini Dresses',1943,'19.99','13.99',2,'Light Pink/Black Trim -:- M/L->Light Pink/Black Tr','Size not complete',''),(343,'80452','80452 - Sheer polka dot flyaway babydoll with center bow ties. Embroidered soft cups and small ruffled trim on edges. Matching panty','Sheer polka dot flyaway babydoll with center bow ties. Embroidered soft cups and small ruffled trim on edges. Matching panty','80452.jpg','Thumb_80452.jpg','Babydolls',1939,'20.99','13.99',2,'Black/Pink Lace -:- S/M->Black/Pink Lace -:- M/L->','Size complete','Black/Pink Lace -:- S/M->Black/Pink Lace -:- M/L->'),(344,'80466','80466 - Faux leather halter top with eyelet holes down center front for ties. Matching panty with center front closure','Faux leather halter top with eyelet holes down center front for ties. Matching panty with center front closure','80466.jpg','Thumb_80466.jpg','Match Sets',1977,'19.99','13.99',2,'Red -:- S->Red -:- M->Red -:- L->Red -:- XL','Size complete','Red -:- S->Red -:- M->Red -:- L->Red -:- XL'),(345,'80473','80473 - Satin underwire half cup bra with contrast straps. Micro mini satin skirt with lace trim hem. Matching thong. Tiny accent bows and garter straps','Satin underwire half cup bra with contrast straps. Micro mini satin skirt with lace trim hem. Matching thong. Tiny accent bows and garter straps','80473.jpg','Thumb_80473.jpg','Match Sets',0,'19.99','13.99',2,'Black/Pink -:- M/L','Size not complete',''),(346,'80479','80479 - Layered night gown with lettice edges. Matching thong','Layered night gown with lettice edges. Matching thong','80479.jpg','Thumb_80479.jpg','Babydolls',1971,'19.99','13.99',2,'Light Apple Green -:- S/M->Light Apple Green -:- M','Size complete','Light Apple Green -:- S/M->Light Apple Green -:- M'),(347,'80483','80483 - Plaid soft cup triangle mini top with lace trim on bra edge. Plaid mini skirt with open panels and small lace trim on edges','Plaid soft cup triangle mini top with lace trim on bra edge. Plaid mini skirt with open panels and small lace trim on edges','80483.jpg','Thumb_80483.jpg','Match Sets',1973,'19.99','13.99',2,'Pink/Black -:- S->Pink/Black -:- M->Pink/Black -:-','Size complete','Pink/Black -:- S->Pink/Black -:- M->Pink/Black -:-'),(348,'80490','80490 - Stretch satin short sleeve top that ties at front. Plaid mini skirt with opening slit on side','Stretch satin short sleeve top that ties at front. Plaid mini skirt with opening slit on side','80490.jpg','Thumb_80490.jpg','Costumes',1970,'19.99','13.99',2,'White/Pink -:- M/L','Size not complete',''),(349,'80505','80505 - Sheer top and micro mini skirt with lace trim. Matching thong','Sheer top and micro mini skirt with lace trim. Matching thong','80505.jpg','Thumb_80505.jpg','Camisoles',1953,'19.99','13.99',2,'White -:- S/M->White -:- M/L->White -:- XL','Size complete','White -:- S/M->White -:- M/L->White -:- XL'),(350,'80545','80545 - Halter top triangle soft cup flyaway chemise with matching thong','Halter top triangle soft cup flyaway chemise with matching thong','80545.jpg','Thumb_80545.jpg','Babydolls',1957,'19.99','13.99',2,'Soft Pink -:- S->Soft Pink -:- M->Soft Pink -:- L-','Size complete','Soft Pink -:- S->Soft Pink -:- M->Soft Pink -:- L-'),(351,'80595','80595 - Triangle soft cup sheer satin babydoll with heart pendant on keyhole.  Matching g-string','Triangle soft cup sheer satin babydoll with heart pendant on keyhole.  Matching g-string','80595.jpg','Thumb_80595.jpg','Babydolls',0,'19.99','13.99',2,'White -:- M/L','Size not complete',''),(352,'80596','80596 - Sheer satin slip with side openings.  Lace trim and satin ties.  Matching g-string','Sheer satin slip with side openings.  Lace trim and satin ties.  Matching g-string','80596.jpg','Thumb_80596.jpg','Babydolls',1972,'19.99','13.99',2,'Satin Blue -:- S->Satin Blue -:- M->Satin Blue -:-','Size complete','Satin Blue -:- S->Satin Blue -:- M->Satin Blue -:-'),(353,'80604','80604 - Central slit teddy with peekaboo top','Central slit teddy with peekaboo top','80604.jpg','Thumb_80604.jpg','Teddies',1967,'19.99','13.99',2,'White/Leopard -:- S/M->White/Leopard -:- M/L->Whit','Size complete','White/Leopard -:- S/M->White/Leopard -:- M/L->Whit'),(354,'80609','80609 - Plaid halter top with box pleats with metal fastenings.  Bikini panty with fastening','Plaid halter top with box pleats with metal fastenings.  Bikini panty with fastening','80609.jpg','Thumb_80609.jpg','Babydolls',1924,'21.50','14.99',2,'Red -:- S->Red -:- XL','Size not complete',''),(355,'80449','80449 - Leopard soft cup triangle bra with matching leopard panty','Leopard soft cup triangle bra with matching leopard panty','80449.jpg','Thumb_80449.jpg','Match Sets',1964,'14.24','9.99',2,'Leopard/Black -:- One Size->Leopard/Black -:- XL','Size complete','Leopard/Black -:- One Size->Leopard/Black -:- XL'),(356,'80602','80602 - Cow print soft cup triangle bra with center slits and satin ties.  Matching g-string','Cow print soft cup triangle bra with center slits and satin ties.  Matching g-string','80602.jpg','Thumb_80602.jpg','Match Sets',1958,'14.24','9.99',2,'Black/White -:- One Size->Black/White -:- XL','Size complete','Black/White -:- One Size->Black/White -:- XL'),(357,'80465','80465 - Sheer camouflage halter fitted babydoll with side cutouts. Matching panty','Sheer camouflage halter fitted babydoll with side cutouts. Matching panty','80465.jpg','Thumb_80465.jpg','Babydolls',960,'15.74','10.99',2,'Brown Camouflage -:- S/M->Brown Camouflage -:- M/L','Size complete','Brown Camouflage -:- S/M->Brown Camouflage -:- M/L'),(358,'80601','80601 - Lace camisole with keyhole opening&comma; lettice hem.  Lace g-string','Lace camisole with keyhole opening&comma; lettice hem.  Lace g-string','80601.jpg','Thumb_80601.jpg','Camisoles',1970,'15.74','10.99',2,'Satin Blue -:- S/M->Satin Blue -:- M/L->Satin Blue','Size complete','Satin Blue -:- S/M->Satin Blue -:- M/L->Satin Blue'),(359,'80467','80467 - Sheer camouflage tank top with lettice hem. Matching sheer camouflage panty','Sheer camouflage tank top with lettice hem. Matching sheer camouflage panty','80467.jpg','Thumb_80467.jpg','Camisoles',1972,'17.24','11.99',2,'Brown Camouflage -:- S/M->Brown Camouflage -:- M/L','Size complete','Brown Camouflage -:- S/M->Brown Camouflage -:- M/L'),(360,'80489','80489 - Lace soft cup triangle top with lace boy cut panty. Tiny bows accent on top','Lace soft cup triangle top with lace boy cut panty. Tiny bows accent on top','80489.jpg','Thumb_80489.jpg','Camisoles',1923,'17.24','11.99',2,'Pink -:- S/M->Pink -:- M/L->Pink -:- XL','Size complete','Pink -:- S/M->Pink -:- M/L->Pink -:- XL'),(361,'80589','80589 - Sheer soft cups flyaway babydoll with ruffled lace.  Matching sheer g-string with ruffled lace','Sheer soft cups flyaway babydoll with ruffled lace.  Matching sheer g-string with ruffled lace','80589.jpg','Thumb_80589.jpg','Babydolls',1921,'17.24','11.99',2,'White -:- S/M->White -:- M/L->White -:- XL','Size complete','White -:- S/M->White -:- M/L->White -:- XL'),(362,'80590','80590 - Sheer fitted camisole with lace trim.  Sheer g-string','Sheer fitted camisole with lace trim.  Sheer g-string','80590.jpg','Thumb_80590.jpg','Camisoles',1944,'17.24','11.99',2,'White -:- S/M->White -:- M/L->White -:- XL','Size complete','White -:- S/M->White -:- M/L->White -:- XL'),(363,'80592','80592 - Sheer flyaway camisole with triangle soft cups.  Lace ribbon on cups and hem.  Matching sheer g-string with lace ribbon','Sheer flyaway camisole with triangle soft cups.  Lace ribbon on cups and hem.  Matching sheer g-string with lace ribbon','80592.jpg','Thumb_80592.jpg','Babydolls',1953,'17.24','11.99',2,'White -:- S/M->White -:- M/L->White -:- XL','Size complete','White -:- S/M->White -:- M/L->White -:- XL'),(364,'80600','80600 - Leopard soft cup triangle bra with diamond square accent. Wrist cuffs. Matching leopard g-string','Leopard soft cup triangle bra with diamond square accent. Wrist cuffs. Matching leopard g-string','80600.jpg','Thumb_80600.jpg','Match Sets',1974,'17.24','11.99',2,'Leopard -:- One Size->Leopard -:- XL','Size complete','Leopard -:- One Size->Leopard -:- XL'),(365,'80610','80610 - Camouflage triangle soft cup bra with matching panty and skirt with side opening','Camouflage triangle soft cup bra with matching panty and skirt with side opening','80610.jpg','Thumb_80610.jpg','Match Sets',1925,'17.24','11.99',2,'Camouflage -:- M/L->Camouflage -:- XL','Size not complete',''),(366,'80468','80468 - Lace triangle cup bra with underwire. Lace panty with cris cross band','Lace triangle cup bra with underwire. Lace panty with cris cross band','80468.jpg','Thumb_80468.jpg','Match Sets',0,'18.49','12.99',2,'Lipstick Pink -:- S/M','Size not complete',''),(367,'80496','80496 - Fitted polka dot slip with lace trim on neckline. Side drawstrings','Fitted polka dot slip with lace trim on neckline. Side drawstrings','80496.jpg','Thumb_80496.jpg','Chemises / Mini Dresses',1955,'18.49','12.99',2,'Black/Pink -:- S/M->Black/Pink -:- M/L->Black/Pink','Size complete','Black/Pink -:- S/M->Black/Pink -:- M/L->Black/Pink'),(368,'80498','80498 - Animal print halter top with satin panty','Animal print halter top with satin panty','80498.jpg','Thumb_80498.jpg','Match Sets',1982,'18.49','12.99',2,'Black/White -:- One Size->Black/White -:- XL','Size complete','Black/White -:- One Size->Black/White -:- XL'),(369,'80501','80501 - Stretch satin corset with polka dot sheer underwire cups and side panels. Lace ribbon trim on cups. Garter straps. Matching thong','Stretch satin corset with polka dot sheer underwire cups and side panels. Lace ribbon trim on cups. Garter straps. Matching thong','80501.jpg','Thumb_80501.jpg','Bustiers / Corsets',1960,'19.99','13.99',2,'Black/Pink -:- S/M->Black/Pink -:- M/L','Size not complete',''),(370,'80510','80510 - Lace trim tank top with lace trim boy cut panty','Lace trim tank top with lace trim boy cut panty','80510.jpg','Thumb_80510.jpg','Camisoles',1962,'18.49','12.99',2,'White -:- M/L->White -:- XL','Size not complete',''),(371,'80511','80511 - Soft cup polka dot babydoll with small side slits. Matching thong','Soft cup polka dot babydoll with small side slits. Matching thong','80511.jpg','Thumb_80511.jpg','Babydolls',1909,'18.49','12.99',2,'Baby Pink -:- M/L->Baby Pink -:- XL','Size not complete',''),(372,'80512','80512 - Polka dot lace gathered bandeau style halter top. Matching panty with satin ribbon on sides','Polka dot lace gathered bandeau style halter top. Matching panty with satin ribbon on sides','80512.jpg','Thumb_80512.jpg','Match Sets',1974,'18.49','12.99',2,'Black -:- One Size->Black -:- XL','Size complete','Black -:- One Size->Black -:- XL'),(373,'80593','80593 - Fitted stretch fishnet tank top with attached garter straps.  Lace detail and fishnet thong','Fitted stretch fishnet tank top with attached garter straps.  Lace detail and fishnet thong','80593.jpg','Thumb_80593.jpg','Camisoles',1961,'18.49','12.99',2,'White -:- S/M->White -:- M/L->White -:- XL','Size complete','White -:- S/M->White -:- M/L->White -:- XL'),(374,'80474','80474 - Mini peasant top with micro mini skirt. Lace ruffled trim on edges of garments','Mini peasant top with micro mini skirt. Lace ruffled trim on edges of garments','80474.jpg','Thumb_80474.jpg','Match Sets',1941,'21.24','14.99',2,'Black/Pink -:- M/L->Black/Pink -:- XL','Size not complete',''),(375,'80497','80497 - Satin underwire soft cup slip with sheer side panels. Gathered sheer hem and small accent bows','Satin underwire soft cup slip with sheer side panels. Gathered sheer hem and small accent bows','80497.jpg','Thumb_80497.jpg','Chemises / Mini Dresses',1919,'22.75','15.99',2,'Black/Pink -:- M/L->Black/Pink -:- XL','Size not complete',''),(376,'80499','80499 - Satin soft cup slip with lace trim on bust. Ruffled satin hem. Matching thong','Satin soft cup slip with lace trim on bust. Ruffled satin hem. Matching thong','80499.jpg','Thumb_80499.jpg','Chemises / Mini Dresses',1817,'21.24','14.99',2,'Red Wine -:- S/M->Red Wine -:- M/L->Red Wine -:- X','Size complete','Red Wine -:- S/M->Red Wine -:- M/L->Red Wine -:- X'),(377,'80581','80581 - Stretch lace camisole with ruffled contrast hem.  Lace g-string','Stretch lace camisole with ruffled contrast hem.  Lace g-string','80581.jpg','Thumb_80581.jpg','Camisoles',1990,'21.24','14.99',2,'Black/Pink -:- S/M->Black/Pink -:- M/L->Black/Pink','Size complete','Black/Pink -:- S/M->Black/Pink -:- M/L->Black/Pink'),(378,'80598','80598 - Sheer animal print slip dress','Sheer animal print slip dress','80598.jpg','Thumb_80598.jpg','Chemises / Mini Dresses',1938,'21.24','14.99',2,'Blue/Brown -:- S->Blue/Brown -:- M->Blue/Brown -:-','Size complete','Blue/Brown -:- S->Blue/Brown -:- M->Blue/Brown -:-'),(379,'80587','80587 - Soft satin underwire cup camisole with lace trim and satin ribbon .  Attatched garter straps.  Matching g-string and thigh highs','Soft satin underwire cup camisole with lace trim and satin ribbon .  Attatched garter straps.  Matching g-string and thigh highs','80587.jpg','Thumb_80587.jpg','Camisoles',1951,'22.74','15.99',2,'Black/Hot Pink -:- S/M->Black/Hot Pink -:- M/L->Bl','Size complete','Black/Hot Pink -:- S/M->Black/Hot Pink -:- M/L->Bl'),(380,'80457','80457 - Sheer babydoll with lettice edges. Embroidered soft cups with adjustable straps. Matching sheer embroidered panty','Sheer babydoll with lettice edges. Embroidered soft cups with adjustable straps. Matching sheer embroidered panty','80457.jpg','Thumb_80457.jpg','Babydolls',1936,'24.24','16.99',2,'Black/Blue Embroidery -:- S/M->Black/Blue Embroide','Size complete','Black/Blue Embroidery -:- S/M->Black/Blue Embroide'),(381,'80464','80464 - Floral embroidered sheer bustier with underwire pushup cups. Hook and eye back closure. Adjustable straps. Matching embroidered boy cut panty','Floral embroidered sheer bustier with underwire pushup cups. Hook and eye back closure. Adjustable straps. Matching embroidered boy cut panty','80464.jpg','Thumb_80464.jpg','Bustiers / Corsets',1845,'28.50','19.99',2,'Black/Red -:- S/M->Black/Red -:- M/L->Black/Red -:','Size complete','Black/Red -:- S/M->Black/Red -:- M/L->Black/Red -:'),(382,'80482','80482 - Lace slip with sheer triangle insert in the middle and adjustable straps. Scalloped edges. Matching thong','Lace slip with sheer triangle insert in the middle and adjustable straps. Scalloped edges. Matching thong','80482.jpg','Thumb_80482.jpg','Chemises / Mini Dresses',1967,'25.75','17.99',2,'Rose/Black -:- S/M->Rose/Black -:- M/L','Size not complete',''),(383,'80580','80580 - Stretch lace slip with sheer ruffled attatched skirt.  Matching thong','Stretch lace slip with sheer ruffled attatched skirt.  Matching thong','80580.jpg','Thumb_80580.jpg','Chemises / Mini Dresses',1971,'24.24','16.99',2,'Black/Pink -:- S/M->Black/Pink -:- M/L->Black/Pink','Size complete','Black/Pink -:- S/M->Black/Pink -:- M/L->Black/Pink'),(384,'80448','80448 - Faux leather fitted underwire cup corset with boning and metal fastenings at front. Matching panty','Faux leather fitted underwire cup corset with boning and metal fastenings at front. Matching panty','80448.jpg','Thumb_80448.jpg','Bustiers / Corsets',1980,'29.99','20.99',2,'Black -:- S->Black -:- M->Black -:- XL','Size not complete',''),(385,'80455','80455 - Sheer/Lace bustier with underwire padded scalloped cups. Lace inserts on front and side panels. Garter straps and matching panty','Sheer/Lace bustier with underwire padded scalloped cups. Lace inserts on front and side panels. Garter straps and matching panty','80455.jpg','Thumb_80455.jpg','Bustiers / Corsets',1893,'26.99','18.99',2,'Black -:- S->Black -:- M->Black -:- L->Black -:- X','Size complete','Black -:- S->Black -:- M->Black -:- L->Black -:- X'),(386,'80475','80475 - Pleather corset with boning and adjustable shoulder straps. Opening on front. Matching thong','Pleather corset with boning and adjustable shoulder straps. Opening on front. Matching thong','80475.jpg','Thumb_80475.jpg','Bustiers / Corsets',1984,'29.99','20.99',2,'Black -:- S->Black -:- M->Black -:- L->Black -:- X','Size complete','Black -:- S->Black -:- M->Black -:- L->Black -:- X'),(387,'80476','80476 - Heart shaped pleather corset with boning and zipper front opening. Detachable garter straps and matching pleather panty','Heart shaped pleather corset with boning and zipper front opening. Detachable garter straps and matching pleather panty','80476.jpg','Thumb_80476.jpg','Bustiers / Corsets',1915,'28.50','19.99',2,'Black -:- S->Black -:- M->Black -:- L->Black -:- X','Size complete','Black -:- S->Black -:- M->Black -:- L->Black -:- X'),(388,'80502','80502 - Rose embroidered top with underwire cups. Matching thong. No garter belt attached.','Rose embroidered top with underwire cups. Matching thong. No garter belt attached.','80502.jpg','Thumb_80502.jpg','Camisoles',1964,'28.49','19.99',2,'Black/Light Pink -:- S/M->Black/Light Pink -:- M/L','Size complete','Black/Light Pink -:- S/M->Black/Light Pink -:- M/L'),(389,'80509','80509 - Lace corset top with underwire pushup cups and boning. Detachable garter straps and matching panty','Lace corset top with underwire pushup cups and boning. Detachable garter straps and matching panty','80509.jpg','Thumb_80509.jpg','Bustiers / Corsets',1866,'28.49','19.99',2,'White -:- S->White -:- M->White -:- L->White -:- X','Size complete','White -:- S->White -:- M->White -:- L->White -:- X'),(390,'80459','80459 - Satin dragon print corset with boning. Closure at center front. Matching panty','Satin dragon print corset with boning. Closure at center front. Matching panty','80459.jpg','Thumb_80459.jpg','Bustiers / Corsets',945,'37.00','25.99',2,'Black/Green -:- S->Black/Green -:- M->Black/Green ','Size complete','Black/Green -:- S->Black/Green -:- M->Black/Green '),(391,'80462','80462 - Satin/polka dot fishnet corset with boning and underwire cups. Invisible hook and eye closer at front. Lace up back. Matching panty','Satin/polka dot fishnet corset with boning and underwire cups. Invisible hook and eye closer at front. Lace up back. Matching panty','80462.jpg','Thumb_80462.jpg','Bustiers / Corsets',100,'35.75','24.99',2,'Red/Black -:- S','Size not complete',''),(392,'80488','80488 - Heart shaped cherry blossom satin print corset with boning. Opening along front with hook and eyes. Matching cherry blossom panty','Heart shaped cherry blossom satin print corset with boning. Opening along front with hook and eyes. Matching cherry blossom panty','80488.jpg','Thumb_80488.jpg','Bustiers / Corsets',20,'32.74','22.99',2,'Grape -:- S->Grape -:- M','Size not complete',''),(393,'80507','80507 - Embroidered satin corset with boning and underwire pushup cups. Closure on front and matching panty','Embroidered satin corset with boning and underwire pushup cups. Closure on front and matching panty','80507.jpg','Thumb_80507.jpg','Bustiers / Corsets',0,'37.00','25.99',2,'Satin Baby Blue -:- S->Satin Baby Blue -:- M->Sati','Size complete','Satin Baby Blue -:- S->Satin Baby Blue -:- M->Sati'),(394,'80508','80508 - Embroidered satin corset with boning and underwire pushup cups. Bead trim on top of corset. Closure on front and matching panty','Embroidered satin corset with boning and underwire pushup cups. Bead trim on top of corset. Closure on front and matching panty','80508.jpg','Thumb_80508.jpg','Bustiers / Corsets',971,'34.25','23.99',2,'White -:- S/M->White -:- M/L','Size not complete',''),(395,'80469','80469 - Lace corset with underwire pushup bra. Weaved thin satin ribbon on top and bottom edge. Metal closures along center front. Lace up back closure. Matching panty','Lace corset with underwire pushup bra. Weaved thin satin ribbon on top and bottom edge. Metal closures along center front. Lace up back closure. Matching panty','80469.jpg','Thumb_80469.jpg','Bustiers / Corsets',1906,'35.75','24.99',2,'Black/Pink -:- S->Black/Pink -:- M->Black/Pink -:-','Size complete','Black/Pink -:- S->Black/Pink -:- M->Black/Pink -:-'),(396,'80471','80471 - Heart shaped fitted corset with boning. Closure along center front. Satin trim along top and bottom edge. Lace up back closure. Matching panty','Heart shaped fitted corset with boning. Closure along center front. Satin trim along top and bottom edge. Lace up back closure. Matching panty','80471.jpg','Thumb_80471.jpg','Bustiers / Corsets',1949,'34.24','23.99',2,'Ivory -:- S->Ivory -:- XL','Size not complete',''),(397,'80500','80500 - Embroidered eyelet corset with boning. Underwire soft cups with lace trim on top and bottom. Front closure with metal clasps','Embroidered eyelet corset with boning. Underwire soft cups with lace trim on top and bottom. Front closure with metal clasps','80500.jpg','Thumb_80500.jpg','Bustiers / Corsets',0,'37.00','25.99',2,'Rose/Ivory -:- S','Size not complete',''),(398,'80485','80485 - Shiny pleather underwire cup bustier. Pleather panty with long chain fringe','Shiny pleather underwire cup bustier. Pleather panty with long chain fringe','80485.jpg','Thumb_80485.jpg','Bustiers / Corsets',1985,'42.74','29.99',2,'Black -:- S->Black -:- M->Black -:- L->Black -:- X','Size complete','Black -:- S->Black -:- M->Black -:- L->Black -:- X'),(399,'80445','80445 - Floral lace triangle soft cup flyaway babydoll with satin ties at center of bra. Matching floral panty','Floral lace triangle soft cup flyaway babydoll with satin ties at center of bra. Matching floral panty','80445.jpg','Thumb_80445.jpg','Babydolls',1946,'24.25','16.99',2,'Black/Pink -:- S/M->Black/Pink -:- M/L->Black/Pink','Size complete','Black/Pink -:- S/M->Black/Pink -:- M/L->Black/Pink'),(400,'80446','80446 - Faux leather soft cup halter teddy with gromets accents. Ties at front','Faux leather soft cup halter teddy with gromets accents. Ties at front','80446.jpg','Thumb_80446.jpg','Teddies',1981,'28.50','19.99',2,'Black -:- S->Black -:- M->Black -:- L->Black -:- X','Size complete','Black -:- S->Black -:- M->Black -:- L->Black -:- X'),(401,'80451','80451 - Fitted cherry blossom satin corset with heart top. Boning in corset&comma; back closure. Matching cherry blossom satin panty.','Fitted cherry blossom satin corset with heart top. Boning in corset&comma; back closure. Matching cherry blossom satin panty.','80451.jpg','Thumb_80451.jpg','Bustiers / Corsets',1000,'21.50','14.99',2,'Sea Blue -:- S->Sea Blue -:- M->Sea Blue -:- L->Se','Size complete','Sea Blue -:- S->Sea Blue -:- M->Sea Blue -:- L->Se'),(402,'80453','80453 - Satin slip with soft cup lace bra. Small satin bow at end of slit. Adjustable straps and matching panty','Satin slip with soft cup lace bra. Small satin bow at end of slit. Adjustable straps and matching panty','80453.jpg','Thumb_80453.jpg','Chemises / Mini Dresses',1946,'19.99','13.99',2,'Black -:- S/M->Black -:- M/L','Size not complete',''),(403,'80454','80454 - Satin short sleeve collard mini blouse with plaid mini skirt and matching plaid neck tie','Satin short sleeve collard mini blouse with plaid mini skirt and matching plaid neck tie','80454.jpg','Thumb_80454.jpg','Costumes',0,'22.75','15.99',2,'Red Plaid -:- S','Size not complete',''),(404,'80456','80456 - Fitted satin floral print corset with trim on edges. Boning and metal closures at center front. Detachable garter straps and matching panty. Lace up back','Fitted satin floral print corset with trim on edges. Boning and metal closures at center front. Detachable garter straps and matching panty. Lace up back','80456.jpg','Thumb_80456.jpg','Bustiers / Corsets',0,'32.75','22.99',2,'Red Wine/Black -:- S','Size not complete',''),(405,'80460','80460 - Sheer flyaway babydoll with lace triangle soft cups. Matching lace panty','Sheer flyaway babydoll with lace triangle soft cups. Matching lace panty','80460.jpg','Thumb_80460.jpg','Babydolls',1959,'19.99','13.99',2,'Black/Red -:- S/M->Black/Red -:- M/L->Black/Red -:','Size complete','Black/Red -:- S/M->Black/Red -:- M/L->Black/Red -:'),(406,'80461','80461 - Stretch satin halter top with ties crossing at center of bust. Matching micro mini skirt with ties at sides','Stretch satin halter top with ties crossing at center of bust. Matching micro mini skirt with ties at sides','80461.jpg','Thumb_80461.jpg','Match Sets',1921,'19.99','13.99',2,'Black -:- XL','Size not complete',''),(407,'80463','80463 - Sheer bustier top with boning. Soft cup lace bra. Ties at center front. Detachable garter straps. Matching thong','Sheer bustier top with boning. Soft cup lace bra. Ties at center front. Detachable garter straps. Matching thong','80463.jpg','Thumb_80463.jpg','Bustiers / Corsets',1930,'24.25','16.99',2,'Black -:- S->Black -:- M->Black -:- L->Black -:- X','Size complete','Black -:- S->Black -:- M->Black -:- L->Black -:- X'),(408,'80477','80477 - Sheer embroidered corset with boning. Underwire pushup cups&comma; garter straps and matching panty','Sheer embroidered corset with boning. Underwire pushup cups&comma; garter straps and matching panty','80477.jpg','Thumb_80477.jpg','Bustiers / Corsets',1983,'27.00','18.99',2,'Black/Blue -:- XL','Size not complete',''),(409,'80480','80480 - Soft cup underwire lace bra with micro mini stretch lace skirt and matching thong','Soft cup underwire lace bra with micro mini stretch lace skirt and matching thong','80480.jpg','Thumb_80480.jpg','Match Sets',1914,'24.25','16.99',2,'White -:- S/M->White -:- M/L->White -:- XL','Size complete','White -:- S/M->White -:- M/L->White -:- XL'),(410,'80487','80487 - Heart shaped cherry blossom satin print corset with boning. Opening along front with hook and eyes. Matching cherry blossom panty','Heart shaped cherry blossom satin print corset with boning. Opening along front with hook and eyes. Matching cherry blossom panty','80487.jpg','Thumb_80487.jpg','Bustiers / Corsets',1860,'21.50','14.99',2,'Red -:- S->Red -:- M->Red -:- L->Red -:- 1X->Red -','Size not complete',''),(411,'80491','80491 - Sheer slip with underwire soft cups. Flower embroidery along hem and cups. Adjustable straps and sheer panty','Sheer slip with underwire soft cups. Flower embroidery along hem and cups. Adjustable straps and sheer panty','80491.jpg','Thumb_80491.jpg','Camisoles',1965,'22.75','15.99',2,'Black/Nude -:- S/M->Black/Nude -:- M/L->Black/Nude','Size complete','Black/Nude -:- S/M->Black/Nude -:- M/L->Black/Nude'),(412,'80492','80492 - Sheer button up blouse with satin collar&comma; cuffs and button plackets','Sheer button up blouse with satin collar&comma; cuffs and button plackets','80492.jpg','Thumb_80492.jpg','Babydolls',1956,'19.99','13.99',2,'Black -:- S->Black -:- M->Black -:- L->Black -:- X','Size complete','Black -:- S->Black -:- M->Black -:- L->Black -:- X'),(413,'80493','80493 - Cherry blossom print satin corset with boning. Flower lace trim on top and bottom edges. Closure on back. Matching panty. Detachable garter straps','Cherry blossom print satin corset with boning. Flower lace trim on top and bottom edges. Closure on back. Matching panty. Detachable garter straps','80493.jpg','Thumb_80493.jpg','Bustiers / Corsets',1923,'21.50','14.99',2,'Red -:- S->Red -:- M->Red -:- L->Red -:- 1X->Red -','Size not complete',''),(414,'80494','80494 - Long chiffon nightgown with lace soft cups and lace trim along side slit. Matching panty','Long chiffon nightgown with lace soft cups and lace trim along side slit. Matching panty','80494.jpg','Thumb_80494.jpg','Gowns',871,'32.85','22.99',2,'Soft Pink -:- S/M->Soft Pink -:- M/L->Soft Pink -:','Size complete','Soft Pink -:- S/M->Soft Pink -:- M/L->Soft Pink -:'),(415,'80495','80495 - Short satin robe with satin belt','Short satin robe with satin belt','80495.jpg','Thumb_80495.jpg','Robes',1941,'19.99','13.99',2,'Red -:- One Size->Red -:- XL','Size complete','Red -:- One Size->Red -:- XL'),(416,'80503','80503 - Long satin nightgown with scalloped lace trim down center back.','Long satin nightgown with scalloped lace trim down center back.','80503_1.jpg','Thumb_80503_1.jpg','Gowns',824,'31.50','21.99',2,'Pink/Black -:- S/M->Pink/Black -:- M/L->Pink/Black','Size complete','Pink/Black -:- S/M->Pink/Black -:- M/L->Pink/Black'),(417,'80504','80504 - Chemise with lace halter top. Gathered elastic back and ties at back. Matching thong','Chemise with lace halter top. Gathered elastic back and ties at back. Matching thong','80504_1.jpg','Thumb_80504_1.jpg','Chemises / Mini Dresses',970,'22.75','15.99',2,'Soft Pink -:- S/M->Soft Pink -:- M/L->Soft Pink -:','Size complete','Soft Pink -:- S/M->Soft Pink -:- M/L->Soft Pink -:'),(418,'80513','80513 - Satin slip with lace bust and hem','Satin slip with lace bust and hem','80513.jpg','Thumb_80513.jpg','Chemises / Mini Dresses',1975,'19.99','13.99',2,'Black -:- S/M->Black -:- M/L->Black -:- XL','Size complete','Black -:- S/M->Black -:- M/L->Black -:- XL'),(419,'80522','80522 - Fitted lace nightgown with center front slit on sheer skirt.  Matching thong','Fitted lace nightgown with center front slit on sheer skirt.  Matching thong','80522.jpg','Thumb_80522.jpg','Gowns',1977,'31.25','21.99',2,'Black -:- S/M->Black -:- M/L->Black -:- XL','Size complete','Black -:- S/M->Black -:- M/L->Black -:- XL'),(420,'80525','80525 - Sheer halter top babydoll with lace triangle soft cups.  Lettice edge hem.  Matching thong','Sheer halter top babydoll with lace triangle soft cups.  Lettice edge hem.  Matching thong','80525.jpg','Thumb_80525.jpg','Babydolls',1904,'22.84','15.99',2,'Black -:- S/M->Black -:- M/L->Black -:- XL','Size complete','Black -:- S/M->Black -:- M/L->Black -:- XL'),(421,'80526','80526 - Sheer french maid teddy with lace trim on neckline.  Tiny accent bows.    Small lace apron','Sheer french maid teddy with lace trim on neckline.  Tiny accent bows.    Small lace apron','80526.jpg','Thumb_80526.jpg','Teddies',1957,'19.99','13.99',2,'Black/White -:- S/M->Black/White -:- M/L->Black/Wh','Size complete','Black/White -:- S/M->Black/White -:- M/L->Black/Wh'),(422,'80530','80530 - Sheer satin halter bra with underwire.  Sheer satin bikini.  Polka dot halter strap and accent bows on bikini panty','Sheer satin halter bra with underwire.  Sheer satin bikini.  Polka dot halter strap and accent bows on bikini panty','80530.jpg','Thumb_80530.jpg','Match Sets',1872,'21.50','14.99',2,'Black -:- M/L','Size not complete',''),(423,'80532','80532 - Stretch satin bustier.    Lace trim on hem. Detachable garter straps and satin thong','Stretch satin bustier.    Lace trim on hem. Detachable garter straps and satin thong','80532.jpg','Thumb_80532.jpg','Bustiers / Corsets',1926,'24.25','16.99',2,'Black -:- S->Black -:- M->Black -:- L->Black -:- X','Size complete','Black -:- S->Black -:- M->Black -:- L->Black -:- X'),(424,'80537','80537 - Pinstripe slip with soft cup triangle lace cups and lace trim at hem.  Adjustable shoulder straps and pinstripe thong','Pinstripe slip with soft cup triangle lace cups and lace trim at hem.  Adjustable shoulder straps and pinstripe thong','80537.jpg','Thumb_80537.jpg','Camisoles',1958,'21.50','14.99',2,'Black -:- S/M->Black -:- M/L->Black -:- XL','Size complete','Black -:- S/M->Black -:- M/L->Black -:- XL'),(425,'80551','80551 - Satin print fitted babydoll with lace trim on necklnie.  Double satin shoulder straps and laceup front. Matching thong','Satin print fitted babydoll with lace trim on necklnie.  Double satin shoulder straps and laceup front. Matching thong','80551.jpg','Thumb_80551.jpg','Babydolls',1912,'27.00','18.99',2,'Purple/Black -:- S/M->Purple/Black -:- M/L','Size not complete',''),(426,'80554','80554 - Satin halter top gown with deep neckline with assymetrical skirt. Jeweled chain between bust. Matching thong','Satin halter top gown with deep neckline with assymetrical skirt. Jeweled chain between bust. Matching thong','80554.jpg','Thumb_80554.jpg','Gowns',1969,'31.41','21.99',2,'Soft Pink -:- S/M->Soft Pink -:- M/L->Soft Pink -:','Size complete','Soft Pink -:- S/M->Soft Pink -:- M/L->Soft Pink -:'),(427,'80555','80555 - Underwire polka dot soft cup bra with layered ruffles.  Matching crotchless thong-skirt with layered ruffles','Underwire polka dot soft cup bra with layered ruffles.  Matching crotchless thong-skirt with layered ruffles','80555.jpg','Thumb_80555.jpg','Match Sets',1983,'19.99','13.99',2,'Soft Pink -:- S/M->Soft Pink -:- M/L->Soft Pink -:','Size complete','Soft Pink -:- S/M->Soft Pink -:- M/L->Soft Pink -:'),(428,'80557','80557 - Lace center tie string bra with sheer triangle panels.  Matching lace thong','Lace center tie string bra with sheer triangle panels.  Matching lace thong','80557.jpg','Thumb_80557.jpg','Match Sets',1947,'18.50','12.99',2,'Soft Pink -:- XL','Size not complete',''),(429,'80559','80559 - Floral lace underwire  camisole with adjustable shoulder straps.  Matching thong','Floral lace underwire  camisole with adjustable shoulder straps.  Matching thong','80559.jpg','Thumb_80559.jpg','Camisoles',1980,'25.75','17.99',2,'Floral -:- S/M->Floral -:- M/L->Floral -:- XL','Size complete','Floral -:- S/M->Floral -:- M/L->Floral -:- XL'),(430,'80560','80560 - Sheer floral embroidered slip dress with layred sheer ruffles.  Sheer thong','Sheer floral embroidered slip dress with layred sheer ruffles.  Sheer thong','80560.jpg','Thumb_80560.jpg','Chemises / Mini Dresses',1970,'19.99','13.99',2,'Pink -:- S/M->Pink -:- XL','Size not complete',''),(431,'80564','80564 - Fishnet flyaway camisole with lace trim on edges and shoulder straps.  Soft triangle cups with peekaboo opening.  Matching fishnet thong','Fishnet flyaway camisole with lace trim on edges and shoulder straps.  Soft triangle cups with peekaboo opening.  Matching fishnet thong','80564.jpg','Thumb_80564.jpg','Camisoles',1995,'17.75','12.49',2,'Black/Pink -:- S/M->Black/Pink -:- M/L','Size not complete',''),(432,'80565','80565 - Short satin robe with waist tie (nightgown is not included)','Short satin robe with waist tie (nightgown is not included)','80565_1.jpg','Thumb_80565_1.jpg','Gowns',0,'21.25','14.75',2,'Purple/Satin Pink -:- One Size->Purple/Satin Pink ','Size complete','Purple/Satin Pink -:- One Size->Purple/Satin Pink '),(433,'80569','80569 - Sheer embroidered soft cup triangle bra with adjustable bra straps and matching boyshort panty','Sheer embroidered soft cup triangle bra with adjustable bra straps and matching boyshort panty','80569.jpg','Thumb_80569.jpg','Match Sets',1948,'18.50','12.99',2,'Black/Purple -:- S/M->Black/Purple -:- M/L->Black/','Size complete','Black/Purple -:- S/M->Black/Purple -:- M/L->Black/'),(434,'80572','80572 - Lace halter triangle soft cup babydoll with sheer bodice and lettice hems.  Matching thong thong','Lace halter triangle soft cup babydoll with sheer bodice and lettice hems.  Matching thong thong','80572.jpg','Thumb_80572.jpg','Babydolls',1977,'22.75','15.99',2,'Red -:- S/M->Red -:- M/L->Red -:- XL','Size complete','Red -:- S/M->Red -:- M/L->Red -:- XL'),(435,'80573','80573 - Sheer underwire soft cup bra with contrast satin ribbon and sheer ruffles.  Matching g-string with sheer ruffles on waistband','Sheer underwire soft cup bra with contrast satin ribbon and sheer ruffles.  Matching g-string with sheer ruffles on waistband','80573.jpg','Thumb_80573.jpg','Match Sets',1973,'19.99','13.99',2,'Red/Black -:- S/M->Red/Black -:- M/L->Red/Black -:','Size complete','Red/Black -:- S/M->Red/Black -:- M/L->Red/Black -:'),(436,'80579','80579 - Stretch  strapless softcup bra with string back and micromini g-string skirt','Stretch  strapless softcup bra with string back and micromini g-string skirt','80579.jpg','Thumb_80579.jpg','Match Sets',1977,'17.25','11.99',2,'Black/Cherry Print -:- S/M->Black/Cherry Print -:-','Size complete','Black/Cherry Print -:- S/M->Black/Cherry Print -:-'),(437,'80594','80594 - Longsleeve fishnet coverall with front satin ties.  Lace neckline and cuffs.  Matching thong','Longsleeve fishnet coverall with front satin ties.  Lace neckline and cuffs.  Matching thong','80594.jpg','Thumb_80594.jpg','Teddies',1964,'17.25','11.99',2,'White -:- S/M->White -:- M/L->White -:- XL','Size complete','White -:- S/M->White -:- M/L->White -:- XL'),(438,'80606','80606 - Zebra print g-string with satin tie attached to chocker','Zebra print g-string with satin tie attached to chocker','80606.jpg','Thumb_80606.jpg','Match Sets',1982,'14.25','9.99',2,'Black/White -:- One Size->Black/White -:- XL','Size complete','Black/White -:- One Size->Black/White -:- XL'),(439,'80612','80612 - Pleather halter open teddy with gromets along all edges and metal rings','Pleather halter open teddy with gromets along all edges and metal rings','80612.jpg','Thumb_80612.jpg','Teddies',1966,'32.75','22.99',2,'Black -:- S->Black -:- M->Black -:- L->Black -:- X','Size complete','Black -:- S->Black -:- M->Black -:- L->Black -:- X'),(440,'80613','80613 - Fishnet slip with fringe hem.  Matching thong','Fishnet slip with fringe hem.  Matching thong','80613.jpg','Thumb_80613.jpg','Chemises / Mini Dresses',1916,'18.50','12.99',2,'Black -:- S/M->Black -:- M/L->Black -:- XL','Size complete','Black -:- S/M->Black -:- M/L->Black -:- XL'),(441,'80617','80617 - Stretch sheer slip with peek a boo slits.  G-string','Stretch sheer slip with peek a boo slits.  G-string','80617.jpg','Thumb_80617.jpg','Chemises / Mini Dresses',1995,'17.25','11.99',2,'Black -:- S/M->Black -:- M/L->Black -:- XL','Size complete','Black -:- S/M->Black -:- M/L->Black -:- XL'),(442,'80329','80329 - Lace camisole with contrast binding. Lace up sides with ribbon and matching lace panty','Lace camisole with contrast binding. Lace up sides with ribbon and matching lace panty','80329.jpg','Thumb_80329.jpg','Camisoles',1989,'18.50','12.99',2,'Light Pink/Black -:- S/M->Light Pink/Black -:- M/L','Size complete','Light Pink/Black -:- S/M->Light Pink/Black -:- M/L'),(443,'80330','80330 - Lace soft cup halter babydoll dress with lace up at front. Side slits with tiny bows. Matching thong','Lace soft cup halter babydoll dress with lace up at front. Side slits with tiny bows. Matching thong','80330.jpg','Thumb_80330.jpg','Babydolls',1965,'19.99','13.99',2,'Light Pink/Black -:- S/M->Light Pink/Black -:- M/L','Size complete','Light Pink/Black -:- S/M->Light Pink/Black -:- M/L'),(444,'80331','80331 - Lace fitted babydoll with underwire bra. Side slits with tiny bows. Contrast binding on top edge to straps','Lace fitted babydoll with underwire bra. Side slits with tiny bows. Contrast binding on top edge to straps','80331.jpg','Thumb_80331.jpg','Babydolls',1973,'21.50','14.99',2,'Light Pink/Black -:- M/L->Light Pink/Black -:- XL','Size not complete',''),(445,'80332','80332 - Lace underwire babydoll with binding edges and sheer ruffles. Lace up on princess panels. Hook & eye back closure. Matching thong','Lace underwire babydoll with binding edges and sheer ruffles. Lace up on princess panels. Hook & eye back closure. Matching thong','80332.jpg','Thumb_80332.jpg','Babydolls',1968,'25.75','17.99',2,'Light Pink/Black -:- S->Light Pink/Black -:- M->Li','Size complete','Light Pink/Black -:- S->Light Pink/Black -:- M->Li'),(446,'80336','80336 - Underwire bra sheer teddy with garter straps. Lace embroidery on cup and center front of teddy. Adjustable shoulder straps and knee highs','Underwire bra sheer teddy with garter straps. Lace embroidery on cup and center front of teddy. Adjustable shoulder straps and knee highs','80336.jpg','Thumb_80336.jpg','Teddies',1997,'21.50','14.99',2,'Light Sky Blue -:- S/M->Light Sky Blue -:- M/L->Li','Size complete','Light Sky Blue -:- S/M->Light Sky Blue -:- M/L->Li'),(447,'80337','80337 - Sheer babydoll slip with side slits. Underwire lace bra attached. Adjustable bra straps','Sheer babydoll slip with side slits. Underwire lace bra attached. Adjustable bra straps','80337.jpg','Thumb_80337.jpg','Babydolls',1985,'21.50','14.99',2,'Light Sky Blue -:- S/M->Light Sky Blue -:- M/L->Li','Size complete','Light Sky Blue -:- S/M->Light Sky Blue -:- M/L->Li'),(448,'80338','80338 - Sheer top with underwire bra. Triangle shaped lace embroidery down center front covering bra. Detachable garter straps. Hook & eye back closure. Matching thong','Sheer top with underwire bra. Triangle shaped lace embroidery down center front covering bra. Detachable garter straps. Hook & eye back closure. Matching thong','80338.jpg','Thumb_80338.jpg','Bustiers / Corsets',1999,'24.25','16.99',2,'Light Sky Blue -:- S->Light Sky Blue -:- M->Light ','Size complete','Light Sky Blue -:- S->Light Sky Blue -:- M->Light '),(449,'80339','80339 - Sheer flyaway babydoll with soft lace contrast cups. Ribbon lacing under bust tying at center. Matching panty','Sheer flyaway babydoll with soft lace contrast cups. Ribbon lacing under bust tying at center. Matching panty','80339.jpg','Thumb_80339.jpg','Babydolls',1958,'18.50','12.99',2,'Light Sky Blue -:- S/M->Light Sky Blue -:- M/L->Li','Size complete','Light Sky Blue -:- S/M->Light Sky Blue -:- M/L->Li'),(450,'80340','80340 - Soft cup underwire babydoll with lace overlay panels. Ruffled chiffon hem','Soft cup underwire babydoll with lace overlay panels. Ruffled chiffon hem','80340.jpg','Thumb_80340.jpg','Babydolls',1981,'22.75','15.99',2,'Light Sky Blue -:- S/M->Light Sky Blue -:- M/L->Li','Size complete','Light Sky Blue -:- S/M->Light Sky Blue -:- M/L->Li'),(451,'80341','80341 - Sheer triangle top corset with front laceup. Boning in bodice&comma; side ruffles and lace on top of bra. Matching sheer panty','Sheer triangle top corset with front laceup. Boning in bodice&comma; side ruffles and lace on top of bra. Matching sheer panty','80341.jpg','Thumb_80341.jpg','Bustiers / Corsets',1995,'28.50','19.99',2,'Plum -:- S->Plum -:- M->Plum -:- L->Plum -:- XL','Size complete','Plum -:- S->Plum -:- M->Plum -:- L->Plum -:- XL'),(452,'80342','80342 - Sheer flyaway babydoll with underwire lace bra. Ribbon bow at center front and matching panty','Sheer flyaway babydoll with underwire lace bra. Ribbon bow at center front and matching panty','80342.jpg','Thumb_80342.jpg','Babydolls',1942,'25.75','17.99',2,'Plum -:- S/M->Plum -:- M/L->Plum -:- XL','Size complete','Plum -:- S/M->Plum -:- M/L->Plum -:- XL'),(453,'80343','80343 - Sheer flyaway babydoll with center panel. Shirred underwire bra cup with lace on top half of cup. Matching sheer panty','Sheer flyaway babydoll with center panel. Shirred underwire bra cup with lace on top half of cup. Matching sheer panty','80343.jpg','Thumb_80343.jpg','Babydolls',1984,'22.75','15.99',2,'Plum -:- M/L->Plum -:- XL','Size not complete',''),(454,'80344','80344 - Stretch chiffon corset top with scooped neckline. Lace detail on bra. Matching panty','Stretch chiffon corset top with scooped neckline. Lace detail on bra. Matching panty','80344.jpg','Thumb_80344.jpg','Camisoles',1991,'24.25','16.99',2,'Plum -:- S/M->Plum -:- M/L->Plum -:- XL','Size complete','Plum -:- S/M->Plum -:- M/L->Plum -:- XL'),(455,'80352','80352 - Lace overlay bandeau top babydoll with keyhole at center with halter tie. Satin ribbon at top edge. Matching thong','Lace overlay bandeau top babydoll with keyhole at center with halter tie. Satin ribbon at top edge. Matching thong','80352.jpg','Thumb_80352.jpg','Babydolls',1983,'22.75','15.99',2,'Black/Light Pink -:- S/M->Black/Light Pink -:- M/L','Size complete','Black/Light Pink -:- S/M->Black/Light Pink -:- M/L'),(456,'80353','80353 - Chiffon flyaway halter top with lace overlay triangle cups. Satin ties at center and around neck. Matching thong','Chiffon flyaway halter top with lace overlay triangle cups. Satin ties at center and around neck. Matching thong','80353.jpg','Thumb_80353.jpg','Camisoles',1997,'19.25','13.99',2,'Black/Light Pink -:- S/M->Black/Light Pink -:- M/L','Size complete','Black/Light Pink -:- S/M->Black/Light Pink -:- M/L'),(457,'80354','80354 - Flyaway chiffon babydoll with soft lace overlay cups. Satin ribbon under bra that ties at center. Matching thong','Flyaway chiffon babydoll with soft lace overlay cups. Satin ribbon under bra that ties at center. Matching thong','80354.jpg','Thumb_80354.jpg','Babydolls',1996,'20.75','14.50',2,'Black/Light Pink -:- S/M->Black/Light Pink -:- M/L','Size complete','Black/Light Pink -:- S/M->Black/Light Pink -:- M/L'),(458,'80355','80355 - Lace overlay underwire bustier with satin ribbon at center. Chiffon side panels and matching thong','Lace overlay underwire bustier with satin ribbon at center. Chiffon side panels and matching thong','80355.jpg','Thumb_80355.jpg','Camisoles',1980,'20.99','14.75',2,'Black/Light Pink -:- S/M->Black/Light Pink -:- M/L','Size complete','Black/Light Pink -:- S/M->Black/Light Pink -:- M/L'),(459,'80374','80374 - Satin underwire bustier top with lace trim on bra and princess seam. Removable garter belt. Hook & eye back closure. Matching thong','Satin underwire bustier top with lace trim on bra and princess seam. Removable garter belt. Hook & eye back closure. Matching thong','80374.jpg','Thumb_80374.jpg','Camisoles',1976,'27.25','18.99',2,'Medium Violet Red/Black -:- S->Medium Violet Red/B','Size complete','Medium Violet Red/Black -:- S->Medium Violet Red/B'),(460,'80375','80375 - Georgette teddy with thick lace trim crossed along bodice','Georgette teddy with thick lace trim crossed along bodice','80375.jpg','Thumb_80375.jpg','Teddies',1993,'18.50','12.99',2,'Medium Violet Red/Black -:- S/M->Medium Violet Red','Size complete','Medium Violet Red/Black -:- S/M->Medium Violet Red'),(461,'80376','80376 - Georgette slip with lace trim along edges. Side slits with tiny bows. Matching thong','Georgette slip with lace trim along edges. Side slits with tiny bows. Matching thong','80376.jpg','Thumb_80376.jpg','Chemises / Mini Dresses',1991,'24.75','17.25',2,'Medium Violet Red/Black -:- XL','Size not complete',''),(462,'80377','80377 - Georgette underwire bra top with lace trim along bra edge. Contrast thin trim along hem and matching panty','Georgette underwire bra top with lace trim along bra edge. Contrast thin trim along hem and matching panty','80377.jpg','Thumb_80377.jpg','Camisoles',1975,'19.99','13.99',2,'Medium Violet Red/Black -:- S/M->Medium Violet Red','Size complete','Medium Violet Red/Black -:- S/M->Medium Violet Red'),(463,'80382','80382 - Gathered chiffon babydoll with rhinestones on top edge Small ruffled hem. Matching thong','Gathered chiffon babydoll with rhinestones on top edge Small ruffled hem. Matching thong','80382.jpg','Thumb_80382.jpg','Babydolls',1985,'21.50','14.99',2,'Black -:- S/M->Black -:- XL','Size not complete',''),(464,'80616','80616 - Lace soft cup triangle bra with front metal opening. Matching g-string','Lace soft cup triangle bra with front metal opening. Matching g-string','80616.jpg','Thumb_80616.jpg','Match Sets',1988,'16.75','11.75',2,'White -:- One Size->White -:- XL','Size complete','White -:- One Size->White -:- XL'),(465,'80441','80441 - Flyaway babydoll with satin bow.  Lace trimmed shoulder strap.  Matching thong','Flyaway babydoll with satin bow.  Lace trimmed shoulder strap.  Matching thong','80441.jpg','Thumb_80441.jpg','Babydolls',2000,'18.50','12.99',2,'Black/Pink -:- S->Black/Pink -:- M->Black/Pink -:-','Size complete','Black/Pink -:- S->Black/Pink -:- M->Black/Pink -:-'),(466,'80458','80458 - Sheer flyaway babydoll with contrast lettice edges. Floral contrast embroidered soft cups with satin ribbon ties. Sheer satin panty','Sheer flyaway babydoll with contrast lettice edges. Floral contrast embroidered soft cups with satin ribbon ties. Sheer satin panty','80458.jpg','Thumb_80458.jpg','Babydolls',1944,'19.65','13.75',2,'Black/Pink -:- S/M->Black/Pink -:- M/L->Black/Pink','Size complete','Black/Pink -:- S/M->Black/Pink -:- M/L->Black/Pink'),(467,'80470','80470 - Lace triangle cut top with ribbon ties along center front. Matching lace panty','Lace triangle cut top with ribbon ties along center front. Matching lace panty','80470.jpg','Thumb_80470.jpg','Camisoles',1879,'16.75','11.75',2,'White -:- S/M->White -:- M/L','Size not complete',''),(468,'80472','80472 - Lace top with contrast edge on top with a matching panty','Lace top with contrast edge on top with a matching panty','80472.jpg','Thumb_80472.jpg','Babydolls',1959,'16.75','11.75',2,'Black/Red -:- S/M->Black/Red -:- M/L->Black/Red -:','Size complete','Black/Red -:- S/M->Black/Red -:- M/L->Black/Red -:'),(469,'80481','80481 - Sheer blouse with satin collar&comma; cuffs and chest pockets','Sheer blouse with satin collar&comma; cuffs and chest pockets','80481.jpg','Thumb_80481.jpg','Babydolls',1935,'19.50','13.75',2,'White -:- S->White -:- M->White -:- L->White -:- X','Size complete','White -:- S->White -:- M->White -:- L->White -:- X'),(470,'80484','80484 - Long satin nightgown with lace trim on top bra edge. Ties are on back. Lace trim accents on back of gown.','Long satin nightgown with lace trim on top bra edge. Ties are on back. Lace trim accents on back of gown.','80484_1.jpg','Thumb_80484_1.jpg','Gowns',1935,'31.00','21.75',2,'Red -:- S/M->Red -:- M/L->Red -:- XL','Size complete','Red -:- S/M->Red -:- M/L->Red -:- XL'),(471,'80486','80486 - Stretch satin corset with boning. Underwire embroidered cups with lace shoulder straps. Matching embroidered panty','Stretch satin corset with boning. Underwire embroidered cups with lace shoulder straps. Matching embroidered panty','80486.jpg','Thumb_80486.jpg','Camisoles',1859,'23.50','15.75',2,'Black/Pink -:- S->Black/Pink -:- M->Black/Pink -:-','Size not complete',''),(472,'80506','80506 - Satin lace corset with hook and eye opening. Detachable garter straps and matching lace panty','Satin lace corset with hook and eye opening. Detachable garter straps and matching lace panty','80506.jpg','Thumb_80506.jpg','Bustiers / Corsets',1920,'31.00','21.75',2,'Black -:- S/M->Black -:- M/L->Black -:- XL','Size complete','Black -:- S/M->Black -:- M/L->Black -:- XL'),(473,'80516','80516 - Sheer lace night gown with soft cups.  Faux fur on neckline.  Attached sheer skirt bottom.  G-string','Sheer lace night gown with soft cups.  Faux fur on neckline.  Attached sheer skirt bottom.  G-string','80516.jpg','Thumb_80516.jpg','Gowns',1992,'26.75','18.75',2,'Black -:- S/M->Black -:- M/L->Black -:- XL','Size complete','Black -:- S/M->Black -:- M/L->Black -:- XL'),(474,'80520','80520 - Sheer fitted babydoll with lace trim.  Gathers at underbust and at skirt. Matching thong','Sheer fitted babydoll with lace trim.  Gathers at underbust and at skirt. Matching thong','80520.jpg','Thumb_80520.jpg','Babydolls',1967,'18.20','12.75',2,'Black -:- S->Black -:- M->Black -:- L->Black -:- X','Size complete','Black -:- S->Black -:- M->Black -:- L->Black -:- X'),(475,'80521','80521 - Long sheer nightgown with front keyhole.  Satin ribbon tie around under bust. Matching sheer thong','Long sheer nightgown with front keyhole.  Satin ribbon tie around under bust. Matching sheer thong','80521.jpg','Thumb_80521.jpg','Gowns',1973,'29.00','20.75',2,'Black -:- S->Black -:- M->Black -:- L->Black -:- X','Size complete','Black -:- S->Black -:- M->Black -:- L->Black -:- X'),(476,'80523','80523 - Sheer babydoll with side slits.  Lace soft cups halter.  Matching thong','Sheer babydoll with side slits.  Lace soft cups halter.  Matching thong','80523.jpg','Thumb_80523.jpg','Babydolls',1987,'18.25','12.75',2,'Black -:- S/M->Black -:- M/L->Black -:- XL','Size complete','Black -:- S/M->Black -:- M/L->Black -:- XL'),(477,'80524','80524 - Lace flyaway halter top nightgown with center ties.  Matching lace panty','Lace flyaway halter top nightgown with center ties.  Matching lace panty','80524.jpg','Thumb_80524.jpg','Gowns',1985,'28.25','19.75',2,'Black -:- S/M->Black -:- M/L->Black -:- XL','Size complete','Black -:- S/M->Black -:- M/L->Black -:- XL'),(478,'80528','80528 - Sheer flyaway babydoll with cross shoulder straps.  Matching sheer thong','Sheer flyaway babydoll with cross shoulder straps.  Matching sheer thong','80528.jpg','Thumb_80528.jpg','Babydolls',1989,'16.75','11.75',2,'Black -:- S/M->Black -:- M/L->Black -:- XL','Size complete','Black -:- S/M->Black -:- M/L->Black -:- XL'),(479,'80529','80529 - Sheer satin string strapless bikini top with square bust covers and center ring.  Matching thong','Sheer satin string strapless bikini top with square bust covers and center ring.  Matching thong','80529.jpg','Thumb_80529.jpg','Match Sets',1960,'15.35','10.75',2,'Black -:- S/M->Black -:- M/L->Black -:- XL','Size complete','Black -:- S/M->Black -:- M/L->Black -:- XL'),(480,'80533','80533 - Stretch lace bikini top with thin shoulder straps and matching bikini panty and wrist cuffs','Stretch lace bikini top with thin shoulder straps and matching bikini panty and wrist cuffs','80533.jpg','Thumb_80533.jpg','Match Sets',1966,'15.35','10.75',2,'Black -:- S/M->Black -:- M/L->Black -:- XL','Size complete','Black -:- S/M->Black -:- M/L->Black -:- XL'),(481,'80534','80534 - Lace mini camisole with underwire soft cups and adjustable shoulder straps.  Matching thong with sheer lettice trim on waistband','Lace mini camisole with underwire soft cups and adjustable shoulder straps.  Matching thong with sheer lettice trim on waistband','80534.jpg','Thumb_80534.jpg','Match Sets',1951,'18.75','12.75',2,'Black -:- S/M->Black -:- M/L->Black -:- XL','Size complete','Black -:- S/M->Black -:- M/L->Black -:- XL'),(482,'80535','80535 - Lace halter bikini top with lace thong. Separate satin ribbon garter straps','Lace halter bikini top with lace thong. Separate satin ribbon garter straps','80535.jpg','Thumb_80535.jpg','Match Sets',1974,'15.35','10.75',2,'Black -:- S/M->Black -:- M/L->Black -:- XL','Size complete','Black -:- S/M->Black -:- M/L->Black -:- XL'),(483,'80539','80539 - Sheer softcup babydoll with lettice hem and adjustable shoulder straps.  Matching thong','Sheer softcup babydoll with lettice hem and adjustable shoulder straps.  Matching thong','80539.jpg','Thumb_80539.jpg','Babydolls',1984,'15.35','10.75',2,'Black -:- S/M->Black -:- M/L->Black -:- XL','Size complete','Black -:- S/M->Black -:- M/L->Black -:- XL'),(484,'80540','80540 - Fitted stretch camisole with shirring detail and underwire cups.  Matching thong','Fitted stretch camisole with shirring detail and underwire cups.  Matching thong','80540.jpg','Thumb_80540.jpg','Camisoles',1922,'22.50','15.75',2,'Black -:- S->Black -:- M->Black -:- L->Black -:- X','Size complete','Black -:- S->Black -:- M->Black -:- L->Black -:- X'),(485,'80542','80542 - Sheer floral lace babydoll with underwire padded bra attached.  Matching thong','Sheer floral lace babydoll with underwire padded bra attached.  Matching thong','80542.jpg','Thumb_80542.jpg','Babydolls',1904,'21.00','14.75',2,'Black -:- S->Black -:- M->Black -:- L->Black -:- X','Size complete','Black -:- S->Black -:- M->Black -:- L->Black -:- X'),(486,'80543','80543 - Lace flyaway babydoll with center ties.  Matching lace thong','Lace flyaway babydoll with center ties.  Matching lace thong','80543.jpg','Thumb_80543.jpg','Babydolls',1967,'16.75','11.75',2,'Black -:- S/M->Black -:- M/L->Black -:- XL','Size complete','Black -:- S/M->Black -:- M/L->Black -:- XL'),(487,'80544','80544 - Fitted sheer camisole with lightly padded underwire cups.  Lace ribbon trims accenting camisole and thong','Fitted sheer camisole with lightly padded underwire cups.  Lace ribbon trims accenting camisole and thong','80544.jpg','Thumb_80544.jpg','Camisoles',1966,'23.75','16.75',2,'Hot Pink/Red -:- S->Hot Pink/Red -:- M->Hot Pink/R','Size complete','Hot Pink/Red -:- S->Hot Pink/Red -:- M->Hot Pink/R'),(488,'80546','80546 - Scoop neck sheer babydoll.  Satin ribbon woven into lace neckline.  Matching thong','Scoop neck sheer babydoll.  Satin ribbon woven into lace neckline.  Matching thong','80546.jpg','Thumb_80546.jpg','Babydolls',1983,'19.65','13.75',2,'Hot Pink -:- S->Hot Pink -:- M->Hot Pink -:- L->Ho','Size complete','Hot Pink -:- S->Hot Pink -:- M->Hot Pink -:- L->Ho'),(489,'80547','80547 - Sheer polka dot short sleeve babydoll with contrast ties at sleeves and neckline.  Matching thong','Sheer polka dot short sleeve babydoll with contrast ties at sleeves and neckline.  Matching thong','80547.jpg','Thumb_80547.jpg','Babydolls',1999,'19.65','13.75',2,'Pink/Yellow Strings -:- S->Pink/Yellow Strings -:-','Size complete','Pink/Yellow Strings -:- S->Pink/Yellow Strings -:-'),(490,'80548','80548 - Satin camisole with side panel ribbon ties.  Deep v neckline with lace trim.  Satin gathered hem with contrast lettice edges.  Matching thong','Satin camisole with side panel ribbon ties.  Deep v neckline with lace trim.  Satin gathered hem with contrast lettice edges.  Matching thong','80548.jpg','Thumb_80548.jpg','Babydolls',1985,'19.65','13.75',2,'Soft Pink/Black -:- S->Soft Pink/Black -:- M->Soft','Size complete','Soft Pink/Black -:- S->Soft Pink/Black -:- M->Soft'),(491,'80549','80549 - Sheer flyaway babydoll with lace triangle soft cups.  Matching lace g-string','Sheer flyaway babydoll with lace triangle soft cups.  Matching lace g-string','80549.jpg','Thumb_80549.jpg','Babydolls',1948,'21.00','14.75',2,'Pink -:- S/M->Pink -:- M/L->Pink -:- XL','Size complete','Pink -:- S/M->Pink -:- M/L->Pink -:- XL'),(492,'80550','80550 - Sheer sequence tiered layered camisole with lightly padded lace cups.  Satin ribbon shoulder straps and bow accents.  Matching tiered layered panty','Sheer sequence tiered layered camisole with lightly padded lace cups.  Satin ribbon shoulder straps and bow accents.  Matching tiered layered panty','80550.jpg','Thumb_80550.jpg','Babydolls',1943,'21.00','14.75',2,'Pink -:- S->Pink -:- M->Pink -:- L->Pink -:- XL','Size complete','Pink -:- S->Pink -:- M->Pink -:- L->Pink -:- XL'),(493,'80552','80552 - Stretch sheer slip with adjustable shoulder straps and sheer thong','Stretch sheer slip with adjustable shoulder straps and sheer thong','80552.jpg','Thumb_80552.jpg','Babydolls',1993,'18.25','12.75',2,'Soft Pink -:- S/M->Soft Pink -:- M/L->Soft Pink -:','Size complete','Soft Pink -:- S/M->Soft Pink -:- M/L->Soft Pink -:'),(494,'80556','80556 - Sheer slip with open laceup sides. Matching thong','Sheer slip with open laceup sides. Matching thong','80556.jpg','Thumb_80556.jpg','Babydolls',1886,'19.65','13.75',2,'Pink -:- S->Pink -:- M->Pink -:- L->Pink -:- XL','Size complete','Pink -:- S->Pink -:- M->Pink -:- L->Pink -:- XL'),(495,'80558','80558 - Satin camisole with side panel ribbon ties.  Deep v neckline with lace trim.  Satin gathered hem with contrast lettice edges.  Matching thong','Satin camisole with side panel ribbon ties.  Deep v neckline with lace trim.  Satin gathered hem with contrast lettice edges.  Matching thong','80558.jpg','Thumb_80558.jpg','Babydolls',1966,'21.00','14.75',2,'Satin Pink -:- S->Satin Pink -:- M->Satin Pink -:-','Size complete','Satin Pink -:- S->Satin Pink -:- M->Satin Pink -:-'),(496,'80561','80561 - Polka dot lace babydoll with drawstrings under bustline.  Adjustable shoulder straps and ruffled hem. Matching thong','Polka dot lace babydoll with drawstrings under bustline.  Adjustable shoulder straps and ruffled hem. Matching thong','80561.jpg','Thumb_80561.jpg','Babydolls',1970,'22.50','15.75',2,'Pink -:- S/M->Pink -:- M/L->Pink -:- XL','Size complete','Pink -:- S/M->Pink -:- M/L->Pink -:- XL'),(497,'80562','80562 - Sheer satin nightgown with soft cups.  Open sides with satin ties. Matching thong','Sheer satin nightgown with soft cups.  Open sides with satin ties. Matching thong','80562.jpg','Thumb_80562.jpg','Gowns',1997,'25.25','17.75',2,'Lavender -:- S->Lavender -:- M->Lavender -:- L->La','Size complete','Lavender -:- S->Lavender -:- M->Lavender -:- L->La'),(498,'80563','80563 - Short satin robe with contrast cuffs and satin tie around waist','Short satin robe with contrast cuffs and satin tie around waist','80563.jpg','Thumb_80563.jpg','Robes',1984,'21.00','14.75',2,'Satin Blue/White -:- One Size->Satin Blue/White -:','Size complete','Satin Blue/White -:- One Size->Satin Blue/White -:'),(499,'80566','80566 - Short satin robe with satin waist tie (nightgown is not included)','Short satin robe with satin waist tie (nightgown is not included)','80566.jpg','Thumb_80566.jpg','Robes',1966,'21.00','14.75',2,'Satin Pink/Black -:- One Size->Satin Pink/Black -:','Size complete','Satin Pink/Black -:- One Size->Satin Pink/Black -:'),(500,'80567','80567 - Sheer embroidered soft cup triangle bra with adjustable bra straps and matching boyshort panty','Sheer embroidered soft cup triangle bra with adjustable bra straps and matching boyshort panty','80567.jpg','Thumb_80567.jpg','Camisoles',1966,'16.75','11.75',2,'Black/Blue -:- S/M->Black/Blue -:- M/L->Black/Blue','Size complete','Black/Blue -:- S/M->Black/Blue -:- M/L->Black/Blue'),(501,'80571','80571 - Short sheer camisole with adjustable shoulder straps. Satin laceup front with contrast trim.  Matching sheer g-string with trim','Short sheer camisole with adjustable shoulder straps. Satin laceup front with contrast trim.  Matching sheer g-string with trim','80571.jpg','Thumb_80571.jpg','Camisoles',1994,'16.75','11.75',2,'Black/Red -:- S/M->Black/Red -:- M/L->Black/Red -:','Size complete','Black/Red -:- S/M->Black/Red -:- M/L->Black/Red -:'),(502,'80574','80574 - Satin halter babydoll with lace trim on bodice. Matching thong','Satin halter babydoll with lace trim on bodice. Matching thong','80574.jpg','Thumb_80574.jpg','Babydolls',1937,'21.00','14.75',2,'Red -:- S->Red -:- M->Red -:- L->Red -:- XL','Size complete','Red -:- S->Red -:- M->Red -:- L->Red -:- XL'),(503,'80575','80575 - Lace underwire soft cup camisole with adjustable shoulder straps.  Thong with sheer ruffles on waistband','Lace underwire soft cup camisole with adjustable shoulder straps.  Thong with sheer ruffles on waistband','80575.jpg','Thumb_80575.jpg','Match Sets',1984,'19.65','13.75',2,'Red -:- S/M->Red -:- M/L->Red -:- XL','Size complete','Red -:- S/M->Red -:- M/L->Red -:- XL'),(504,'80578','80578 - Stretch lace cami with strappy cross front.  Matching lace g-string with strap accents','Stretch lace cami with strappy cross front.  Matching lace g-string with strap accents','80578.jpg','Thumb_80578.jpg','Camisoles',1966,'15.35','10.75',2,'Red -:- S/M->Red -:- M/L','Size not complete',''),(505,'80582','80582 - Sheer softcup babydoll with ruffled hem and polka dot shoulder ties.  Matching thong','Sheer softcup babydoll with ruffled hem and polka dot shoulder ties.  Matching thong','80582.jpg','Thumb_80582.jpg','Babydolls',1952,'18.25','12.75',2,'Pink/Black -:- S->Pink/Black -:- M->Pink/Black -:-','Size complete','Pink/Black -:- S->Pink/Black -:- M->Pink/Black -:-'),(506,'80583','80583 - Open softcup triangle bra with lace trim and lace bikini panty.  Lace cuffs with gold chain attached to lace choker','Open softcup triangle bra with lace trim and lace bikini panty.  Lace cuffs with gold chain attached to lace choker','80583.jpg','Thumb_80583.jpg','Match Sets',1958,'16.75','11.75',2,'Black -:- One Size->Black -:- XL','Size complete','Black -:- One Size->Black -:- XL'),(507,'80588','80588 - Lace soft cup halter top with shirred panel bodice with attached garter straps.  Matching thong','Lace soft cup halter top with shirred panel bodice with attached garter straps.  Matching thong','80588.jpg','Thumb_80588.jpg','Babydolls',1893,'22.50','15.75',2,'White -:- S->White -:- M->White -:- L->White -:- X','Size complete','White -:- S->White -:- M->White -:- L->White -:- X'),(508,'80591','80591 - Babydoll with triangle soft cups with slits.  Layered ruffled lace on cups and hem.  Sheer g-string','Babydoll with triangle soft cups with slits.  Layered ruffled lace on cups and hem.  Sheer g-string','80591.jpg','Thumb_80591.jpg','Babydolls',1901,'16.75','11.75',2,'White -:- S->White -:- M->White -:- L->White -:- X','Size complete','White -:- S->White -:- M->White -:- L->White -:- X'),(509,'80597','80597 - Lace soft cup halter top with shirred bodice slip.  Matching g-sting','Lace soft cup halter top with shirred bodice slip.  Matching g-sting','80597.jpg','Thumb_80597.jpg','Chemises / Mini Dresses',1962,'19.65','13.75',2,'Light Mint Green -:- S->Light Mint Green -:- M->Li','Size not complete',''),(510,'80599','80599 - Sheer empire waist chemise with lace top and adjustable shoulder straps. Matching thong','Sheer empire waist chemise with lace top and adjustable shoulder straps. Matching thong','80599.jpg','Thumb_80599.jpg','Babydolls',1871,'19.65','13.75',2,'Sweet Peach -:- S->Sweet Peach -:- M->Sweet Peach ','Size complete','Sweet Peach -:- S->Sweet Peach -:- M->Sweet Peach '),(511,'80603','80603 - Sheer triangle soft cup babydoll with pleats. Satin ribbon.  Bikini panty','Sheer triangle soft cup babydoll with pleats. Satin ribbon.  Bikini panty','80603.jpg','Thumb_80603.jpg','Babydolls',1839,'18.25','12.75',2,'Sweet Sunshine -:- S->Sweet Sunshine -:- M->Sweet ','Size complete','Sweet Sunshine -:- S->Sweet Sunshine -:- M->Sweet '),(512,'80605','80605 - Sheer halter top with soft lace cups.  Lace boyshort panty','Sheer halter top with soft lace cups.  Lace boyshort panty','80605.jpg','Thumb_80605.jpg','Match Sets',851,'16.75','11.75',2,'Blue -:- S/M->Blue -:- M/L->Blue -:- XL','Size complete','Blue -:- S/M->Blue -:- M/L->Blue -:- XL'),(513,'80608','80608 - Camouflage triangle soft cup bra with matching panty','Camouflage triangle soft cup bra with matching panty','80608.jpg','Thumb_80608.jpg','Match Sets',1917,'15.35','10.75',2,'Camouflage -:- S/M->Camouflage -:- M/L->Camouflage','Size complete','Camouflage -:- S/M->Camouflage -:- M/L->Camouflage'),(514,'80614','80614 - Lace soft cup halter bra and low cut lace bikini panty','Lace soft cup halter bra and low cut lace bikini panty','80614.jpg','Thumb_80614.jpg','Match Sets',1990,'15.25','10.75',2,'Ivory White -:- S/M->Ivory White -:- M/L->Ivory Wh','Size complete','Ivory White -:- S/M->Ivory White -:- M/L->Ivory Wh'),(515,'80615','80615 - Stretch fishnet camisole with garter straps.  Matching panty','Stretch fishnet camisole with garter straps.  Matching panty','80615.jpg','Thumb_80615.jpg','Camisoles',1998,'15.25','10.75',2,'Black -:- S/M->Black -:- M/L->Black -:- XL','Size complete','Black -:- S/M->Black -:- M/L->Black -:- XL'),(516,'80618','80618 - Floral lace underwire soft cup camisole with adjustable shoulder straps.  Lace thong with sheer ruffles at waistband','Floral lace underwire soft cup camisole with adjustable shoulder straps.  Lace thong with sheer ruffles at waistband','80618.jpg','Thumb_80618.jpg','Match Sets',1987,'19.75','13.75',2,'White -:- S/M->White -:- M/L->White -:- XL','Size complete','White -:- S/M->White -:- M/L->White -:- XL'),(517,'80620','80620 - Sheer babydoll with lace triangle soft cups and small keyhole.  Adjustable shoulder straps and g-string','Sheer babydoll with lace triangle soft cups and small keyhole.  Adjustable shoulder straps and g-string','80620.jpg','Thumb_80620.jpg','Babydolls',1981,'19.75','13.75',2,'White -:- S->White -:- M->White -:- L->White -:- X','Size complete','White -:- S->White -:- M->White -:- L->White -:- X'),(518,'80622','80622 - Stretch floral lace halter bra with elastic.  Matching lace g-string','Stretch floral lace halter bra with elastic.  Matching lace g-string','80622.jpg','Thumb_80622.jpg','Match Sets',1989,'15.25','10.75',2,'White -:- S/M->White -:- M/L->White -:- XL','Size complete','White -:- S/M->White -:- M/L->White -:- XL'),(519,'80623','80623 - Sheer soft cup flyaway night gown with accent ribbon trim and ties at neck.  Matching g-string','Sheer soft cup flyaway night gown with accent ribbon trim and ties at neck.  Matching g-string','80623.jpg','Thumb_80623.jpg','Gowns',1992,'26.75','18.75',2,'White Pink -:- S->White Pink -:- M->White Pink -:-','Size complete','White Pink -:- S->White Pink -:- M->White Pink -:-'),(520,'80728','80728 - Embroidered sheer triangle soft cup top bustier with laceup at front and sides.  Attached garter straps.  Matching thong','Embroidered sheer triangle soft cup top bustier with laceup at front and sides.  Attached garter straps.  Matching thong','80728.jpg','Thumb_80728.jpg','Bustiers / Corsets',1938,'22.75','15.99',2,'Black -:- S->Black -:- M->Black -:- L->Black -:- X','Size complete','Black -:- S->Black -:- M->Black -:- L->Black -:- X'),(521,'80626','80626 - Sheer halter top slip with white contrast on center bust.  Matching thong','Sheer halter top slip with white contrast on center bust.  Matching thong','80626.jpg','Thumb_80626.jpg','Chemises / Mini Dresses',1993,'21.25','14.95',2,'White -:- S/M->White -:- M/L->White -:- XL','Size complete','White -:- S/M->White -:- M/L->White -:- XL'),(522,'80627','80627 - Sheer babydoll with top lace trim and woven satin ribbon.  Sheer ruffled hem with lace trim.  Matching thong','Sheer babydoll with top lace trim and woven satin ribbon.  Sheer ruffled hem with lace trim.  Matching thong','80627_1.jpg','Thumb_80627_1.jpg','Babydolls',1952,'17.00','11.95',2,'White/Purple -:- S/M->White/Purple -:- M/L->White/','Size complete','White/Purple -:- S/M->White/Purple -:- M/L->White/'),(523,'80628','80628 - Lace triangle soft cups halter top babydoll with sheer bodice.  Slits on princes seams and matching g string','Lace triangle soft cups halter top babydoll with sheer bodice.  Slits on princes seams and matching g string','80628.jpg','Thumb_80628.jpg','Babydolls',1971,'21.25','14.95',2,'White -:- S/M->White -:- M/L->White -:- XL','Size complete','White -:- S/M->White -:- M/L->White -:- XL'),(524,'80632','80632 - Sheer stretch slip with slits on princess lines.  Soft cups with lace embroidery. Matching lace panty','Sheer stretch slip with slits on princess lines.  Soft cups with lace embroidery. Matching lace panty','80632.jpg','Thumb_80632.jpg','Chemises / Mini Dresses',1977,'18.50','12.95',2,'White -:- S/M->White -:- M/L->White -:- XL','Size complete','White -:- S/M->White -:- M/L->White -:- XL'),(525,'80633','80633 - Sheer babydoll with lace bandeau cups and bow at center.  Matching sheer thong','Sheer babydoll with lace bandeau cups and bow at center.  Matching sheer thong','80633.jpg','Thumb_80633.jpg','Babydolls',1977,'18.50','12.95',2,'White -:- S/M->White -:- M/L','Size not complete',''),(526,'80635','80635 - Stretch satin v neck tank top with criss cross neckline and g string','Stretch satin v neck tank top with criss cross neckline and g string','80635.jpg','Thumb_80635.jpg','Chemises / Mini Dresses',1985,'18.50','12.95',2,'White -:- S/M->White -:- M/L->White -:- XL','Size complete','White -:- S/M->White -:- M/L->White -:- XL'),(527,'80646','80646 - Satin lace halter top with adjustable shoulder straps.  Lace trim on waistline that ties at back','Satin lace halter top with adjustable shoulder straps.  Lace trim on waistline that ties at back','80646_1.jpg','Thumb_80646_1.jpg','Chemises / Mini Dresses',1987,'18.50','12.95',2,'White -:- S/M->White -:- M/L->White -:- XL','Size complete','White -:- S/M->White -:- M/L->White -:- XL'),(528,'80647','80647 - Stretch sheer slip with keyhole center and ruffled hem.  Beaded shoulder straps through back','Stretch sheer slip with keyhole center and ruffled hem.  Beaded shoulder straps through back','80647_1.jpg','Thumb_80647_1.jpg','Chemises / Mini Dresses',1923,'18.50','12.95',2,'White -:- S/M->White -:- M/L->White -:- XL','Size complete','White -:- S/M->White -:- M/L->White -:- XL'),(529,'80649','80649 - Sheer backless teddy with embroidered cups.  Ruffles under bust and bikini line','Sheer backless teddy with embroidered cups.  Ruffles under bust and bikini line','80649_1.jpg','Thumb_80649_1.jpg','Teddies',1956,'16.95','11.95',2,'White -:- S/M->White -:- M/L->White -:- XL','Size complete','White -:- S/M->White -:- M/L->White -:- XL'),(530,'80658','80658 - Embroidered triangle bra with sheer ruffles and matching embroidered g string.  Sheer blouse with ruffled hem and cuffs','Embroidered triangle bra with sheer ruffles and matching embroidered g string.  Sheer blouse with ruffled hem and cuffs','80658.jpg','Thumb_80658.jpg','Match Sets',1924,'19.95','13.95',2,'White -:- S/M->White -:- M/L->White -:- XL','Size complete','White -:- S/M->White -:- M/L->White -:- XL'),(531,'80660','80660 - Lace underwire half cup bra with triangle lace garter belt with straps','Lace underwire half cup bra with triangle lace garter belt with straps','80660.jpg','Thumb_80660.jpg','Match Sets',1983,'19.95','13.95',2,'White -:- S/M->White -:- M/L->White -:- XL','Size complete','White -:- S/M->White -:- M/L->White -:- XL'),(532,'80668','80668 - Satin lace corset with metal closures on front with lace up back.  Matching lace g string','Satin lace corset with metal closures on front with lace up back.  Matching lace g string','80668_1.jpg','Thumb_80668_1.jpg','Bustiers / Corsets',1908,'32.75','22.95',2,'Black/Red -:- S->Black/Red -:- M->Black/Red -:- L-','Size complete','Black/Red -:- S->Black/Red -:- M->Black/Red -:- L-'),(533,'80669','80669 - Satin lace corset with underwire cups and trim on top and bottom hem.  Front metal closures and lace up back.  Matching g string','Satin lace corset with underwire cups and trim on top and bottom hem.  Front metal closures and lace up back.  Matching g string','80669_1.jpg','Thumb_80669_1.jpg','Bustiers / Corsets',1951,'35.65','24.95',2,'Red/Black -:- S->Red/Black -:- M->Red/Black -:- L-','Size complete','Red/Black -:- S->Red/Black -:- M->Red/Black -:- L-'),(534,'80670','80670 - Fitted satin dress with open front.  Metal rings down center front','Fitted satin dress with open front.  Metal rings down center front','80670.jpg','Thumb_80670.jpg','Chemises / Mini Dresses',1945,'22.75','15.95',2,'Purple -:- S/M->Purple -:- M/L->Purple -:- XL','Size complete','Purple -:- S/M->Purple -:- M/L->Purple -:- XL'),(535,'80671','80671 - Daisy print fitted corset with lace up back and matching g string','Daisy print fitted corset with lace up back and matching g string','80671_1.jpg','Thumb_80671_1.jpg','Bustiers / Corsets',1961,'32.75','22.95',2,'Black/Red -:- S->Black/Red -:- M->Black/Red -:- L-','Size complete','Black/Red -:- S->Black/Red -:- M->Black/Red -:- L-'),(536,'80672','80672 - Lace up back fitted corset with g string','Lace up back fitted corset with g string','80672_1.jpg','Thumb_80672_1.jpg','Bustiers / Corsets',1934,'35.50','24.95',2,'Black/Red -:- S->Black/Red -:- M->Black/Red -:- L-','Size complete','Black/Red -:- S->Black/Red -:- M->Black/Red -:- L-'),(537,'80680','80680 - Cherry print bra with matching g string','Cherry print bra with matching g string','80680.jpg','Thumb_80680.jpg','Match Sets',1987,'15.65','10.95',2,'Black/Yellow -:- S/M->Black/Yellow -:- M/L->Black/','Size complete','Black/Yellow -:- S/M->Black/Yellow -:- M/L->Black/'),(538,'80681','80681 - Satin corset with lace up detail on front and lace up on back.  Matching g string with lace up front','Satin corset with lace up detail on front and lace up on back.  Matching g string with lace up front','80681.jpg','Thumb_80681.jpg','Bustiers / Corsets',1985,'34.25','23.95',2,'Light Purple -:- S->Light Purple -:- M->Light Purp','Size complete','Light Purple -:- S->Light Purple -:- M->Light Purp'),(539,'80683','80683 - Satin sheer camisole with woven satin ribbon under bustline.  Matching g string with satin ribbon woven to waistline','Satin sheer camisole with woven satin ribbon under bustline.  Matching g string with satin ribbon woven to waistline','80683.jpg','Thumb_80683.jpg','Camisoles',1974,'17.00','11.95',2,'Light Purple/Black -:- S/M->Light Purple/Black -:-','Size complete','Light Purple/Black -:- S/M->Light Purple/Black -:-'),(540,'80684','80684 - Satin lace up corset with lace trim accents.  Underwire padded cups.  Ruffled hem and lace up back with satin bow.  Detachable garter straps and g string included','Satin lace up corset with lace trim accents.  Underwire padded cups.  Ruffled hem and lace up back with satin bow.  Detachable garter straps and g string included','80684_1.jpg','Thumb_80684_1.jpg','Bustiers / Corsets',1959,'35.50','24.95',2,'Purple/Pink -:- S->Purple/Pink -:- M->Purple/Pink ','Size complete','Purple/Pink -:- S->Purple/Pink -:- M->Purple/Pink '),(541,'80686','80686 - Lace triangle halter bra. Sheer leopard print skirt with thick stretch lace waistband.  Leopard g string','Lace triangle halter bra. Sheer leopard print skirt with thick stretch lace waistband.  Leopard g string','80686.jpg','Thumb_80686.jpg','Match Sets',1993,'28.50','19.95',2,'Neutral/Leopard -:- S/M->Neutral/Leopard -:- M/L->','Size complete','Neutral/Leopard -:- S/M->Neutral/Leopard -:- M/L->'),(542,'80689','80689 - Leopard tank top opened at center with lace and ribbon trim.  Matching g string with lace trim','Leopard tank top opened at center with lace and ribbon trim.  Matching g string with lace trim','80689.jpg','Thumb_80689.jpg','Match Sets',1881,'15.50','10.95',2,'Leopard -:- S/M->Leopard -:- M/L->Leopard -:- XL','Size complete','Leopard -:- S/M->Leopard -:- M/L->Leopard -:- XL'),(543,'80694','80694 - Satin underwire corset with trim on top and bottom hem.  Front closure and lace up back.  Matching g string','Satin underwire corset with trim on top and bottom hem.  Front closure and lace up back.  Matching g string','80694_1.jpg','Thumb_80694_1.jpg','Bustiers / Corsets',1949,'35.50','24.95',2,'Pink/Black -:- S->Pink/Black -:- M->Pink/Black -:-','Size complete','Pink/Black -:- S->Pink/Black -:- M->Pink/Black -:-'),(544,'80695','80695 - Heart shaped satin corset with metal front closure and back lace up.  Ruffled neckline and satin trim on hem.  Matching g string','Heart shaped satin corset with metal front closure and back lace up.  Ruffled neckline and satin trim on hem.  Matching g string','80695_1.jpg','Thumb_80695_1.jpg','Bustiers / Corsets',1972,'35.50','24.95',2,'Red -:- S->Red -:- M->Red -:- L->Red -:- XL','Size complete','Red -:- S->Red -:- M->Red -:- L->Red -:- XL'),(545,'80696','80696 - Heart shaped satin corset with round hem.  Front and back closures.  Matching g string','Heart shaped satin corset with round hem.  Front and back closures.  Matching g string','80696_1.jpg','Thumb_80696_1.jpg','Bustiers / Corsets',1974,'34.25','23.95',2,'Red -:- S->Red -:- M->Red -:- L->Red -:- XL','Size complete','Red -:- S->Red -:- M->Red -:- L->Red -:- XL'),(546,'80697','80697 - Lace mini top with sheer asymmetrical skirt with lace waistband','Lace mini top with sheer asymmetrical skirt with lace waistband','80697.jpg','Thumb_80697.jpg','Match Sets',1997,'28.50','19.95',2,'Pink -:- S/M->Pink -:- M/L->Pink -:- XL','Size complete','Pink -:- S/M->Pink -:- M/L->Pink -:- XL'),(547,'80706','80706 - Fitted velvet corset with center front closures.  Lace tie up back.  Matching g string','Fitted velvet corset with center front closures.  Lace tie up back.  Matching g string','80706.jpg','Thumb_80706.jpg','Bustiers / Corsets',1888,'35.50','24.95',2,'Black -:- S->Black -:- M->Black -:- L->Black -:- X','Size complete','Black -:- S->Black -:- M->Black -:- L->Black -:- X'),(548,'80707','80707 - Dot net soft cup camisole with gathers at princess lines with satin bows at bottom.  Boy cut panty with princess gathers at front and back with satin bows.  Accent trim edges with lettice hem','Dot net soft cup camisole with gathers at princess lines with satin bows at bottom.  Boy cut panty with princess gathers at front and back with satin bows.  Accent trim edges with lettice hem','80707_1.jpg','Thumb_80707_1.jpg','Camisoles',1908,'15.50','10.95',2,'Black/Light Pink -:- S/M->Black/Light Pink -:- M/L','Size complete','Black/Light Pink -:- S/M->Black/Light Pink -:- M/L'),(549,'80709','80709 - Long sheer nightgown with keyhole front.  Thin satin shoulder straps and under bust ties to back.  Heart pendant on center.  Matching g string','Long sheer nightgown with keyhole front.  Thin satin shoulder straps and under bust ties to back.  Heart pendant on center.  Matching g string','80709_1.jpg','Thumb_80709_1.jpg','Gowns',1988,'28.50','19.95',2,'Black/Silver -:- S->Black/Silver -:- M->Black/Silv','Size complete','Black/Silver -:- S->Black/Silver -:- M->Black/Silv'),(550,'80710','80710 - Sheer teddy with ruffled hem and under bust.  Lace soft cup halter bra.  Backless back','Sheer teddy with ruffled hem and under bust.  Lace soft cup halter bra.  Backless back','80710_1.jpg','Thumb_80710_1.jpg','Teddies',1996,'16.95','11.95',2,'Black -:- S/M->Black -:- M/L->Black -:- XL','Size complete','Black -:- S/M->Black -:- M/L->Black -:- XL'),(551,'80715','80715 - Fishnet racer back camisole with attached garter straps and adjustable shoulder straps.  Sheer triangle g string','Fishnet racer back camisole with attached garter straps and adjustable shoulder straps.  Sheer triangle g string','80715_1.jpg','Thumb_80715_1.jpg','Camisoles',1972,'17.00','11.95',2,'Black -:- S/M->Black -:- M/L->Black -:- XL','Size complete','Black -:- S/M->Black -:- M/L->Black -:- XL'),(552,'80717','80717 - Sheer long sleeve bolero top with ruffled cuffs. Ties at center.  Sheer g string','Sheer long sleeve bolero top with ruffled cuffs. Ties at center.  Sheer g string','80717.jpg','Thumb_80717.jpg','Match Sets',1964,'18.50','12.95',2,'Black -:- S/M->Black -:- M/L->Black -:- XL','Size complete','Black -:- S/M->Black -:- M/L->Black -:- XL'),(553,'80722','80722 - Sheer babydoll with keyhole front.  Satin ribbon ties to back and adjustable shoulder straps','Sheer babydoll with keyhole front.  Satin ribbon ties to back and adjustable shoulder straps','80722_1.jpg','Thumb_80722_1.jpg','Babydolls',1903,'19.95','13.95',2,'Black/Silver -:- S->Black/Silver -:- M->Black/Silv','Size complete','Black/Silver -:- S->Black/Silver -:- M->Black/Silv'),(554,'80724','80724 - Sheer robe with ruffled cuffs.  Fur trim on neckline through opening and satin front ties.  Trim ribbon on hemline','Sheer robe with ruffled cuffs.  Fur trim on neckline through opening and satin front ties.  Trim ribbon on hemline','80724.jpg','Thumb_80724.jpg','Robes',1950,'28.50','19.95',2,'Black/Red -:- S->Black/Red -:- M->Black/Red -:- L-','Size complete','Black/Red -:- S->Black/Red -:- M->Black/Red -:- L-'),(555,'80725','80725 - Lace triangle bra with ruffled sheer hem.  Matching lace g string.  Sheer blouse','Lace triangle bra with ruffled sheer hem.  Matching lace g string.  Sheer blouse','80725.jpg','Thumb_80725.jpg','Match Sets',1927,'18.50','12.95',2,'Black -:- S/M->Black -:- M/L->Black -:- XL','Size complete','Black -:- S/M->Black -:- M/L->Black -:- XL'),(556,'80584','80584 - Fitted stretch satin slip with underwire soft cups.  Sheer ruffles on cups and hem. Matching thong','Fitted stretch satin slip with underwire soft cups.  Sheer ruffles on cups and hem. Matching thong','80584.jpg','Thumb_80584.jpg','Chemises / Mini Dresses',1846,'22.50','15.75',2,'Black/Pink -:- S','Size not complete',''),(557,'80630','80630 - Stretch lace bandeau soft cup with sheer bodice.  Matching lace G-string','Stretch lace bandeau soft cup with sheer bodice.  Matching lace G-string','80630.jpg','Thumb_80630.jpg','Babydolls',1998,'18.25','12.75',2,'White -:- S/M->White -:- M/L->White -:- XL','Size complete','White -:- S/M->White -:- M/L->White -:- XL'),(558,'80631','80631 - Sheer flyaway camisole with satin underwire cups and center front closure.  Satin G-string','Sheer flyaway camisole with satin underwire cups and center front closure.  Satin G-string','80631.jpg','Thumb_80631.jpg','Match Sets',1997,'18.25','12.75',2,'White -:- S/M->White -:- M/L->White -:- XL','Size complete','White -:- S/M->White -:- M/L->White -:- XL'),(559,'80634','80634 - Lace soft cup flyaway top with ruffled bodice and bow in middle.  Matching panty with ruffled waistband','Lace soft cup flyaway top with ruffled bodice and bow in middle.  Matching panty with ruffled waistband','80634.jpg','Thumb_80634.jpg','Babydolls',1999,'19.75','13.75',2,'White -:- S/M->White -:- M/L->White -:- XL','Size complete','White -:- S/M->White -:- M/L->White -:- XL'),(560,'80636','80636 - Sheer halter top with lace under bust.  Matching G-string','Sheer halter top with lace under bust.  Matching G-string','80636.jpg','Thumb_80636.jpg','Babydolls',1998,'19.75','13.75',2,'White -:- S/M->White -:- M/L->White -:- XL','Size complete','White -:- S/M->White -:- M/L->White -:- XL'),(561,'80637','80637 - Long sheer off the shoulder nightgown with lace top and rose bow on center.  Matching lace panty','Long sheer off the shoulder nightgown with lace top and rose bow on center.  Matching lace panty','80637.jpg','Thumb_80637.jpg','Gowns',1987,'29.75','20.75',2,'White -:- S/M->White -:- M/L->White -:- XL','Size complete','White -:- S/M->White -:- M/L->White -:- XL'),(562,'80638','80638 - Short gathered babydoll with adjustable straps and satin ribbon under bust.  Matching thong','Short gathered babydoll with adjustable straps and satin ribbon under bust.  Matching thong','80638.jpg','Thumb_80638.jpg','Babydolls',1999,'19.75','13.75',2,'White -:- S/M->White -:- M/L->White -:- XL','Size complete','White -:- S/M->White -:- M/L->White -:- XL'),(563,'80639','80639 - Lace/sheer babydoll with center lace up detail and adjustable shoulder straps.  Matching lace panty','Lace/sheer babydoll with center lace up detail and adjustable shoulder straps.  Matching lace panty','80639.jpg','Thumb_80639.jpg','Babydolls',1999,'18.25','12.75',2,'White -:- S/M->White -:- M/L->White -:- XL','Size complete','White -:- S/M->White -:- M/L->White -:- XL'),(564,'80641','80641 - Sheer layered blouse with lace bandeau top with flower bow at center.  Matching thong','Sheer layered blouse with lace bandeau top with flower bow at center.  Matching thong','80641.jpg','Thumb_80641.jpg','Babydolls',1993,'19.75','13.75',2,'White -:- S/M->White -:- M/L->White -:- XL','Size complete','White -:- S/M->White -:- M/L->White -:- XL'),(565,'80643','80643 - Dot net soft cup teddy with faux fur trim on top and bottom hem. Faux fur at bottom back of teddy.  Matching G-string','Dot net soft cup teddy with faux fur trim on top and bottom hem. Faux fur at bottom back of teddy.  Matching G-string','80643_1.jpg','Thumb_80643_1.jpg','Teddies',1997,'26.50','18.50',2,'White -:- S/M->White -:- M/L->White -:- XL','Size complete','White -:- S/M->White -:- M/L->White -:- XL'),(566,'80645','80645 - Soft cup lace triangle bra with sheer panty.  Sheer slip over','Soft cup lace triangle bra with sheer panty.  Sheer slip over','80645_1.jpg','Thumb_80645_1.jpg','Chemises / Mini Dresses',2000,'19.75','13.75',2,'White -:- S->White -:- M->White -:- L->White -:- X','Size complete','White -:- S->White -:- M->White -:- L->White -:- X'),(567,'80648','80648 - Sheer slip with underwire embroidered soft cups with adjustable straps.  Ruffled hem and adjustable garter straps.  G-string included','Sheer slip with underwire embroidered soft cups with adjustable straps.  Ruffled hem and adjustable garter straps.  G-string included','80648.jpg','Thumb_80648.jpg','Babydolls',1999,'21.25','14.75',2,'White -:- S/M->White -:- M/L->White -:- XL','Size complete','White -:- S/M->White -:- M/L->White -:- XL'),(568,'80650','80650 - Sheer long sleeve blouse with fur trim and satin ties at front.  Sheer panty with satin side ties','Sheer long sleeve blouse with fur trim and satin ties at front.  Sheer panty with satin side ties','80650.jpg','Thumb_80650.jpg','Robes',1997,'25.00','17.50',2,'White -:- S->White -:- M->White -:- L->White -:- X','Size complete','White -:- S->White -:- M->White -:- L->White -:- X'),(569,'80652','80652 - Satin front lace up corset with lace panels and trim.  Underwire cups and garter straps.  Matching thong','Satin front lace up corset with lace panels and trim.  Underwire cups and garter straps.  Matching thong','80652.jpg','Thumb_80652.jpg','Bustiers / Corsets',1998,'35.50','24.75',2,'Pink/White -:- M->Pink/White -:- L','Size not complete',''),(570,'80653','80653 - Embroidered sheer bikini top with matching boy shorts','Embroidered sheer bikini top with matching boy shorts','80653.jpg','Thumb_80653.jpg','Match Sets',1993,'17.00','11.75',2,'White -:- S/M->White -:- M/L->White -:- XL','Size complete','White -:- S/M->White -:- M/L->White -:- XL'),(571,'80654','80654 - Fitted stretch sheer top with halter lace trim.  Lace criss cross lace up on front.  Lace G-string','Fitted stretch sheer top with halter lace trim.  Lace criss cross lace up on front.  Lace G-string','80654_1.jpg','Thumb_80654_1.jpg','Match Sets',1997,'19.75','13.75',2,'White -:- S/M->White -:- M/L->White -:- XL','Size complete','White -:- S/M->White -:- M/L->White -:- XL'),(572,'80655','80655 - Sheer soft cup triangle bra with lace ribbon edges.  Matching G-string.  Sheer short long sleeve camisole with ruffled hem and cuffs','Sheer soft cup triangle bra with lace ribbon edges.  Matching G-string.  Sheer short long sleeve camisole with ruffled hem and cuffs','80655_1.jpg','Thumb_80655_1.jpg','Match Sets',1999,'21.25','14.75',2,'White/Pink -:- S->White/Pink -:- M->White/Pink -:-','Size complete','White/Pink -:- S->White/Pink -:- M->White/Pink -:-'),(573,'80656','80656 - Open cup fur trim bra with front closure.  Fur front G-string with front closure','Open cup fur trim bra with front closure.  Fur front G-string with front closure','80656.jpg','Thumb_80656.jpg','Match Sets',1989,'18.25','12.75',2,'White -:- One Size->White -:- XL','Size complete','White -:- One Size->White -:- XL'),(574,'80657','80657 - Lace soft cup fitted top with satin panel.  Lace boy short panty with satin panel','Lace soft cup fitted top with satin panel.  Lace boy short panty with satin panel','80657.jpg','Thumb_80657.jpg','Match Sets',1998,'19.75','13.75',2,'White -:- S->White -:- M->White -:- L->White -:- X','Size complete','White -:- S->White -:- M->White -:- L->White -:- X'),(575,'80662','80662 - Long sheer long sleeve robe with ruffled trim on edges and cuffs.  Sheer G-string','Long sheer long sleeve robe with ruffled trim on edges and cuffs.  Sheer G-string','80662.jpg','Thumb_80662.jpg','Robes',2000,'32.50','22.75',2,'White -:- S->White -:- M->White -:- L->White -:- X','Size complete','White -:- S->White -:- M->White -:- L->White -:- X'),(576,'80663','80663 - Long sheer gown with princess lines with lace top.  Sheer long sleeve robe with lace bodice and sleeves with ruffled trim.  Matching thong','Long sheer gown with princess lines with lace top.  Sheer long sleeve robe with lace bodice and sleeves with ruffled trim.  Matching thong','80663_1.jpg','Thumb_80663_1.jpg','Gowns',2000,'31.25','21.75',2,'White -:- S->White -:- M->White -:- L->White -:- X','Size complete','White -:- S->White -:- M->White -:- L->White -:- X'),(577,'80665','80665 - Short sleeve sheer dot nightgown with ruffled neckline.  Satin waistband with ties.  Pleated scoop slit with bow at edge.  Matching thong','Short sleeve sheer dot nightgown with ruffled neckline.  Satin waistband with ties.  Pleated scoop slit with bow at edge.  Matching thong','80665.jpg','Thumb_80665.jpg','Gowns',1999,'29.75','20.75',2,'White -:- S/M->White -:- M/L->White -:- XL','Size complete','White -:- S/M->White -:- M/L->White -:- XL'),(578,'80666','80666 - Sheer soft cup top gathered at center front with ruffled trim and lace up back. Long sheer skirt.  Matching thong','Sheer soft cup top gathered at center front with ruffled trim and lace up back. Long sheer skirt.  Matching thong','80666_1.jpg','Thumb_80666_1.jpg','Gowns',2000,'29.75','20.75',2,'White -:- S->White -:- M->White -:- L->White -:- X','Size complete','White -:- S->White -:- M->White -:- L->White -:- X'),(579,'80667','80667 - Long sleeve sheer robe with fur trim and sheer G-string','Long sleeve sheer robe with fur trim and sheer G-string','80667.jpg','Thumb_80667.jpg','Robes',1998,'29.75','20.75',2,'White -:- S->White -:- M->White -:- L->White -:- X','Size complete','White -:- S->White -:- M->White -:- L->White -:- X'),(580,'80673','80673 - Fitted satin dress with front keyhole with metal ring.  Back ties with metal rings on sides. Matching thong','Fitted satin dress with front keyhole with metal ring.  Back ties with metal rings on sides. Matching thong','80673_1.jpg','Thumb_80673_1.jpg','Chemises / Mini Dresses',1981,'19.75','13.75',2,'Purple -:- S/M->Purple -:- M/L->Purple -:- XL','Size complete','Purple -:- S/M->Purple -:- M/L->Purple -:- XL'),(581,'80674','80674 - Sheer flyaway night gown with lace soft cups and adjustable bra straps.  Lace G-string','Sheer flyaway night gown with lace soft cups and adjustable bra straps.  Lace G-string','80674.jpg','Thumb_80674.jpg','Gowns',1982,'22.50','15.75',2,'Light Blue/White -:- S/M->Light Blue/White -:- M/L','Size complete','Light Blue/White -:- S/M->Light Blue/White -:- M/L'),(582,'80676','80676 - Sheer lace babydoll with cap sleeves and satin top.  Matching satin G-string','Sheer lace babydoll with cap sleeves and satin top.  Matching satin G-string','80676.jpg','Thumb_80676.jpg','Babydolls',2000,'19.75','13.75',2,'Black/Blue -:- S/M->Black/Blue -:- M/L->Black/Blue','Size complete','Black/Blue -:- S/M->Black/Blue -:- M/L->Black/Blue'),(583,'80677','80677 - Sheer camisole with sheer G-string','Sheer camisole with sheer G-string','80677.jpg','Thumb_80677.jpg','Camisoles',1999,'16.75','11.75',2,'Green -:- S/M->Green -:- M/L->Green -:- XL','Size complete','Green -:- S/M->Green -:- M/L->Green -:- XL'),(584,'80688','80688 - Stretch sheer leopard camisole with deep v neck line.  Lace trim on neckline and back.  Matching G-string','Stretch sheer leopard camisole with deep v neck line.  Lace trim on neckline and back.  Matching G-string','80688_1.jpg','Thumb_80688_1.jpg','Camisoles',1995,'18.25','12.75',2,'Leopard -:- S/M->Leopard -:- M/L->Leopard -:- XL','Size complete','Leopard -:- S/M->Leopard -:- M/L->Leopard -:- XL'),(585,'80690','80690 - Soft cup triangle bra with leopard fringe.  Matching G-string with fringe','Soft cup triangle bra with leopard fringe.  Matching G-string with fringe','80690.jpg','Thumb_80690.jpg','Match Sets',2000,'17.00','11.75',2,'Leopard -:- One Size->Leopard -:- XL','Size complete','Leopard -:- One Size->Leopard -:- XL'),(586,'80691','80691 - Soft cup halter bra with front closure.  Matching G-string with side closure','Soft cup halter bra with front closure.  Matching G-string with side closure','80691.jpg','Thumb_80691.jpg','Match Sets',1996,'17.00','11.75',2,'Camouflage -:- One Size->Camouflage -:- XL','Size complete','Camouflage -:- One Size->Camouflage -:- XL'),(587,'80692','80692 - Lace babydoll top with sheer bodice.  Matching lace G-string','Lace babydoll top with sheer bodice.  Matching lace G-string','80692.jpg','Thumb_80692.jpg','Babydolls',2000,'18.25','12.75',2,'Yellow -:- S/M->Yellow -:- M/L->Yellow -:- XL','Size complete','Yellow -:- S/M->Yellow -:- M/L->Yellow -:- XL'),(588,'80701','80701 - Sheer soft cup camisole with string ties around back.  Matching sheer thong.','Sheer soft cup camisole with string ties around back.  Matching sheer thong.','80701.jpg','Thumb_80701.jpg','Camisoles',1999,'19.50','13.75',2,'Pink -:- S/M->Pink -:- M/L->Pink -:- XL','Size complete','Pink -:- S/M->Pink -:- M/L->Pink -:- XL'),(589,'80702','80702 - Halter bra with gathers on top of cups.  Adjustable straps.  Matching gathered G-string on waistline','Halter bra with gathers on top of cups.  Adjustable straps.  Matching gathered G-string on waistline','80702.jpg','Thumb_80702.jpg','Match Sets',1994,'17.00','11.75',2,'Pink -:- One Size->Pink -:- XL','Size complete','Pink -:- One Size->Pink -:- XL'),(590,'80703','80703 - Lace/sheer camisole with princess slit and matching lace G-string','Lace/sheer camisole with princess slit and matching lace G-string','80703.jpg','Thumb_80703.jpg','Camisoles',2000,'17.50','12.25',2,'Pink -:- S/M->Pink -:- M/L->Pink -:- XL','Size complete','Pink -:- S/M->Pink -:- M/L->Pink -:- XL'),(591,'80704','80704 - Satin underwire padded corset with lace panels and contrast boning.  Adjustable garter straps and matching lace G-string','Satin underwire padded corset with lace panels and contrast boning.  Adjustable garter straps and matching lace G-string','80704.jpg','Thumb_80704.jpg','Bustiers / Corsets',1963,'24.00','16.75',2,'Black/Pink -:- S->Black/Pink -:- M->Black/Pink -:-','Size complete','Black/Pink -:- S->Black/Pink -:- M->Black/Pink -:-'),(592,'80705','80705 - Black satin corset with front closures and mini padded cups.  Lace up back and satin G-string','Black satin corset with front closures and mini padded cups.  Lace up back and satin G-string','80705_1.jpg','Thumb_80705_1.jpg','Bustiers / Corsets',2000,'32.50','22.75',2,'Black/White -:- S->Black/White -:- M->Black/White ','Size complete','Black/White -:- S->Black/White -:- M->Black/White '),(593,'80708','80708 - Flyaway sheer camisole with embroidered top and satin ribbon under bust.  Matching sheer G-string','Flyaway sheer camisole with embroidered top and satin ribbon under bust.  Matching sheer G-string','80708.jpg','Thumb_80708.jpg','Camisoles',1997,'19.75','13.75',2,'Black/Light Pink -:- S/M->Black/Light Pink -:- M/L','Size complete','Black/Light Pink -:- S/M->Black/Light Pink -:- M/L'),(594,'80711','80711 - Lace sheer triangle bra with adjustable straps.  Leopard print sheer skirt with black sheer waistband. Come with thong','Lace sheer triangle bra with adjustable straps.  Leopard print sheer skirt with black sheer waistband. Come with thong','80711.jpg','Thumb_80711.jpg','Match Sets',2000,'18.25','12.75',2,'Black/Leopard -:- S/M->Black/Leopard -:- M/L->Blac','Size complete','Black/Leopard -:- S/M->Black/Leopard -:- M/L->Blac'),(595,'80712','80712 - Sheer baby doll with gathered neckline and satin ribbon around waistline. Matching thong','Sheer baby doll with gathered neckline and satin ribbon around waistline. Matching thong','80712.jpg','Thumb_80712.jpg','Babydolls',1994,'19.75','13.75',2,'Black/Pink -:- S->Black/Pink -:- M->Black/Pink -:-','Size complete','Black/Pink -:- S->Black/Pink -:- M->Black/Pink -:-'),(596,'80713','80713 - Open center soft cup bra.  Ties on one side to back.  Matching G-string with side ties','Open center soft cup bra.  Ties on one side to back.  Matching G-string with side ties','80713.jpg','Thumb_80713.jpg','Match Sets',1996,'18.00','12.50',2,'Black -:- S/M->Black -:- M/L->Black -:- XL','Size complete','Black -:- S/M->Black -:- M/L->Black -:- XL'),(597,'80714','80714 - Lace underwire soft cup corset with satin side panels.  Lace up on front and ruffled hem with detachable garter straps and adjustable shoulder straps.  Come with G-string','Lace underwire soft cup corset with satin side panels.  Lace up on front and ruffled hem with detachable garter straps and adjustable shoulder straps.  Come with G-string','80714_1.jpg','Thumb_80714_1.jpg','Bustiers / Corsets',1998,'35.50','24.75',2,'Black Lace -:- S->Black Lace -:- M->Black Lace -:-','Size complete','Black Lace -:- S->Black Lace -:- M->Black Lace -:-'),(598,'80718','80718 - Stretch sheer gathered shoulder band with fur ties.  Sheer gathered G-string with fur ties and string of pearls','Stretch sheer gathered shoulder band with fur ties.  Sheer gathered G-string with fur ties and string of pearls','80718.jpg','Thumb_80718.jpg','Match Sets',1999,'18.25','12.75',2,'Black -:- S/M->Black -:- M/L->Black -:- XL','Size complete','Black -:- S/M->Black -:- M/L->Black -:- XL'),(599,'80719','80719 - Sheer underwire babydoll with top closure.  Embroidery on cups and adjustable shoulder straps.  Come with G-string','Sheer underwire babydoll with top closure.  Embroidery on cups and adjustable shoulder straps.  Come with G-string','80719.jpg','Thumb_80719.jpg','Babydolls',1973,'19.00','13.25',2,'Black -:- S->Black -:- M->Black -:- L->Black -:- X','Size complete','Black -:- S->Black -:- M->Black -:- L->Black -:- X'),(600,'80720','80720 - Stretch triangle halter bra with center metal ring.  Stretch micro mini skirt with waistband and metal rings holding skirt together','Stretch triangle halter bra with center metal ring.  Stretch micro mini skirt with waistband and metal rings holding skirt together','80720_1.jpg','Thumb_80720_1.jpg','Match Sets',1955,'19.75','13.75',2,'Black -:- S/M->Black -:- M/L->Black -:- XL','Size complete','Black -:- S/M->Black -:- M/L->Black -:- XL'),(601,'80723','80723 - Pinstripe underwire soft cup slip with embroidered flowers on hem and cups.  Adjustable shoulder straps. Come with thong','Pinstripe underwire soft cup slip with embroidered flowers on hem and cups.  Adjustable shoulder straps. Come with thong','80723.jpg','Thumb_80723.jpg','Babydolls',1984,'21.25','14.75',2,'Black/White -:- S/M->Black/White -:- M/L->Black/Wh','Size complete','Black/White -:- S/M->Black/White -:- M/L->Black/Wh'),(602,'80726','80726 - Butterfly printed sheer slip with open sides connecting with ribbon. Come with matching thong','Butterfly printed sheer slip with open sides connecting with ribbon. Come with matching thong','80726_1.jpg','Thumb_80726_1.jpg','Chemises / Mini Dresses',1998,'19.00','13.25',2,'Black -:- S->Black -:- M->Black -:- L->Black -:- X','Size complete','Black -:- S->Black -:- M->Black -:- L->Black -:- X'),(603,'80727','80727 - Long sleeve ballerina top that ties around to front.  Matching thong','Long sleeve ballerina top that ties around to front.  Matching thong','80727.jpg','Thumb_80727.jpg','Match Sets',1951,'19.75','13.75',2,'Black -:- S->Black -:- M->Black -:- L->Black -:- X','Size complete','Black -:- S->Black -:- M->Black -:- L->Black -:- X'),(604,'80738','80738 - Stretch satin halter monokini with ring on center waist','Stretch satin halter monokini with ring on center waist','80738.jpg','Thumb_80738.jpg','Teddies',1980,'17.25','12.00',2,'Black -:- S/M->Black -:- M/L->Black -:- XL','Size complete','Black -:- S/M->Black -:- M/L->Black -:- XL'),(605,'80739','80739 - Sheer babydoll with satin underwire padded cups and satin hem trim.  Lace on top half of cups and hem.  Adjustable traps and matching panty','Sheer babydoll with satin underwire padded cups and satin hem trim.  Lace on top half of cups and hem.  Adjustable traps and matching panty','80739.jpg','Thumb_80739.jpg','Babydolls',1835,'23.25','14.75',2,'Blue Green/Black -:- S->Blue Green/Black -:- M->Bl','Size not complete',''),(606,'80740','80740 - Satin triangle cup mini slip with scalloped lace trim on hem and bra.  Come with panty','Satin triangle cup mini slip with scalloped lace trim on hem and bra.  Come with panty','80740.jpg','Thumb_80740.jpg','Chemises / Mini Dresses',1952,'21.25','14.75',2,'Aqua/Black -:- S/M->Aqua/Black -:- M/L->Aqua/Black','Size complete','Aqua/Black -:- S/M->Aqua/Black -:- M/L->Aqua/Black'),(607,'80741','80741 - Underwire padded lace/satin bra.  Bottom half of cup has polka dot lace.  Top half of cup has scalloped floral lace.  Matchin lace/satin micro mini skirt with detachable garter straps','Underwire padded lace/satin bra.  Bottom half of cup has polka dot lace.  Top half of cup has scalloped floral lace.  Matchin lace/satin micro mini skirt with detachable garter straps','80741.jpg','Thumb_80741.jpg','Match Sets',1816,'22.25','14.75',2,'Turquoise/Black -:- S->Turquoise/Black -:- M->Turq','Size not complete',''),(608,'80742','80742 - Layered sheer top with underwire polka dot lace padded cups.  Satin ribbon weaved on straps and lettice hem.  Matching polka dot panty','Layered sheer top with underwire polka dot lace padded cups.  Satin ribbon weaved on straps and lettice hem.  Matching polka dot panty','80742.jpg','Thumb_80742.jpg','Chemises / Mini Dresses',1959,'21.25','14.75',2,'Black/Nude -:- S/M->Black/Nude -:- M/L->Black/Nude','Size complete','Black/Nude -:- S/M->Black/Nude -:- M/L->Black/Nude'),(609,'80743','80743 - Sheer tube top with thick satin ribbon across bust and center.  Tiny satin bow at center of bust.  Sheer micro mini skirt with panty','Sheer tube top with thick satin ribbon across bust and center.  Tiny satin bow at center of bust.  Sheer micro mini skirt with panty','80743.jpg','Thumb_80743.jpg','Match Sets',1984,'18.25','12.75',2,'Black/Soft Pink -:- S->Black/Soft Pink -:- M->Blac','Size complete','Black/Soft Pink -:- S->Black/Soft Pink -:- M->Blac'),(610,'80744','80744 - Satin teddy with lace accents on bra and center body.  Adjustable bra straps and garter straps.(thong on back)','Satin teddy with lace accents on bra and center body.  Adjustable bra straps and garter straps.(thong on back)','80744.jpg','Thumb_80744.jpg','Teddies',1910,'20.00','14.00',2,'Aqua Blue/Black Lace -:- S/M->Aqua Blue/Black Lace','Size complete','Aqua Blue/Black Lace -:- S/M->Aqua Blue/Black Lace'),(611,'80745','80745 - Satin underwire padded corset with boning.  Sheer side panels and adjustable straps.  Garter straps with matching panty','Satin underwire padded corset with boning.  Sheer side panels and adjustable straps.  Garter straps with matching panty','80745.jpg','Thumb_80745.jpg','Bustiers / Corsets',1964,'26.50','18.50',2,'Pink Satin -:- S->Pink Satin -:- M->Pink Satin -:-','Size complete','Pink Satin -:- S->Pink Satin -:- M->Pink Satin -:-'),(612,'80746','80746 - Lace corset with underwire pushup bra.  Weaved satin ribbon on edge of bra and princess lines.  Attached garter straps.  Matching g-string','Lace corset with underwire pushup bra.  Weaved satin ribbon on edge of bra and princess lines.  Attached garter straps.  Matching g-string','80746.jpg','Thumb_80746.jpg','Bustiers / Corsets',1930,'28.00','19.50',2,'Black Lace/Red Satin Ribbon -:- S->Black Lace/Red ','Size complete','Black Lace/Red Satin Ribbon -:- S->Black Lace/Red '),(613,'80514','80514 - Lace halter top with sheer bodice babydoll.  Panty included','Lace halter top with sheer bodice babydoll.  Panty included','80514.jpg','Thumb_80514.jpg','Babydolls',1997,'19.50','13.50',2,'Black -:- S->Black -:- M->Black -:- L->Black -:- X','Size complete','Black -:- S->Black -:- M->Black -:- L->Black -:- X'),(614,'80515','80515 - Satin babydoll with underwire padded bra.  Bra has boning detail.  Side of dress has satin lace up ties through gromets and matching panty','Satin babydoll with underwire padded bra.  Bra has boning detail.  Side of dress has satin lace up ties through gromets and matching panty','80515.jpg','Thumb_80515.jpg','Babydolls',1972,'23.25','16.25',2,'Black -:- S->Black -:- M->Black -:- L->Black -:- X','Size complete','Black -:- S->Black -:- M->Black -:- L->Black -:- X'),(615,'80531','80531 - Striped sheer camisole triangle top with garter straps.  Lace trim on bust.  Matching striped thong','Striped sheer camisole triangle top with garter straps.  Lace trim on bust.  Matching striped thong','80531.jpg','Thumb_80531.jpg','Camisoles',1992,'18.25','12.75',2,'Black -:- S/M->Black -:- M/L->Black -:- XL','Size complete','Black -:- S/M->Black -:- M/L->Black -:- XL'),(616,'80536','80536 - Sheer/Lace bustier with boning.  Detachable garter straps with matching thong','Sheer/Lace bustier with boning.  Detachable garter straps with matching thong','80536.jpg','Thumb_80536.jpg','Bustiers / Corsets',1996,'23.75','16.50',2,'Black -:- S->Black -:- M->Black -:- L->Black -:- X','Size complete','Black -:- S->Black -:- M->Black -:- L->Black -:- X'),(617,'80611','80611 - Sheer cap sleeve top that ties at center.  Plaid micro mini skirt with elastic waistband and detachable garter straps.','Sheer cap sleeve top that ties at center.  Plaid micro mini skirt with elastic waistband and detachable garter straps.','80611.jpg','Thumb_80611.jpg','Match Sets',1996,'20.75','14.50',2,'White/Green -:- S/M->White/Greene -:- M/L->White/G','Size not complete',''),(618,'80730','80730 - Stretch satin fitted tank top with boning.  Lace on front and lace trim on bust line.  G-string included','Stretch satin fitted tank top with boning.  Lace on front and lace trim on bust line.  G-string included','80730.jpg','Thumb_80730.jpg','Bustiers / Corsets',1972,'25.00','17.50',2,'Red Wine/Black -:- S->Red Wine/Black -:- M->Red Wi','Size complete','Red Wine/Black -:- S->Red Wine/Black -:- M->Red Wi'),(619,'80731','80731 - Satin floral lace corset with boning.  Underwire pushup cups and laceup detail in front.  Matching satin lace panty with laceup on front.  Detachable garter straps','Satin floral lace corset with boning.  Underwire pushup cups and laceup detail in front.  Matching satin lace panty with laceup on front.  Detachable garter straps','80731.jpg','Thumb_80731.jpg','Bustiers / Corsets',1972,'24.00','16.75',2,'Sea Blue/Black -:- S->Sea Blue/Black -:- M->Sea Bl','Size not complete',''),(620,'80732','80732 - Sheer fitted babydoll with boning.  Underwire pushup lace cups.  Lace side panels.  Gathered skirt hem.  Matching panty included','Sheer fitted babydoll with boning.  Underwire pushup lace cups.  Lace side panels.  Gathered skirt hem.  Matching panty included','80732.jpg','Thumb_80732.jpg','Babydolls',1993,'23.75','16.50',2,'Pink Rose -:- S->Pink Rose -:- M->Pink Rose -:- L-','Size complete','Pink Rose -:- S->Pink Rose -:- M->Pink Rose -:- L-'),(621,'80733','80733 - Stretch satin corset with boning.  Lace detail on bodice.  Underwire pushup cups with lace.  Adjustable shoulder straps.  Panty inlcuded','Stretch satin corset with boning.  Lace detail on bodice.  Underwire pushup cups with lace.  Adjustable shoulder straps.  Panty inlcuded','80733.jpg','Thumb_80733.jpg','Bustiers / Corsets',1960,'26.50','18.50',2,'Pink Rose -:- S->Pink Rose -:- M->Pink Rose -:- L-','Size complete','Pink Rose -:- S->Pink Rose -:- M->Pink Rose -:- L-'),(622,'80734','80734 - Sheer slip with underwire satin cups and satin hem.  Panty included','Sheer slip with underwire satin cups and satin hem.  Panty included','80734.jpg','Thumb_80734.jpg','Chemises / Mini Dresses',1998,'23.75','16.50',2,'Rose -:- S/M->Rose -:- M/L->Rose -:- XL','Size complete','Rose -:- S/M->Rose -:- M/L->Rose -:- XL'),(623,'80735','80735 - Sheer lace fitted baby doll and matching panty','Sheer lace fitted baby doll and matching panty','80735.jpg','Thumb_80735.jpg','Babydolls',1997,'20.75','14.50',2,'Red -:- S/M->Red -:- M/L->Red -:- XL','Size complete','Red -:- S/M->Red -:- M/L->Red -:- XL'),(624,'80736','80736 - Stretch satin corset with underwire padded pushup cups.  Lace up ties under bust.  Lace trim on top half of cups.  Matching panty','Stretch satin corset with underwire padded pushup cups.  Lace up ties under bust.  Lace trim on top half of cups.  Matching panty','80736.jpg','Thumb_80736.jpg','Bustiers / Corsets',1989,'28.00','19.50',2,'Black -:- S->Black -:- M->Black -:- L->Black -:- X','Size complete','Black -:- S->Black -:- M->Black -:- L->Black -:- X'),(625,'80737','80737 - Sheer/Lace halter top babydoll with gathers at neckline.  Panty included','Sheer/Lace halter top babydoll with gathers at neckline.  Panty included','80737.jpg','Thumb_80737.jpg','Babydolls',1990,'19.75','13.75',2,'Lipstick Pink -:- S/M->Lipstick Pink -:- M/L->Lips','Size complete','Lipstick Pink -:- S/M->Lipstick Pink -:- M/L->Lips'),(626,'80625','80625 - Sheer long sleeve robe with wrap around ties','Sheer long sleeve robe with wrap around ties','80625.jpg','Thumb_80625.jpg','Robes',0,'0.00','0.00',2,'White -:- S->White -:- M->White -:- L->White -:- X','Size complete','White -:- S->White -:- M->White -:- L->White -:- X');
/*!40000 ALTER TABLE `dummy_product` ENABLE KEYS */;
UNLOCK TABLES;

--
-- Table structure for table `dummy_product_category`
--

DROP TABLE IF EXISTS `dummy_product_category`;
SET @saved_cs_client     = @@character_set_client;
SET character_set_client = utf8;
CREATE TABLE `dummy_product_category` (
  `id` int(11) NOT NULL auto_increment,
  `product_id` int(11) NOT NULL,
  `category_id` int(11) NOT NULL,
  PRIMARY KEY  (`id`),
  UNIQUE KEY `product_id` (`product_id`,`category_id`),
  KEY `category_id_refs_id_2cd7cf89` (`category_id`)
) ENGINE=MyISAM AUTO_INCREMENT=1399 DEFAULT CHARSET=latin1;
SET character_set_client = @saved_cs_client;

--
-- Dumping data for table `dummy_product_category`
--

LOCK TABLES `dummy_product_category` WRITE;
/*!40000 ALTER TABLE `dummy_product_category` DISABLE KEYS */;
INSERT INTO `dummy_product_category` VALUES (2,1,17),(3,1,9),(4,1,5),(5,2,9),(6,2,5),(7,3,5),(8,4,2),(9,4,5),(10,5,5),(11,6,9),(12,6,5),(13,7,5),(14,8,5),(15,8,9),(16,9,5),(17,9,17),(19,10,9),(20,10,5),(21,11,9),(22,11,5),(23,12,5),(24,13,5),(25,14,5),(26,14,9),(27,15,5),(28,15,9),(29,16,9),(30,16,5),(31,17,5),(32,17,9),(33,18,9),(34,18,5),(35,19,5),(36,20,5),(37,20,9),(38,21,4),(39,21,9),(41,22,4),(42,23,4),(43,23,2),(44,24,4),(45,24,9),(46,25,4),(47,26,4),(48,27,4),(49,28,4),(50,29,4),(51,29,2),(52,30,4),(53,31,4),(54,31,17),(55,32,4),(56,33,19),(57,34,19),(58,34,2),(59,35,19),(60,36,11),(61,37,11),(62,38,11),(63,39,14),(64,40,14),(65,40,9),(66,41,14),(67,42,9),(68,42,14),(69,43,14),(70,44,12),(71,44,9),(72,45,12),(73,46,12),(74,47,12),(75,48,12),(76,49,12),(77,50,18),(78,51,18),(79,51,9),(80,52,9),(81,52,18),(82,53,16),(83,54,17),(84,54,16),(85,55,16),(86,56,16),(87,57,16),(88,58,16),(89,59,16),(91,60,9),(92,60,6),(93,61,6),(94,62,6),(95,63,6),(96,63,9),(97,64,6),(98,65,6),(99,65,9),(100,66,6),(101,66,9),(102,67,6),(104,68,6),(105,69,6),(106,69,9),(107,70,6),(108,71,6),(109,72,6),(110,73,6),(111,74,6),(112,75,6),(113,76,6),(114,77,6),(115,78,6),(116,79,6),(117,80,6),(118,81,6),(119,82,6),(120,82,2),(121,83,6),(122,84,6),(123,85,9),(124,85,13),(125,86,13),(126,87,13),(127,87,9),(128,88,13),(129,88,2),(130,89,13),(131,89,2),(132,90,13),(133,91,13),(134,91,9),(135,92,13),(136,93,13),(137,94,13),(138,95,13),(139,96,13),(140,96,9),(141,97,13),(142,97,9),(143,98,13),(144,99,13),(145,100,13),(146,100,9),(147,101,13),(148,101,9),(149,102,13),(150,103,13),(151,104,9),(152,104,13),(153,105,13),(154,106,13),(155,106,9),(156,107,13),(157,108,13),(158,108,9),(159,109,13),(160,110,9),(161,110,13),(162,111,13),(163,112,13),(164,113,13),(165,114,13),(166,115,13),(167,116,9),(168,116,13),(169,117,9),(170,117,13),(171,118,7),(172,119,7),(173,120,7),(174,121,20),(175,122,9),(176,122,20),(177,123,20),(178,123,9),(179,124,20),(180,124,9),(181,125,20),(182,126,20),(183,126,9),(184,127,20),(185,127,9),(186,128,9),(187,128,20),(188,129,4),(189,130,4),(190,131,4),(191,131,9),(192,132,4),(193,132,9),(194,133,9),(195,133,19),(196,134,9),(197,134,19),(198,135,19),(199,135,2),(200,136,19),(201,137,19),(202,138,14),(203,139,14),(204,140,14),(205,141,14),(206,141,9),(207,142,14),(208,143,14),(209,143,9),(210,144,14),(211,144,2),(212,145,9),(213,145,14),(214,146,9),(215,146,14),(216,146,12),(217,147,12),(218,148,12),(219,149,2),(220,149,6),(221,150,9),(222,150,6),(223,151,6),(224,152,20),(225,153,20),(226,154,20),(227,155,5),(228,155,2),(229,156,5),(230,156,9),(231,157,4),(232,158,4),(233,158,2),(234,159,5),(235,160,4),(236,161,20),(237,162,19),(238,163,4),(239,163,2),(240,163,19),(241,164,19),(242,165,19),(243,165,2),(244,166,9),(245,166,6),(246,167,14),(247,168,20),(248,169,20),(249,170,19),(250,171,20),(251,172,6),(252,173,6),(253,174,14),(254,175,20),(255,176,5),(256,177,14),(257,178,5),(258,179,9),(259,179,5),(261,180,5),(263,181,5),(264,182,4),(265,183,4),(266,183,2),(267,184,4),(268,185,4),(269,185,2),(270,186,19),(271,187,19),(272,188,9),(273,188,19),(274,189,19),(275,190,19),(276,191,19),(277,192,19),(278,193,19),(279,194,19),(280,194,9),(281,195,19),(282,196,9),(283,196,19),(284,197,19),(285,198,19),(286,198,2),(287,199,9),(288,199,14),(289,200,14),(290,201,6),(291,202,6),(292,203,6),(293,204,6),(294,205,9),(295,205,6),(296,206,6),(297,206,9),(298,207,6),(299,208,6),(300,209,6),(301,210,6),(302,211,13),(303,212,20),(304,213,20),(305,213,9),(306,214,20),(307,215,20),(308,216,20),(309,217,11),(311,218,11),(313,219,11),(315,220,11),(317,221,11),(319,222,11),(321,223,11),(323,224,11),(325,225,11),(327,226,11),(328,227,6),(329,228,6),(330,229,20),(331,230,6),(332,231,6),(334,232,9),(335,232,20),(337,233,9),(338,233,20),(340,234,20),(342,235,9),(343,235,20),(345,236,12),(347,237,9),(348,237,12),(350,238,14),(352,239,9),(353,239,14),(355,240,9),(356,240,19),(358,241,9),(359,241,14),(361,242,6),(363,243,9),(364,243,20),(367,244,14),(370,245,19),(373,246,19),(376,247,11),(379,248,11),(382,249,11),(385,250,11),(387,251,9),(388,251,11),(391,252,11),(394,253,11),(397,254,11),(400,255,11),(403,256,11),(406,257,11),(409,258,11),(412,259,11),(414,260,9),(415,260,11),(418,261,11),(421,262,11),(424,263,11),(427,264,11),(429,265,11),(432,266,6),(434,267,4),(436,268,4),(438,269,4),(441,270,4),(443,271,4),(445,272,19),(447,273,19),(448,273,9),(449,274,20),(451,275,4),(452,275,9),(455,276,14),(457,277,4),(461,278,6),(463,279,4),(467,280,14),(468,281,4),(472,282,14),(475,283,14),(477,284,4),(479,284,19),(480,285,14),(482,286,4),(485,288,9),(486,288,5),(487,289,19),(491,292,4),(492,292,9),(494,293,9),(495,293,14),(497,294,9),(498,294,19),(501,297,4),(503,298,4),(506,299,9),(507,299,6),(513,303,14),(514,304,4),(515,304,9),(517,306,19),(518,306,9),(521,307,11),(523,308,20),(525,309,20),(527,310,9),(528,310,20),(530,311,9),(531,311,20),(533,312,19),(534,313,9),(535,313,19),(536,314,9),(537,314,14),(539,315,9),(540,315,6),(542,316,9),(543,316,14),(544,317,5),(545,317,19),(546,317,9),(548,318,9),(549,318,5),(550,318,14),(552,319,9),(553,319,14),(555,320,9),(556,320,5),(557,320,14),(559,321,9),(560,321,20),(561,322,14),(562,322,9),(563,323,20),(564,323,9),(565,324,5),(566,324,9),(567,325,14),(569,326,16),(570,327,2),(571,327,5),(573,328,5),(575,329,5),(577,330,9),(578,330,19),(580,331,9),(581,331,5),(582,332,4),(583,332,14),(584,333,4),(585,333,9),(587,334,5),(588,334,14),(590,335,19),(591,335,6),(592,336,6),(593,336,14),(595,337,5),(596,337,19),(598,338,5),(599,338,14),(600,339,9),(601,339,5),(602,339,14),(603,340,4),(604,340,9),(605,340,14),(606,341,4),(609,342,14),(612,343,5),(615,344,6),(617,345,6),(620,346,5),(621,346,14),(623,347,6),(624,347,12),(626,348,12),(629,349,19),(630,349,6),(633,350,5),(635,351,5),(636,351,14),(637,352,5),(638,352,14),(642,353,20),(645,354,5),(646,354,12),(649,355,6),(652,356,6),(655,357,5),(656,357,14),(659,358,19),(662,359,19),(663,359,6),(664,360,19),(665,360,6),(669,361,5),(672,362,19),(673,362,6),(676,363,5),(679,364,6),(682,365,6),(683,365,12),(685,366,6),(688,367,14),(691,368,6),(693,369,4),(694,369,18),(696,370,19),(697,370,6),(700,371,5),(703,372,6),(705,373,4),(707,373,19),(710,374,6),(713,375,14),(714,376,14),(718,377,19),(721,378,14),(724,379,19),(725,379,18),(728,380,5),(729,381,4),(732,382,14),(735,383,14),(737,384,4),(740,385,4),(742,385,18),(744,386,4),(747,387,4),(749,387,18),(751,388,19),(752,388,18),(753,389,4),(754,389,18),(757,390,4),(759,391,4),(761,392,4),(763,393,4),(766,394,4),(768,395,4),(770,396,4),(772,397,4),(774,398,4),(778,399,5),(779,399,14),(782,400,20),(784,401,4),(785,401,17),(789,402,14),(791,403,12),(792,404,4),(794,404,18),(797,405,5),(798,405,14),(800,406,6),(802,407,4),(804,408,4),(808,409,6),(810,410,4),(811,410,17),(815,411,19),(818,412,5),(819,412,14),(821,413,4),(822,413,17),(824,414,16),(827,415,7),(829,416,16),(832,417,14),(834,418,14),(836,419,16),(839,420,5),(842,421,20),(843,421,12),(846,422,6),(848,423,4),(850,423,18),(853,424,19),(856,425,5),(859,426,16),(861,427,6),(864,428,6),(867,429,19),(869,430,14),(871,431,19),(872,431,6),(874,432,16),(876,433,6),(878,434,5),(880,435,6),(883,436,6),(885,437,20),(887,438,6),(890,439,20),(893,440,14),(895,441,14),(897,442,19),(899,443,5),(900,443,14),(902,444,5),(903,445,4),(905,445,5),(907,446,20),(908,446,14),(909,446,18),(911,447,5),(912,447,14),(913,448,4),(915,448,18),(917,449,5),(918,449,19),(920,450,5),(921,450,14),(922,451,4),(925,452,5),(926,452,14),(928,453,5),(929,453,19),(930,454,4),(932,454,19),(934,455,5),(935,455,14),(937,456,19),(939,457,5),(940,457,14),(941,458,4),(943,458,19),(944,459,4),(946,459,19),(947,459,18),(949,460,20),(951,461,14),(952,461,16),(954,462,19),(955,462,6),(957,463,5),(958,463,14),(960,464,6),(962,465,5),(964,466,5),(966,467,2),(967,467,19),(969,468,5),(970,468,14),(972,469,2),(973,469,5),(974,469,6),(975,470,16),(978,471,19),(979,471,6),(981,472,4),(982,473,16),(983,474,5),(984,474,14),(986,475,16),(987,476,5),(988,476,14),(989,477,16),(990,478,5),(992,479,6),(994,480,6),(996,481,6),(997,482,6),(998,483,5),(999,483,14),(1002,484,19),(1005,485,5),(1007,486,5),(1008,487,4),(1010,487,19),(1012,488,5),(1014,489,5),(1015,489,14),(1017,490,5),(1018,490,19),(1020,491,5),(1023,492,5),(1025,493,5),(1026,493,14),(1028,494,5),(1029,494,14),(1031,495,5),(1032,495,19),(1034,496,5),(1035,496,14),(1037,497,16),(1039,498,7),(1041,499,7),(1043,500,19),(1044,500,6),(1046,501,19),(1047,501,6),(1048,502,5),(1049,502,14),(1050,503,6),(1052,504,19),(1053,504,6),(1055,505,5),(1056,505,14),(1059,506,6),(1062,507,5),(1063,507,14),(1065,508,5),(1066,508,19),(1067,509,14),(1070,510,5),(1071,510,14),(1074,511,5),(1075,511,14),(1077,512,6),(1079,513,6),(1081,514,6),(1083,515,19),(1084,515,6),(1085,516,2),(1086,516,6),(1089,517,5),(1091,518,6),(1093,519,16),(1095,520,4),(1096,521,2),(1097,521,14),(1098,522,2),(1099,522,5),(1100,523,2),(1101,523,5),(1102,524,2),(1103,524,14),(1104,525,2),(1105,525,5),(1106,526,2),(1107,526,14),(1108,527,2),(1109,527,14),(1110,528,2),(1111,528,14),(1112,529,2),(1113,529,20),(1114,530,2),(1115,530,6),(1116,531,2),(1117,531,6),(1118,532,4),(1119,532,2),(1120,533,4),(1121,533,2),(1122,534,2),(1123,534,14),(1124,535,4),(1125,535,2),(1126,536,4),(1127,536,2),(1128,537,2),(1129,537,6),(1130,538,4),(1131,538,2),(1132,539,2),(1133,539,19),(1134,540,4),(1135,540,2),(1136,541,2),(1137,541,6),(1138,542,2),(1139,542,6),(1140,543,4),(1141,543,2),(1142,544,4),(1143,544,2),(1144,545,4),(1145,545,2),(1146,546,2),(1147,546,6),(1148,547,4),(1149,547,2),(1150,548,2),(1151,548,19),(1152,549,2),(1153,549,16),(1154,550,2),(1155,550,20),(1156,551,2),(1157,551,19),(1158,552,2),(1159,552,6),(1160,553,2),(1161,553,5),(1162,554,2),(1163,554,7),(1164,555,2),(1165,555,6),(1168,556,14),(1171,557,2),(1172,557,5),(1175,558,2),(1176,558,6),(1179,559,2),(1180,559,5),(1183,560,2),(1184,560,5),(1187,561,2),(1188,561,16),(1191,562,2),(1192,562,5),(1195,563,2),(1196,563,5),(1199,564,2),(1200,564,5),(1203,565,2),(1204,565,20),(1207,566,2),(1208,566,14),(1211,567,2),(1212,567,5),(1215,568,2),(1216,568,7),(1218,569,4),(1220,569,2),(1223,570,2),(1224,570,6),(1227,571,2),(1228,571,6),(1231,572,2),(1232,572,6),(1235,573,2),(1236,573,6),(1239,574,2),(1240,574,19),(1241,574,6),(1244,575,2),(1245,575,7),(1248,576,2),(1249,576,16),(1252,577,2),(1253,577,16),(1256,578,2),(1257,578,16),(1260,579,2),(1261,579,7),(1264,580,14),(1267,581,16),(1270,582,5),(1273,583,19),(1276,584,19),(1279,585,6),(1282,586,6),(1285,587,5),(1288,588,19),(1291,589,6),(1294,590,19),(1296,591,4),(1299,592,4),(1303,593,19),(1306,594,6),(1309,595,5),(1312,596,6),(1314,597,4),(1318,598,6),(1321,599,5),(1324,600,6),(1327,601,5),(1330,602,14),(1333,603,6),(1336,604,20),(1339,605,5),(1342,606,14),(1345,607,6),(1348,608,14),(1351,609,6),(1354,610,20),(1356,611,4),(1359,612,4),(1362,613,5),(1364,614,5),(1366,615,19),(1368,616,4),(1370,617,6),(1372,618,4),(1374,619,4),(1376,620,5),(1378,621,4),(1380,622,14),(1382,623,5),(1384,624,4),(1386,625,5),(1388,626,2),(1389,626,7),(1390,287,19),(1391,290,5),(1392,295,5),(1393,305,5),(1394,301,5),(1395,291,19),(1396,296,4),(1397,302,4),(1398,300,9);
/*!40000 ALTER TABLE `dummy_product_category` ENABLE KEYS */;
UNLOCK TABLES;

--
-- Table structure for table `giftcertificate_giftcertificate`
--

DROP TABLE IF EXISTS `giftcertificate_giftcertificate`;
SET @saved_cs_client     = @@character_set_client;
SET character_set_client = utf8;
CREATE TABLE `giftcertificate_giftcertificate` (
  `id` int(11) NOT NULL auto_increment,
  `site_id` int(11) default NULL,
  `order_id` int(11) default NULL,
  `code` varchar(100) default NULL,
  `purchased_by_id` int(11) default NULL,
  `date_added` date default NULL,
  `valid` tinyint(1) NOT NULL,
  `message` longtext NOT NULL,
  `recipient_email` varchar(75) NOT NULL,
  `start_balance` decimal(8,2) NOT NULL,
  PRIMARY KEY  (`id`),
  KEY `giftcertificate_giftcertificate_site_id` (`site_id`),
  KEY `giftcertificate_giftcertificate_order_id` (`order_id`),
  KEY `giftcertificate_giftcertificate_purchased_by_id` (`purchased_by_id`)
) ENGINE=MyISAM DEFAULT CHARSET=utf8;
SET character_set_client = @saved_cs_client;

--
-- Dumping data for table `giftcertificate_giftcertificate`
--

LOCK TABLES `giftcertificate_giftcertificate` WRITE;
/*!40000 ALTER TABLE `giftcertificate_giftcertificate` DISABLE KEYS */;
/*!40000 ALTER TABLE `giftcertificate_giftcertificate` ENABLE KEYS */;
UNLOCK TABLES;

--
-- Table structure for table `giftcertificate_giftcertificateproduct`
--

DROP TABLE IF EXISTS `giftcertificate_giftcertificateproduct`;
SET @saved_cs_client     = @@character_set_client;
SET character_set_client = utf8;
CREATE TABLE `giftcertificate_giftcertificateproduct` (
  `product_id` int(11) NOT NULL,
  PRIMARY KEY  (`product_id`)
) ENGINE=MyISAM DEFAULT CHARSET=utf8;
SET character_set_client = @saved_cs_client;

--
-- Dumping data for table `giftcertificate_giftcertificateproduct`
--

LOCK TABLES `giftcertificate_giftcertificateproduct` WRITE;
/*!40000 ALTER TABLE `giftcertificate_giftcertificateproduct` DISABLE KEYS */;
/*!40000 ALTER TABLE `giftcertificate_giftcertificateproduct` ENABLE KEYS */;
UNLOCK TABLES;

--
-- Table structure for table `giftcertificate_giftcertificateusage`
--

DROP TABLE IF EXISTS `giftcertificate_giftcertificateusage`;
SET @saved_cs_client     = @@character_set_client;
SET character_set_client = utf8;
CREATE TABLE `giftcertificate_giftcertificateusage` (
  `id` int(11) NOT NULL auto_increment,
  `usage_date` date default NULL,
  `notes` longtext NOT NULL,
  `balance_used` decimal(8,2) NOT NULL,
  `orderpayment_id` int(11) default NULL,
  `used_by_id` int(11) default NULL,
  `giftcertificate_id` int(11) NOT NULL,
  PRIMARY KEY  (`id`),
  KEY `giftcertificate_giftcertificateusage_orderpayment_id` (`orderpayment_id`),
  KEY `giftcertificate_giftcertificateusage_used_by_id` (`used_by_id`),
  KEY `giftcertificate_giftcertificateusage_giftcertificate_id` (`giftcertificate_id`)
) ENGINE=MyISAM DEFAULT CHARSET=utf8;
SET character_set_client = @saved_cs_client;

--
-- Dumping data for table `giftcertificate_giftcertificateusage`
--

LOCK TABLES `giftcertificate_giftcertificateusage` WRITE;
/*!40000 ALTER TABLE `giftcertificate_giftcertificateusage` DISABLE KEYS */;
/*!40000 ALTER TABLE `giftcertificate_giftcertificateusage` ENABLE KEYS */;
UNLOCK TABLES;

--
-- Table structure for table `l10n_adminarea`
--

DROP TABLE IF EXISTS `l10n_adminarea`;
SET @saved_cs_client     = @@character_set_client;
SET character_set_client = utf8;
CREATE TABLE `l10n_adminarea` (
  `id` int(11) NOT NULL auto_increment,
  `country_id` int(11) NOT NULL,
  `name` varchar(60) NOT NULL,
  `abbrev` varchar(3) default NULL,
  `active` tinyint(1) NOT NULL,
  PRIMARY KEY  (`id`),
  KEY `l10n_adminarea_country_id` (`country_id`)
) ENGINE=MyISAM AUTO_INCREMENT=4914 DEFAULT CHARSET=utf8;
SET character_set_client = @saved_cs_client;

--
-- Dumping data for table `l10n_adminarea`
--

LOCK TABLES `l10n_adminarea` WRITE;
/*!40000 ALTER TABLE `l10n_adminarea` DISABLE KEYS */;
INSERT INTO `l10n_adminarea` VALUES (1279,143,'','',1),(440,18,'(BA07)','',1),(2841,151,'(BM22)','',1),(450,36,'(BY05)','',1),(2263,37,'(CB20)','',1),(950,58,'(EZ73)','',1),(1675,91,'(GV08)','',1),(1681,91,'(GV14)','',1),(1687,91,'(GV20)','',1),(1691,91,'(GV24)','',1),(1693,91,'(GV26)','',1),(1917,102,'(ID09)','',1),(1927,102,'(ID19)','',1),(1928,102,'(ID20)','',1),(723,54,'(IV35)','',1),(731,54,'(IV43)','',1),(734,54,'(IV46)','',1),(746,54,'(IV58)','',1),(747,54,'(IV59)','',1),(748,54,'(IV60)','',1),(2238,119,'(KG05)','',1),(2309,116,'(KN16)','',1),(2391,122,'(LE02)','',1),(2472,127,'(LH40)','',1),(2439,124,'(LI08)','',1),(2631,144,'(MD13)','',1),(2947,132,'(MI10)','',1),(2951,132,'(MI14)','',1),(2611,149,'(MO42)','',1),(2612,149,'(MO43)','',1),(2613,149,'(MO44)','',1),(3084,161,'(NI10)','',1),(3086,161,'(NI12)','',1),(3088,161,'(NI17)','',1),(3089,161,'(NI18)','',1),(3090,161,'(NI20)','',1),(3103,161,'(NI34)','',1),(3454,174,'(RP45)','',1),(4213,201,'(SO17)','',1),(1182,204,'(SP28)','',1),(3903,206,'(SU26)','',1),(4418,222,'(TS26)','',1),(1316,230,'(UK11)','',1),(1317,230,'(UK12)','',1),(1318,230,'(UK13)','',1),(1320,230,'(UK19)','',1),(1321,230,'(UK29)','',1),(1322,230,'(UK32)','',1),(1323,230,'(UK36)','',1),(1324,230,'(UK52)','',1),(1325,230,'(UK64)','',1),(1326,230,'(UK80)','',1),(1327,230,'(UK81)','',1),(1329,230,'(UK83)','',1),(1331,230,'(UK85)','',1),(1332,230,'(UK86)','',1),(1335,230,'(UK89)','',1),(1339,230,'(UK93)','',1),(354,35,'(UV37)','',1),(355,35,'(UV38)','',1),(356,35,'(UV39)','',1),(358,35,'(UV41)','',1),(360,35,'(UV43)','',1),(4737,236,'(VE99)','',1),(4749,237,'(VM10)','',1),(4755,237,'(VM16)','',1),(4756,237,'(VM17)','',1),(4757,237,'(VM19)','',1),(4864,242,'(YM12)','',1),(4865,242,'(YM13)','',1),(4869,242,'(YM17)','',1),(2399,122,'Aakkr','',1),(671,211,'Aargau','',1),(1579,80,'Abashis Raioni','',1),(1517,230,'Aberdeen City','',1),(1518,230,'Aberdeenshire','',1),(3113,161,'Abia','',1),(749,54,'Abidjan','',1),(1580,80,'Abkhazia [provisional]','',1),(750,54,'Aboisso','',1),(3410,174,'Abra','',1),(2123,108,'Abruzzo','',1),(3085,161,'Abuja Federal Capital Territory','',1),(4853,242,'Abyan','',1),(223,16,'Aberon','',1),(76,229,'Ab Zaby','',1),(1909,102,'Aceh','',1),(1754,84,'Achaa','',1),(553,17,'Acklins and Crooked Islands','',1),(341,35,'Acklins and Crooked Islands District','',1),(4176,190,'Acquaviva','',1),(513,31,'Acre','',1),(1145,64,'Ad Daqahlyah','',1),(3668,179,'Ad Dawah','',1),(3342,166,'Ad Dkhilyah','',1),(802,38,'Adamaoua','',1),(3104,161,'Adamawa','',1),(4505,223,'Adana Province','',1),(1208,69,'Addis Abeba','',1),(4852,242,'Aden Municipality','',1),(751,54,'Adiake','',1),(1581,80,'Adigenis Raioni','',1),(1213,69,'Adis Abeba','',1),(4634,227,'Adjumani','',1),(2876,139,'Adrar','',1),(1081,4,'Adrar','',1),(3728,182,'Adygeya','',1),(4437,223,'Adyaman','',1),(83,1,'Afghanistan (general)','',1),(4438,223,'Afyonkarahisar','',1),(3072,160,'Agadez','',1),(2897,140,'Agalega Islands','',1),(3729,182,'Aginskiy Buryatskiy Avtonomnyy Okrug','',1),(762,54,'Agnby','',1),(2969,142,'Aguascalientes','',1),(3411,174,'Agusan del Norte','',1),(3412,174,'Agusan del Sur','',1),(4401,224,'Ahal','',1),(4234,65,'Ahuachapn','',1),(2177,110,'Aichi','',1),(4842,189,'Aiga-i-le-Tai','',1),(784,44,'Aisn del General Carlos Ibez del Campo','',1),(1747,84,'Aitola kai Akarnana','',1),(3194,153,'Aiwo','',1),(2488,121,'Aizkraukles Rajons','',1),(1582,80,'Ajaria','',1),(3967,199,'Ajdovina','',1),(2556,125,'Ajdbiy','',1),(3159,165,'Akershus','',1),(1583,80,'Akhalgoris Raioni','',1),(1584,80,'Akhalkalakis Raioni','',1),(1585,80,'Akhaltsikhis Raioni','',1),(1586,80,'Akhmetis Raioni','',1),(2178,110,'Akita','',1),(3413,174,'Aklan','',1),(4499,223,'Aksaray Province','',1),(3091,161,'Akwa Ibom','',1),(2023,104,'Al Anbr','',1),(2332,118,'Al Amad','',1),(2159,112,'Al Balq','',1),(4872,242,'Al Bay','',1),(2024,104,'Al Barah','',1),(3913,206,'Al Bar al Amar','',1),(1146,64,'Al Bar al Amar','',1),(1147,64,'Al Buayrah','',1),(3914,206,'Al Buayrt','',1),(3343,166,'Al Binah','',1),(3835,192,'Al Bah','',1),(2334,118,'Al Farwaniyah','',1),(1148,64,'Al Fayym','',1),(79,229,'Al Fujayrah','',1),(2557,125,'Al Fti','',1),(1149,64,'Al Gharbyah','',1),(3669,179,'Al Ghuwayryah','',1),(1151,64,'Al Ismlyah','',1),(2558,125,'Al Jabal al Akhar','',1),(2333,118,'Al Jahr','',1),(3847,192,'Al Jawf','',1),(4873,242,'Al Jawf','',1),(3915,206,'Al Jazrah','',1),(2525,125,'Al Jufrah','',1),(3670,179,'Al Jumaylyah','',1),(1152,64,'Al Jzah','',1),(2161,112,'Al Karak','',1),(3906,206,'Al Kharm','',1),(3671,179,'Al Khawr','',1),(2559,125,'Al Khums','',1),(2527,125,'Al Kufrah','',1),(4250,212,'Al Ldhiqyah','',1),(3836,192,'Al Madnah','',1),(2167,112,'Al Mafraq','',1),(2162,112,'Al Mafraq','',1),(4411,222,'Al Mahdyah','',1),(4855,242,'Al Mahrah','',1),(436,18,'Al Manmah','',1),(4862,242,'Al Mawt','',1),(1154,64,'Al Miny','',1),(441,18,'Al Minaqah al Gharbyah','',1),(444,18,'Al Minaqah al Wus','',1),(443,18,'Al Minaqah ash Shamlyah','',1),(1153,64,'Al Minfyah','',1),(4412,222,'Al Munastr','',1),(2025,104,'Al Muthann','',1),(437,18,'Al Muarraq','',1),(1156,64,'Al Qalybyah','',1),(4408,222,'Al Qayrawn','',1),(4407,222,'Al Qarayn','',1),(3838,192,'Al Qam','',1),(3916,206,'Al Qarif','',1),(4251,212,'Al Qunayirah','',1),(2026,104,'Al Qdisyah','',1),(1155,64,'Al Qhirah','',1),(3677,179,'Al Wakrah','',1),(3672,179,'Al Wakrah Municipality','',1),(3917,206,'Al Wadah','',1),(3905,206,'Al Wilyah al Istiw\'yah','',1),(3904,206,'Al Wilyah al Wus','',1),(3908,206,'Al Wilyah ash Sharqyah','',1),(3344,166,'Al Wus','',1),(1157,64,'Al Wd al Jadd','',1),(435,18,'Al add','',1),(4249,212,'Al asakah','',1),(4860,242,'Al udaydah','',1),(3843,192,'Al udd ash Shamlyah','',1),(2173,112,'Al Aqabah','',1),(2523,125,'Al Azzyah','',1),(2330,118,'Al imah','',1),(1,231,'Alabama','AL',1),(514,31,'Alagoas','',1),(880,53,'Alajuela','',1),(2,231,'Alaska','AK',1),(3682,181,'Alba','',1),(132,3,'Albania (general)','',1),(3414,174,'Albay','',1),(612,39,'Alberta','AB',1),(752,54,'Alepe','',1),(1150,64,'Alexandria','',1),(1056,4,'Alger','',1),(1055,4,'Algeria (general)','',1),(982,60,'Ali Sabieh','',1),(473,24,'Alibori','',1),(2920,134,'Alifu','',1),(2902,134,'Alifu Atholhu','',1),(2345,113,'Almaty','',1),(2346,113,'Almaty Qalasy','',1),(1303,74,'Alsace','',1),(1770,89,'Alta Verapaz','',1),(3730,182,'Altay','',1),(3731,182,'Altayskiy Kray','',1),(3648,172,'Alto Paran','',1),(2473,127,'Alytaus Apskritis','',1),(2489,121,'Alksnes Rajons','',1),(3649,172,'Amambay','',1),(515,31,'Amap','',1),(4440,223,'Amasya Province','',1),(4711,236,'Amazonas','',1),(3362,173,'Amazonas','',1),(842,48,'Amazonas','',1),(516,31,'Amazonas','',1),(1587,80,'Ambrolauris Raioni','',1),(4825,235,'Ambrym','',1),(3,231,'American Samoa','AS',1),(4286,218,'Amlame','',1),(4389,216,'Amnat Charoen','',1),(3732,182,'Amur','',1),(4741,237,'An Giang','',1),(2039,104,'An Najaf','',1),(2560,125,'An Nuq al Khams','',1),(3918,206,'An Nl al Abya','',1),(3919,206,'An Nl al Azraq','',1),(3195,153,'Anabar','',1),(3095,161,'Anambra','',1),(3363,173,'Ancash','',1),(1188,204,'Andalusia','',1),(1984,101,'Andaman and Nicobar Islands','',1),(1985,101,'Andhra Pradesh','',1),(4688,234,'Andijon','',1),(67,6,'Andorra','',1),(66,6,'Andorra (general)','',1),(73,6,'Andorra la Vella','',1),(4287,218,'Aneho','',1),(3196,153,'Anetan','',1),(4347,216,'Ang Thong','',1),(3481,174,'Angeles','',1),(158,7,'Angola (general)','',1),(131,8,'Anguilla (general)','',1),(1519,230,'Angus','',1),(808,45,'Anhui','',1),(3197,153,'Anibare','',1),(2279,49,'Anjouan','',1),(4492,223,'Ankara Province','',1),(1084,4,'Annaba','',1),(1709,66,'Annobn','',1),(3860,195,'Anse Boileau','',1),(3883,195,'Anse Boileau','',1),(3861,195,'Anse Etoile','',1),(3884,195,'Anse Etoile','',1),(3862,195,'Anse Louis','',1),(3863,195,'Anse Royale','',1),(3885,195,'Anse Royale','',1),(3882,195,'Anse aux Pins','',1),(3859,195,'Anse aux Pins','',1),(2402,186,'Anse-la-Raye','',1),(4441,223,'Antalya Province','',1),(2685,131,'Antananarivo','',1),(2576,149,'Antananarivo Province','',1),(177,9,'Antarctica (general)','',1),(123,10,'Antigua and Barbuda (general)','',1),(843,48,'Antioquia','',1),(3415,174,'Antique','',1),(785,44,'Antofagasta','',1),(699,54,'Antofagasta Region','',1),(1491,230,'Antrim','',1),(2681,131,'Antsiranana','',1),(2572,149,'Antsiranana Province','',1),(319,22,'Antwerpen','',1),(4712,236,'Anzotegui','',1),(4826,235,'Aoba/Mawo','',1),(2179,110,'Aomori','',1),(4595,227,'Apac','',1),(673,211,'Appenzell Ausserrhoden','',1),(672,211,'Appenzell Innerrhoden','',1),(2135,108,'Apulia','',1),(4713,236,'Apure','',1),(3364,173,'Apurmac','',1),(2347,113,'Aqmola','',1),(2348,113,'Aqtbe','',1),(1282,74,'Aquitaine','',1),(4252,212,'Ar Raqqah','',1),(3673,179,'Ar Rayyn','',1),(446,18,'Ar Rif wa al Minaqah al Janbyah','',1),(3839,192,'Ar Riy','',1),(3683,181,'Arad','',1),(146,12,'Aragatsotn','',1),(1189,204,'Aragon','',1),(4714,236,'Aragua','',1),(147,12,'Ararat','',1),(844,48,'Arauca','',1),(786,44,'Araucana','',1),(700,54,'Araucana Region','',1),(2689,130,'Arainovo','',1),(2033,104,'Arbl','',1),(1757,84,'Arcadia','',1),(865,48,'Archipilago de San Andrs, Providencia y Santa Catalina','',1),(2070,103,'Ardabl','',1),(4510,223,'Ardahan Province','',1),(1492,230,'Ards','',1),(3365,173,'Arequipa','',1),(178,11,'Argentina (general)','',1),(3684,181,'Arge','',1),(1752,84,'Argols','',1),(1520,230,'Argyll and Bute','',1),(2843,146,'Arhangay','',1),(4430,222,'Ariana','',1),(4519,221,'Arima','',1),(4,231,'Arizona','AZ',1),(5,231,'Arkansas','AR',1),(3733,182,'Arkhangelsk','',1),(1493,230,'Armagh','',1),(148,12,'Armavir','',1),(6,231,'Armed Forces Africa','AE',1),(7,231,'Armed Forces Americas (except Canada)','AA',1),(8,231,'Armed Forces Canada','AE',1),(9,231,'Armed Forces Europe','AE',1),(10,231,'Armed Forces Middle East','AE',1),(11,231,'Armed Forces Pacific','AP',1),(145,12,'Armenia (general)','',1),(1199,69,'Arsi','',1),(989,60,'Arta','',1),(1857,94,'Artibonite','',1),(4668,233,'Artigas Department','',1),(4442,223,'Artvin Province','',1),(4646,227,'Arua','',1),(4596,227,'Arua','',1),(2012,101,'Arunchal Pradesh','',1),(4538,215,'Arusha','',1),(4563,215,'Arusha','',1),(2027,104,'As Sulaymnyah','',1),(4253,212,'As Suwayd','',1),(1159,64,'As Suways','',1),(3963,184,'Ascension','',1),(3907,206,'Ash Shamaliyah','',1),(3920,206,'Ash Shamlyah','',1),(3837,192,'Ash Sharqyah','',1),(3345,166,'Ash Sharqyah','',1),(1158,64,'Ash Sharqyah','',1),(81,229,'Ash Shriqah','',1),(2532,125,'Ash Shi','',1),(1646,82,'Ashanti','',1),(1214,69,'Asosa','',1),(1588,80,'Aspindzis Raioni','',1),(2872,139,'Assaba','',1),(1986,101,'Assam','',1),(2349,113,'Astana Qalasy','',1),(230,16,'Astara','',1),(3734,182,'Astrakhan','',1),(3664,172,'Asuncin','',1),(3665,172,'Asuncin','',1),(1160,64,'Aswn','',1),(1161,64,'Asy','',1),(2035,104,'At Tamm','',1),(787,44,'Atacama','',1),(701,54,'Atacama Region','',1),(474,24,'Atakora','',1),(467,24,'Atakora','',1),(4288,218,'Atakpame','',1),(475,24,'Atlantique','',1),(468,24,'Atlantique','',1),(845,48,'Atlntico','',1),(3143,159,'Atlntico Norte','',1),(1815,97,'Atlntida','',1),(2363,120,'Attapu','',1),(1751,84,'Attik','',1),(4843,189,'Atua','',1),(2350,113,'Atyra','',1),(3899,195,'Au Cap','',1),(3318,158,'Auckland','',1),(3542,174,'Aurora','',1),(3160,165,'Aust-Agder','',1),(214,14,'Australian Capital Territory','ACT',1),(203,15,'Austria (general)','',1),(3726,194,'Autonomna Pokrajina Vojvodina','',1),(1183,204,'Autonomous Region of Madrid','',1),(1185,204,'Autonomous Region of Navarre','',1),(1283,74,'Auvergne','',1),(3626,177,'Aveiro','',1),(4576,228,'Avtonomna Respublika Krym','',1),(2561,125,'Awbr','',1),(4217,201,'Awdal','',1),(3366,173,'Ayacucho','',1),(4443,223,'Aydn Province','',1),(2826,151,'Ayeyarwady','',1),(2165,112,'Az Zarqa','',1),(2562,125,'Az Zwiyah','',1),(3551,167,'Azad Kashmir','',1),(222,16,'Azerbaijan (general)','',1),(3645,177,'Azores','',1),(1023,62,'Azua','',1),(1106,63,'Azuay','',1),(3346,166,'Az Zhirah','',1),(1082,4,'An Defla','',1),(1083,4,'An Temouchent','',1),(224,16,'Acabdi','',1),(225,16,'Adam','',1),(226,16,'Ada','',1),(4439,223,'Ar Province','',1),(227,16,'Astafa','',1),(228,16,'Asu','',1),(2164,112,'A aflah','',1),(2169,112,'A aflah','',1),(4870,242,'A li','',1),(3912,206,'Aal an Nl','',1),(4841,189,'Aana','',1),(4742,237,'B?c Thi T?nh','',1),(311,19,'BG80','',1),(3909,206,'Ba?r al Ghazal Wilayat','',1),(2921,134,'Baa','',1),(2912,134,'Baa Atholhu','',1),(2400,122,'Baalbek-Hermel','',1),(3482,174,'Bacolod City','',1),(3685,181,'Bacu','',1),(84,1,'Badakhshn','',1),(965,81,'Baden-Wrttemberg','',1),(85,1,'Badghis Province','',1),(4300,218,'Badou','',1),(1793,92,'Bafat','',1),(4289,218,'Bafilo','',1),(763,54,'Bafing','',1),(1589,80,'Baghdatis Raioni','',1),(2029,104,'Baghdd','',1),(86,1,'Baghln','',1),(3483,174,'Bago','',1),(2839,151,'Bago','',1),(3484,174,'Baguio','',1),(543,17,'Bahamas, The (general)','',1),(517,31,'Bahia','',1),(434,18,'Bahrain (general)','',1),(3864,195,'Baie Lazare','',1),(3886,195,'Baie Lazare','',1),(3865,195,'Baie Sainte Anne','',1),(3485,174,'Bais','',1),(3198,153,'Baiti','',1),(2970,142,'Baja California','',1),(2971,142,'Baja California Sur','',1),(1771,89,'Baja Verapaz','',1),(231,16,'Baki','',1),(4200,201,'Bakool','',1),(2534,125,'Baladyat Ban Wald','',1),(2535,125,'Baladyat Bin Jawwd','',1),(2536,125,'Baladyat Ght','',1),(2539,125,'Baladyat Janzr','',1),(2537,125,'Baladyat Jd','',1),(2538,125,'Baladyat Jl','',1),(2541,125,'Baladyat Mizdah','',1),(2543,125,'Baladyat Nlt','',1),(2544,125,'Baladyat Qamnis','',1),(2545,125,'Baladyat Qar Bin Ghashr','',1),(2548,125,'Baladyat Shat','',1),(2553,125,'Baladyat Tkrah','',1),(2555,125,'Baladyat Zuwrah','',1),(2522,125,'Baladyat al Abyr','',1),(2524,125,'Baladyat al Bay\'','',1),(2526,125,'Baladyat al Jumayl','',1),(2528,125,'Baladyat al Marj','',1),(2529,125,'Baladyat al Qarbll','',1),(2530,125,'Baladyat al Qubbah','',1),(2531,125,'Baladyat al `Ujaylt','',1),(2533,125,'Baladyat az Zahr\'','',1),(2547,125,'Baladyat abrtah','',1),(2549,125,'Baladyat urmn','',1),(2963,132,'Balaka','',1),(232,16,'Balakn','',1),(1201,69,'Bale','',1),(1234,69,'Bale','',1),(1180,204,'Balearic Islands','',1),(1910,102,'Bali','',1),(4402,224,'Balkan','',1),(110,1,'Balkh','',1),(1494,230,'Ballymena','',1),(1495,230,'Ballymoney','',1),(3547,167,'Balochistn','',1),(2632,144,'Balti','',1),(2490,121,'Balvu Rajons','',1),(2414,126,'Balzers','',1),(2455,123,'Balzers Commune','',1),(362,35,'Bal','',1),(4444,223,'Balkesir Province','',1),(332,35,'Bam','',1),(2813,135,'Bamako','',1),(640,42,'Bamingui-Bangoran','',1),(4201,201,'Banaadir','',1),(1496,230,'Banbridge','',1),(627,51,'Bandundu','',1),(2563,125,'Banghz','',1),(1942,102,'Bangka-Belitung','',1),(310,19,'Bangladesh (general)','',1),(724,54,'Bangolo','',1),(656,42,'Bangui','',1),(1661,79,'Banjul','',1),(4162,198,'Banskobystrick','',1),(1940,102,'Banten','',1),(2268,37,'Bantay Man Chey','',1),(363,35,'Banwa','',1),(4414,222,'Banzart','',1),(1162,64,'Ban Suwayf','',1),(1024,62,'Baoruco','',1),(1025,62,'Barahona','',1),(1867,99,'Baranya','',1),(298,20,'Barbados (general)','',1),(124,10,'Barbuda','',1),(4202,201,'Bari','',1),(1803,93,'Barima-Waini','',1),(4715,236,'Barinas','',1),(316,19,'Barisl','',1),(1343,230,'Barnsley','',1),(4511,223,'Bartn Province','',1),(634,51,'Bas-Congo','',1),(764,54,'Bas-Sassandra','',1),(675,211,'Basel-Landschaft','',1),(676,211,'Basel-Stadt','',1),(3735,182,'Bashkortostan','',1),(3431,174,'Basilan','',1),(3486,174,'Basilan','',1),(1196,204,'Basque Country','',1),(4290,218,'Bassar','',1),(641,42,'Basse-Kotto','',1),(1284,74,'Basse-Normandie','',1),(3416,174,'Bataan','',1),(3417,174,'Batanes','',1),(3487,174,'Batangas','',1),(3418,174,'Batangas','',1),(1344,230,'Bath and North East Somerset','',1),(4270,43,'Batha','',1),(2242,119,'Batken','',1),(4500,223,'Batman Province','',1),(1057,4,'Batna','',1),(2351,113,'Batys Qazaqstan','',1),(3114,161,'Bauchi','',1),(2491,121,'Bauskas Rajons','',1),(966,81,'Bavaria','',1),(4203,201,'Bay','',1),(3319,158,'Bay of Plenty','',1),(2845,146,'Bayan-lgiy','',1),(2844,146,'Bayanhongor','',1),(4501,223,'Bayburt','',1),(3120,161,'Bayelsa','',1),(2352,113,'Bayqongyr Qalasy','',1),(364,35,'Bazga','',1),(2690,130,'Ba','',1),(3921,206,'Bar al Jabal','',1),(3866,195,'Beau Vallon','',1),(3887,195,'Beau Vallon','',1),(1345,230,'Bedfordshire','',1),(829,45,'Beijing','',1),(3627,177,'Beja','',1),(1067,4,'Bejaa','',1),(3867,195,'Bel Air','',1),(3868,195,'Bel Ombre','',1),(3888,195,'Bel Ombre','',1),(498,33,'Belait','',1),(596,21,'Belarus (general)','',1),(1497,230,'Belfast','',1),(318,22,'Belgium (general)','',1),(3736,182,'Belgorod','',1),(605,23,'Belize','',1),(604,23,'Belize (general)','',1),(3968,199,'Beltinci','',1),(2691,130,'Belita','',1),(3082,161,'Bendel State','',1),(2648,144,'Bender','',1),(4083,199,'Benedikt','',1),(2010,101,'Bengal','',1),(1911,102,'Bengkulu','',1),(176,7,'Bengo','',1),(159,7,'Benguela','',1),(3419,174,'Benguet','',1),(466,24,'Benin (general)','',1),(3096,161,'Benue','',1),(725,54,'Beoumi','',1),(133,3,'Berat','',1),(2461,123,'Berea District','',1),(980,81,'Berlin','',1),(485,25,'Bermuda (general)','',1),(674,211,'Bern','',1),(2692,130,'Berovo','',1),(3031,152,'Bethanien','',1),(1346,230,'Bexley','',1),(1668,91,'Beyla','',1),(234,16,'Beylqan','',1),(2393,122,'Beyrouth','',1),(3180,154,'Bher','',1),(565,26,'Bhutan (general)','',1),(3555,176,'Biala Podlaska','',1),(3556,176,'Bialystok','',1),(3554,176,'Bielskie Wojewdztwo','',1),(3557,176,'Bielsko','',1),(1987,101,'Bihar','',1),(3686,181,'Bihor','',1),(2016,101,'Bihr','',1),(4445,223,'Bilecik Province','',1),(4271,43,'Biltine','',1),(235,16,'Bilsuvar','',1),(544,17,'Bimini','',1),(4419,222,'Bin Ars','',1),(4446,223,'Bingl Province','',1),(4778,237,'Binh Thuan','',1),(702,54,'Biobo Region','',1),(1710,66,'Bioko Norte','',1),(1711,66,'Bioko Sur','',1),(1801,92,'Biombo','',1),(1347,230,'Birmingham','',1),(2234,119,'Bishkek','',1),(1068,4,'Biskra','',1),(1800,92,'Bissau','',1),(2693,130,'Bistrica','',1),(4084,199,'Bistrica ob Sotli','',1),(3687,181,'Bistria-Nsud','',1),(4447,223,'Bitlis Province','',1),(2694,130,'Bitola','',1),(160,7,'Bi','',1),(1834,55,'Bjelovarsko-Bilogorska','',1),(2888,140,'Black River','',1),(1348,230,'Blackburn with Darwen','',1),(1349,230,'Blackpool','',1),(406,34,'Blagoevgrad','',1),(2961,132,'Blantyre','',1),(2695,130,'Blatec','',1),(3969,199,'Bled','',1),(3938,210,'Blekinge Ln','',1),(1069,4,'Blida','',1),(4085,199,'Bloke','',1),(907,40,'Boa Vista','',1),(3127,159,'Boaco','',1),(4399,217,'Bobonaro','',1),(753,54,'Bocanda','',1),(3351,170,'Bocas del Toro','',1),(3199,153,'Boe','',1),(3033,152,'Boesmanland','',1),(1669,91,'Boffa','',1),(2696,130,'Bogdanci','',1),(2697,130,'Bogomila','',1),(2698,130,'Bogovinje','',1),(3970,199,'Bohinj','',1),(3420,174,'Bohol','',1),(2383,120,'Boko','',1),(1670,91,'Bok','',1),(1796,92,'Bolama','',1),(2384,120,'Bolikhamxai','',1),(502,27,'Bolivia (general)','',1),(1590,80,'Bolnisis Raioni','',1),(1350,230,'Bolton','',1),(4448,223,'Bolu Province','',1),(4716,236,'Bolvar','',1),(846,48,'Bolvar','',1),(875,48,'Bolvar','',1),(1107,63,'Bolvar','',1),(2446,124,'Bomi','',1),(726,54,'Bondoukou','',1),(2435,124,'Bong','',1),(715,54,'Bongouanou','',1),(3666,172,'Boquern','',1),(1086,4,'Bordj Bou Arrridj','',1),(1215,69,'Borena','',1),(2083,100,'Borgarfjardarsysla','',1),(4181,190,'Borgo Maggiore','',1),(476,24,'Borgou','',1),(469,24,'Borgou','',1),(1591,80,'Borjomis Raioni','',1),(4272,43,'Borkou-Ennedi-Tibesti','',1),(991,59,'Bornholm','',1),(3097,161,'Borno','',1),(3971,199,'Borovnica','',1),(1869,99,'Borsod-Abaj-Zempln','',1),(2699,130,'Bosilovo','',1),(294,28,'Bosnia and Herzegovina (general)','',1),(3688,181,'Botoani','',1),(584,29,'Botswana (general)','',1),(727,54,'Bouafle','',1),(728,54,'Bouake','',1),(658,50,'Bouenza','',1),(3395,171,'Bougainville','',1),(365,35,'Bougouriba','',1),(1070,4,'Bouira','',1),(366,35,'Boulgou','',1),(336,35,'Boulkiemd','',1),(1087,4,'Boumerdes','',1),(1285,74,'Bourgogne','',1),(1351,230,'Bournemouth','',1),(3972,199,'Bovec','',1),(876,48,'Boyac','',1),(847,48,'Boyac','',1),(320,22,'Brabant Provincie','',1),(328,22,'Brabant Wallon','',1),(1352,230,'Bracknell Forest','',1),(1353,230,'Bradford','',1),(3628,177,'Braga','',1),(3629,177,'Bragana','',1),(2874,139,'Brakna','',1),(975,81,'Brandenburg','',1),(4086,199,'Braslove','',1),(4163,198,'Bratislavsk','',1),(908,40,'Brava','',1),(512,31,'Brazil (general)','',1),(667,50,'Brazzaville','',1),(3690,181,'Braov','',1),(3973,199,'Brda','',1),(967,81,'Bremen','',1),(1354,230,'Brent','',1),(597,21,'Brestskaya Voblasts','',1),(3975,199,'Brezovica','',1),(3974,199,'Breice','',1),(1355,230,'Brighton and Hove','',1),(613,39,'British Columbia','BC',1),(4738,238,'British Virgin Islands (general)','',1),(1286,74,'Brittany','',1),(3737,182,'Brjansk','',1),(1835,55,'Brodsko-Posavska','',1),(4220,207,'Brokopondo','',1),(1357,230,'Bromley','',1),(1647,82,'Brong-Ahafo Region','',1),(497,33,'Brunei (general)','',1),(499,33,'Brunei and Muara','',1),(329,22,'Bruxelles-Capitale','',1),(2700,130,'Brvenica','',1),(3689,181,'Brila','',1),(297,28,'Brko Distrikt','',1),(3200,153,'Buada','',1),(451,36,'Bubanza','',1),(1358,230,'Buckinghamshire','',1),(3691,181,'Bucureti','',1),(1870,99,'Budapest','',1),(179,11,'Buenos Aires','',1),(4635,227,'Bugiri','',1),(449,36,'Bujumbura','',1),(3421,174,'Bukidnon','',1),(3422,174,'Bulacan','',1),(4910,244,'Bulawayo','',1),(2861,146,'Bulgan','',1),(396,34,'Bulgaria (general)','',1),(566,26,'Bumthang','',1),(4597,227,'Bundibugyo','',1),(4449,223,'Burdur Province','',1),(407,34,'Burgas','',1),(204,15,'Burgenland','',1),(4340,216,'Buriram','',1),(331,35,'Burkina Faso (general)','',1),(2823,151,'Burma (general)','',1),(4450,223,'Bursa','',1),(448,36,'Burundi (general)','',1),(452,36,'Bururi','',1),(1359,230,'Bury','',1),(3738,182,'Buryatiya','',1),(2060,103,'Bushehr Province','',1),(4598,227,'Bushenyi','',1),(4636,227,'Busia','',1),(3161,165,'Buskerud','',1),(4593,227,'Busoga Province','',1),(3819,183,'Butare','',1),(2462,123,'Butha-Buthe District','',1),(3488,174,'Butuan','',1),(4689,234,'Buxoro','',1),(3692,181,'Buzu','',1),(3558,176,'Bydgoszcz','',1),(3820,183,'Byumba','',1),(4782,237,'B Ra-Vng Tu','',1),(1866,99,'Bcs-Kiskun','',1),(1085,4,'Bchar','',1),(1868,99,'Bks','',1),(1891,99,'Bkscsaba','',1),(2390,122,'Bqaa','',1),(2397,122,'Bqaa','',1),(4812,237,'Bnh Dng','',1),(4813,237,'Bnh Phc','',1),(4784,237,'Bnh Thun','',1),(4783,237,'Bnh nh','',1),(788,44,'Bo-Bo','',1),(2028,104,'Bbil','',1),(3179,154,'Bgmat','',1),(3178,154,'Bgmat Zone','',1),(4413,222,'Bjah','',1),(87,1,'Bmn','',1),(2646,144,'Bli','',1),(2272,37,'Btdmbng','',1),(1243,69,'Bnshangul Gumuz','',1),(1163,64,'Br Sad','',1),(233,16,'Brd','',1),(4810,237,'Bc Liu','',1),(4808,237,'Bc Giang','',1),(4809,237,'Bc Kn','',1),(4811,237,'Bc Ninh','',1),(4743,237,'Bn Tre','',1),(659,50,'CF03','',1),(3651,172,'Caaguaz','',1),(3652,172,'Caazap','',1),(3489,174,'Cabanatuan','',1),(4235,65,'Cabaas','',1),(161,7,'Cabinda','',1),(3019,150,'Cabo Delgado','',1),(1797,92,'Cacheu','',1),(3490,174,'Cadiz','',1),(1552,230,'Caerphilly','',1),(3423,174,'Cagayan','',1),(2633,144,'Cahul','',1),(3367,173,'Cajamarca','',1),(2125,108,'Calabria','',1),(3492,174,'Calbayog','',1),(848,48,'Caldas','',1),(877,48,'Caldas','',1),(1360,230,'Calderdale','',1),(12,231,'California','CA',1),(3368,173,'Callao','',1),(3493,174,'Caloocan','',1),(895,56,'Camagey','',1),(3424,174,'Camarines Norte','',1),(3425,174,'Camarines Sur','',1),(1361,230,'Cambridgeshire','',1),(796,38,'Cameroon (general)','',1),(3426,174,'Camiguin','',1),(2126,108,'Campania','',1),(2972,142,'Campeche','',1),(611,39,'Canada (general)','',1),(1190,204,'Canary Islands','',1),(4669,233,'Canelones Department','',1),(68,6,'Canillo','',1),(3663,172,'Canindey','',1),(4087,199,'Cankova','',1),(453,36,'Cankuzo','',1),(3494,174,'Canlaon','',1),(1187,204,'Cantabria','',1),(3320,158,'Canterbury','',1),(4744,237,'Cao Bang','',1),(4745,237,'Cao Bng','',1),(2702,130,'Capari','',1),(906,40,'Cape Verde (general)','',1),(2115,100,'Capital Region','',1),(3427,174,'Capiz','',1),(3057,152,'Caprivi','',1),(3032,152,'Caprivi Oos','',1),(849,48,'Caquet','',1),(4717,236,'Carabobo','',1),(3128,159,'Carazo','',1),(3693,181,'Cara-Severin','',1),(1109,63,'Carchi','',1),(1554,230,'Cardiganshire','',1),(2898,140,'Cargados Carajos','',1),(205,15,'Carinthia','',1),(1950,105,'Carlow','',1),(1555,230,'Carmarthenshire','',1),(4520,221,'Caroni','',1),(1498,230,'Carrickfergus','',1),(881,53,'Cartago','',1),(2578,149,'Casablanca','',1),(872,48,'Casanare','',1),(3869,195,'Cascade','',1),(3630,177,'Castelo Branco','',1),(1192,204,'Castille and Len','',1),(1191,204,'Castille-La Mancha','',1),(1499,230,'Castlereagh','',1),(2404,186,'Castries','',1),(545,17,'Cat Island','',1),(1193,204,'Catalonia','',1),(180,11,'Catamarca','',1),(3428,174,'Catanduanes','',1),(850,48,'Cauca','',1),(3429,174,'Cavite','',1),(3495,174,'Cavite','',1),(2335,41,'Cayman Islands (general)','',1),(606,23,'Cayo','',1),(1108,63,'Caar','',1),(518,31,'Cear','',1),(3430,174,'Cebu','',1),(3496,174,'Cebu City','',1),(3976,199,'Celje','',1),(2705,130,'Centar','',1),(2706,130,'Centar upa','',1),(3389,171,'Central','',1),(3851,200,'Central','',1),(3653,172,'Central','',1),(585,29,'Central','',1),(1268,72,'Central','',1),(2426,205,'Central','',1),(2225,114,'Central','',1),(1648,82,'Central','',1),(4896,243,'Central','',1),(639,42,'Central African Republic (general)','',1),(2858,146,'Central Aimak','',1),(1915,102,'Central Java','',1),(1663,79,'Central River','',1),(1929,102,'Central Sulawesi','',1),(4307,218,'Centrale','',1),(1858,94,'Centre','',1),(803,38,'Centre','',1),(1287,74,'Centre','',1),(1712,66,'Centro Sur','',1),(3978,199,'Cerknica','',1),(3979,199,'Cerkno','',1),(4088,199,'Cerkvenjak','',1),(4670,233,'Cerro Largo Department','',1),(851,48,'Cesar','',1),(2315,117,'Ch\'ungch\'ng-bukto','',1),(2324,117,'Ch\'ungch\'ng-namdo','',1),(4356,216,'Chachoengsao','',1),(181,11,'Chaco','',1),(4269,43,'Chad (general)','',1),(2298,116,'Chagang-do','',1),(2044,103,'Chahr Mall va Bakhtr','',1),(4344,216,'Chai Nat','',1),(4338,216,'Chaiyaphum','',1),(4236,65,'Chalatenango','',1),(1731,84,'Chalcidice','',1),(1288,74,'Champagne-Ardenne','',1),(2364,120,'Champasak','',1),(1988,101,'Chandgarh','',1),(4360,216,'Chanthaburi','',1),(1759,84,'Chanon','',1),(2579,149,'Chaouen','',1),(2619,149,'Chaouia-Ouardigha','',1),(4273,43,'Chari-Baguirmi','',1),(4704,188,'Charlotte','',1),(3491,174,'Chartered City of Cagayan de Oro','',1),(3506,174,'Chartered City of Iligan','',1),(3517,174,'Chartered City of Marawi','',1),(3215,158,'Chatham Islands','',1),(397,34,'Chattagram','',1),(3816,182,'Chechnya','',1),(2313,117,'Cheju-do','',1),(3559,176,'Chelm','',1),(4566,228,'Cherkas\'ka Oblast\'','',1),(4567,228,'Chernihivs\'ka Oblast\'','',1),(4568,228,'Chernivets\'ka Oblast\'','',1),(1363,230,'Cheshire','',1),(2019,101,'Chhattisgarh','',1),(567,26,'Chhukha','',1),(4314,216,'Chiang Mai','',1),(4315,216,'Chiang Rai','',1),(2973,142,'Chiapas','',1),(1592,80,'Chiat\'ura','',1),(2180,110,'Chiba','',1),(4177,190,'Chiesanuova','',1),(2974,142,'Chihuahua','',1),(2939,132,'Chikwawa','',1),(782,44,'Chile (general)','',1),(1772,89,'Chimaltenango','',1),(1110,63,'Chimborazo','',1),(3396,171,'Chimbu','',1),(2825,151,'Chin State','',1),(3129,159,'Chinandega','',1),(1773,89,'Chiquimula','',1),(2940,132,'Chiradzulu','',1),(568,26,'Chirang','',1),(3352,170,'Chiriqu','',1),(2634,144,'Chisinau Judetul','',1),(2941,132,'Chitipa','',1),(315,19,'Chittagong','',1),(2643,144,'Chiinu','',1),(1088,4,'Chlef','',1),(586,29,'Chobe','',1),(852,48,'Choc','',1),(2405,186,'Choiseul','',1),(3856,200,'Choiseul','',1),(1816,97,'Choluteca','',1),(4358,216,'Chon Buri','',1),(839,45,'Chongqing','',1),(3130,159,'Chontales','',1),(299,20,'Christ Church','',1),(2283,185,'Christ Church Nichola Town','',1),(927,46,'Christmas Island (general)','',1),(398,34,'Chuadanga','',1),(182,11,'Chubut','',1),(3741,182,'Chukotskiy Avtonomnyy Okrug','',1),(4370,216,'Chumphon','',1),(503,27,'Chuquisaca','',1),(1277,143,'Chuuk','',1),(3742,182,'Chuvashia','',1),(1766,84,'Chos','',1),(2235,119,'Chy','',1),(2314,117,'Chlla-bukto','',1),(2323,117,'Chlla-namdo','',1),(1593,80,'Chkhorotsqus Raioni','',1),(1594,80,'Chokhatauris Raioni','',1),(454,36,'Cibitoke','',1),(3560,176,'Ciechanow','',1),(896,56,'Ciego de vila','',1),(897,56,'Cienfuegos','',1),(1553,230,'City and County of Cardiff','',1),(1356,230,'City of Bristol','',1),(1529,230,'City of Edinburgh','',1),(1400,230,'City of Kingston upon Hull','',1),(1412,230,'City of London','',1),(892,56,'Ciudad de La Habana','',1),(1522,230,'Clackmannanshire','',1),(2144,109,'Clarendon','',1),(3694,181,'Cluj','',1),(1336,230,'Clwyd','',1),(2975,142,'Coahuila','',1),(2226,114,'Coast','',1),(504,27,'Cochabamba','',1),(3353,170,'Cocl','',1),(625,47,'Cocos (Keeling) Islands (general)','',1),(3631,177,'Coimbra','',1),(4718,236,'Cojedes','',1),(1500,230,'Coleraine','',1),(2976,142,'Colima','',1),(477,24,'Collines','',1),(841,48,'Colombia (general)','',1),(4671,233,'Colonia Department','',1),(13,231,'Colorado','CO',1),(1817,97,'Coln','',1),(3354,170,'Coln','',1),(1818,97,'Comayagua','',1),(4221,207,'Commewijne','',1),(2278,49,'Comoros (general)','',1),(372,35,'Como','',1),(1671,91,'Conakry','',1),(3654,172,'Concepcin','',1),(657,50,'Congo (general)','',1),(626,51,'Congo, Democratic Republic of The (general)','',1),(14,231,'Connecticut','CT',1),(1058,4,'Constantine','',1),(3695,181,'Constana','',1),(781,52,'Cook Islands (general)','',1),(1501,230,'Cookstown','',1),(994,59,'Copenhagen city','',1),(4893,243,'Copperbelt Province','',1),(1819,97,'Copn','',1),(789,44,'Coquimbo','',1),(703,54,'Coquimbo Region','',1),(3655,172,'Cordillera','',1),(1953,105,'Cork','',1),(1364,230,'Cornwall','',1),(4222,207,'Coronie','',1),(607,23,'Corozal','',1),(184,11,'Corrientes','',1),(1289,74,'Corsica','',1),(1820,97,'Corts','',1),(879,53,'Costa Rica (general)','',1),(3497,174,'Cotabato','',1),(1111,63,'Cotopaxi','',1),(1550,230,'County Borough of Blaenau Gwent','',1),(1551,230,'County Borough of Bridgend','',1),(1556,230,'County Borough of Conwy','',1),(1562,230,'County Borough of Neath Port Talbot','',1),(1563,230,'County Borough of Newport','',1),(1566,230,'County Borough of Rhondda Cynon Taff','',1),(1951,105,'County Cavan','',1),(1952,105,'County Clare','',1),(1955,105,'County Dublin','',1),(1957,105,'County Kerry','',1),(1958,105,'County Kildare','',1),(1959,105,'County Kilkenny','',1),(1961,105,'County Laois','',1),(1963,105,'County Longford','',1),(1964,105,'County Louth','',1),(1965,105,'County Mayo','',1),(1966,105,'County Meath','',1),(1968,105,'County Offaly','',1),(1969,105,'County Roscommon','',1),(1970,105,'County Sligo','',1),(1972,105,'County Waterford','',1),(1973,105,'County Westmeath','',1),(1974,105,'County Wexford','',1),(1975,105,'County Wicklow','',1),(1561,230,'County of Monmouthshire','',1),(1564,230,'County of Pembrokeshire','',1),(3696,181,'Covasna','',1),(1365,230,'Coventry','',1),(399,34,'Coxs Bazar','',1),(1697,91,'Coyah','',1),(1502,230,'Craigavon','',1),(2336,41,'Creek','',1),(888,53,'Crna Gora (Montenegro)','',1),(1833,55,'Croatia (general)','',1),(3092,161,'Cross River','',1),(1871,99,'Csongrd','',1),(162,7,'Cuando Cubango','',1),(163,7,'Cuanza Norte','',1),(164,7,'Cuanza Sul','',1),(890,56,'Cuba (general)','',1),(1367,230,'Cumbria','',1),(873,48,'Cundinamarca','',1),(165,7,'Cunene','',1),(4237,65,'Cuscatln','',1),(3369,173,'Cusco','',1),(668,50,'Cuvette','',1),(669,50,'Cuvette-Ouest','',1),(1804,93,'Cuyuni-Mazaruni','',1),(3821,183,'Cyangugu','',1),(928,57,'Cyprus (general)','',1),(935,58,'Czech Republic (general)','',1),(3561,176,'Czestochowa','',1),(4814,237,'C Mau','',1),(183,11,'Crdoba','',1),(853,48,'Crdoba','',1),(697,54,'Cte dIvoire (general)','',1),(3721,181,'Clrai','',1),(2652,144,'Clrai','',1),(2653,144,'Cueni','',1),(2492,121,'Csu Rajons','',1),(236,16,'Cbrayl','',1),(237,16,'Clilabad','',1),(4785,237,'Cn Th','',1),(1672,91,'Dabola','',1),(754,54,'Dabou','',1),(569,26,'Daga','',1),(3743,182,'Dagestan','',1),(3498,174,'Dagupan','',1),(2030,104,'Dahk','',1),(1026,62,'Dajabn','',1),(4186,193,'Dakar','',1),(2877,139,'Dakhlet Nouadhibou','',1),(1673,91,'Dalaba','',1),(3946,210,'Dalarnas Ln','',1),(2084,100,'Dalasysla','',1),(729,54,'Daloa','',1),(2014,101,'Daman and Diu','',1),(3051,152,'Damaraland','',1),(706,54,'Danane','',1),(3499,174,'Danao','',1),(730,54,'Daoukro','',1),(4291,218,'Dapaong','',1),(3500,174,'Dapitan','',1),(4560,215,'Dar es Salaam','',1),(3910,206,'Darfur Wilayat','',1),(2862,146,'Darhan Uul','',1),(3355,170,'Darin','',1),(1368,230,'Darlington','',1),(2564,125,'Darnah','',1),(4254,212,'Dar','',1),(2493,121,'Daugavpils','',1),(2494,121,'Daugavpils Rajons','',1),(2403,186,'Dauphin','',1),(3433,174,'Davao','',1),(3501,174,'Davao','',1),(3435,174,'Davao Oriental','',1),(3434,174,'Davao del Sur','',1),(4255,212,'Dayr az Zawr','',1),(238,16,'Daksn','',1),(4403,224,'Daoguz','',1),(2709,130,'Debar','',1),(1872,99,'Debrecen','',1),(1174,67,'Debub','',1),(1216,69,'Debub Gonder','',1),(1217,69,'Debub Shewa','',1),(1218,69,'Debub Welo','',1),(1175,67,'Debubaw Keyih Bahr','',1),(1595,80,'Dedoplistsqaros Raioni','',1),(2943,132,'Dedza','',1),(15,231,'Delaware','DE',1),(1990,101,'Delhi','',1),(2711,130,'Delogodi','',1),(3105,161,'Delta','',1),(4719,236,'Delta Amacuro','',1),(2710,130,'Delevo','',1),(1805,93,'Demerara-Mahaica','',1),(2712,130,'Demir Hisar','',1),(2713,130,'Demir Kapija','',1),(1557,230,'Denbighshire','',1),(765,54,'Dengul','',1),(3201,153,'Denigomodu','',1),(4453,223,'Denizli Province','',1),(2406,186,'Dennery','',1),(3650,172,'Departamento de Alto Paraguay','',1),(1707,87,'Department of Guadeloupe','',1),(2868,138,'Department of Martinique','',1),(3680,180,'Department of Reunion','',1),(4734,236,'Dependencias Federales','',1),(1369,230,'Derby','',1),(1370,230,'Derbyshire','',1),(4089,199,'Destrnik','',1),(1371,230,'Devon','',1),(486,25,'Devonshire','',1),(2922,134,'Dhaalu','',1),(2911,134,'Dhaalu Atholhu','',1),(312,19,'Dhaka','',1),(400,34,'Dhaka','',1),(4861,242,'Dhamar','',1),(4863,242,'Dhamr','',1),(3181,154,'Dhawalgiri','',1),(2031,104,'Dh Qr','',1),(134,3,'Dibr','',1),(2484,128,'Diekirch','',1),(3073,160,'Diffa','',1),(983,60,'Dikhil','',1),(987,60,'Dikhil','',1),(4261,212,'Dimashq','',1),(755,54,'Dimbokro','',1),(402,34,'Dinajpur','',1),(1674,91,'Dinguiraye','',1),(4187,193,'Diourbel','',1),(3502,174,'Dipolog','',1),(1219,69,'Dire Dawa','',1),(1244,69,'Dir Dawa','',1),(16,231,'District of Columbia','DC',1),(874,48,'Distrito Capital','',1),(519,31,'Distrito Federal','',1),(185,11,'Distrito Federal','',1),(4720,236,'Distrito Federal','',1),(4735,236,'Distrito Federal','',1),(1051,62,'Distrito Nacional','',1),(3983,199,'Divaa','',1),(707,54,'Divo','',1),(766,54,'Dix-Huit Montagnes','',1),(4454,223,'Diyarbakr','',1),(2032,104,'Diyl','',1),(1071,4,'Djelfa','',1),(988,60,'Djibouti','',1),(984,60,'Djibouti','',1),(981,60,'Djibouti (general)','',1),(1596,80,'Dmanisis Raioni','',1),(4569,228,'Dnipropetrovs\'ka Oblast\'','',1),(2495,121,'Dobeles Rajons','',1),(2487,121,'Dobeles Rajons','',1),(4090,199,'Dobje','',1),(3984,199,'Dobrepolje','',1),(408,34,'Dobrich','',1),(4091,199,'Dobrna','',1),(4092,199,'Dobrova-Horjul-Polhov Gradec','',1),(4093,199,'Dobrovnik-Dobronak','',1),(2714,130,'Dobruevo','',1),(1763,84,'Dodeknisos','',1),(4540,215,'Dodoma','',1),(4094,199,'Dolenjske Toplice','',1),(3698,181,'Dolj','',1),(2715,130,'Dolna Banjica','',1),(2716,130,'Dolneni','',1),(4178,190,'Domagnano','',1),(1011,61,'Dominica (general)','',1),(1022,62,'Dominican Republic (general)','',1),(4095,199,'Domale','',1),(1372,230,'Doncaster','',1),(1954,105,'Donegal','',1),(4570,228,'Donets\'ka Oblast\'','',1),(479,24,'Donga','',1),(3986,199,'Dornava','',1),(1373,230,'Dorset','',1),(3074,160,'Dosso','',1),(2620,149,'Doukkala-Abda','',1),(2944,132,'Dowa','',1),(1503,230,'Down','',1),(3987,199,'Dravograd','',1),(3146,155,'Drenthe','',1),(2718,130,'Drugovo','',1),(1720,84,'Drma','',1),(1027,62,'Duarte','',1),(78,229,'Dubayy','',1),(1836,55,'Dubrovako-Neretvanska','',1),(1698,91,'Dubrka','',1),(2658,144,'Dubsari','',1),(1374,230,'Dudley','',1),(732,54,'Duekoue','',1),(3503,174,'Dumaguete','',1),(1523,230,'Dumfries and Galloway','',1),(1164,64,'Dumy','',1),(1892,99,'Dunajvros','',1),(1524,230,'Dundee City','',1),(1504,230,'Dungannon','',1),(3988,199,'Duplek','',1),(2978,142,'Durango','',1),(4672,233,'Durazno','',1),(1375,230,'Durham','',1),(135,3,'Durrs','',1),(1597,80,'Dushetis Raioni','',1),(1337,230,'Dyfed','',1),(2849,146,'Dzavhan','',1),(3697,181,'Dmbovia','',1),(4517,223,'Dzce','',1),(1989,101,'Ddra and Nagar Haveli','',1),(121,1,'Dykond','',1),(2719,130,'Depite','',1),(239,16,'Dvi','',1),(1376,230,'Ealing','',1),(2114,100,'East','',1),(2846,146,'East Aimak','',1),(1525,230,'East Ayrshire','',1),(1806,93,'East Berbice-Corentyne','',1),(1526,230,'East Dunbartonshire','',1),(2847,146,'East Gobi Aymag','',1),(1916,102,'East Java','',1),(1922,102,'East Kalimantan','',1),(1527,230,'East Lothian','',1),(3398,171,'East New Britain','',1),(1528,230,'East Renfrewshire','',1),(1377,230,'East Riding of Yorkshire','',1),(3399,171,'East Sepik','',1),(1378,230,'East Sussex','',1),(2337,41,'Eastern','',1),(1649,82,'Eastern','',1),(2227,114,'Eastern','',1),(4897,243,'Eastern','',1),(4171,196,'Eastern','',1),(1269,72,'Eastern','',1),(4884,202,'Eastern Cape','',1),(3397,171,'Eastern Highlands','',1),(3829,183,'Eastern Province','',1),(3432,174,'Eastern Samar','',1),(3121,161,'Ebonyi','',1),(1104,63,'Ecuador (general)','',1),(2636,144,'Edinet','',1),(4455,223,'Edirne Province','',1),(3106,161,'Edo','',1),(1893,99,'Eger','',1),(1144,64,'Egypt (general)','',1),(2181,110,'Ehime','',1),(3122,161,'Ekiti','',1),(1089,4,'El Bayadh','',1),(505,27,'El Beni','',1),(2580,149,'El Jadida','',1),(2581,149,'El Kelaa des Srarhna','',1),(1112,63,'El Oro','',1),(1090,4,'El Oued','',1),(1821,97,'El Paraso','',1),(1774,89,'El Progreso','',1),(4233,65,'El Salvador (general)','',1),(1045,62,'El Sebo','',1),(1091,4,'El Tarf','',1),(4456,223,'Elaz','',1),(136,3,'Elbasan','',1),(3562,176,'Elblag','',1),(1031,62,'Elas Pia','',1),(2127,108,'Emilia-Romagna','',1),(69,6,'Encamp','',1),(3407,171,'Enga','',1),(3893,195,'English River','',1),(186,11,'Entre Ros','',1),(3115,161,'Enugu','',1),(1708,66,'Equatorial Guinea (general)','',1),(2582,149,'Er Rachidia','',1),(2842,146,'Erdenet Hot (historical)','',1),(1202,69,'Eritrea','',1),(1172,67,'Eritrea (general)','',1),(3058,152,'Erongo','',1),(4457,223,'Erzincan Province','',1),(4458,223,'Erzurum Province','',1),(74,6,'Escaldes-Engordany','',1),(2415,126,'Eschen','',1),(2456,123,'Eschen Commune','',1),(1775,89,'Escuintla','',1),(4459,223,'Eskiehir Province','',1),(1113,63,'Esmeraldas','',1),(1028,62,'Espaillat','',1),(520,31,'Esprito Santo','',1),(2583,149,'Essaouira','',1),(1807,93,'Essequibo Islands-West Demerara','',1),(1380,230,'Essex','',1),(797,38,'Est','',1),(3131,159,'Estel','',1),(1128,68,'Estonia (general)','',1),(1194,204,'Estremadura','',1),(1305,78,'Estuaire','',1),(1314,230,'Estuaire Province','',1),(1264,73,'Etel-Suomen Lni','',1),(1198,69,'Ethiopia (general)','',1),(3744,182,'Evenkiyskiy Avtonomnyy Okrug','',1),(1746,84,'Evrytana','',1),(3202,153,'Ewa','',1),(804,38,'Extreme-Nord','',1),(546,17,'Exuma','',1),(2085,100,'Eyjafjardarsysla','',1),(2066,103,'Efahn','',1),(2923,134,'Faafu','',1),(2910,134,'Faafu Atholhu','',1),(4179,190,'Faetano','',1),(4721,236,'Falcn','',1),(1530,230,'Falkirk','',1),(1273,70,'Falkland Islands (Islas Malvinas) (general)','',1),(929,57,'Famagusta','',1),(1676,91,'Faranah','',1),(4690,234,'Farg ona','',1),(3633,177,'Faro','',1),(1280,71,'Faroe Islands','',1),(89,1,'Faryab Province','',1),(88,1,'Farh','',1),(4192,193,'Fatick','',1),(4844,189,'Faasaleleaga','',1),(3015,133,'Federal Territory of Labuan','',1),(3546,167,'Federally Administered Tribal Areas','',1),(17,231,'Federated States of Micronesia','FM',1),(295,28,'Federation of Bosnia and Herzegovina','',1),(1873,99,'Fejr','',1),(403,34,'Feni','',1),(708,54,'Ferkessedougou','',1),(1505,230,'Fermanagh','',1),(521,31,'Fernando de Noronha','',1),(2584,149,'Fes','',1),(2682,131,'Fianarantsoa','',1),(2573,149,'Fianarantsoa Province','',1),(137,3,'Fier','',1),(1531,230,'Fife','',1),(2585,149,'Figuig','',1),(1267,72,'Fiji (general)','',1),(1251,73,'Finland (general)','',1),(3162,165,'Finnmark','',1),(4180,190,'Fiorentino','',1),(2889,140,'Flacq','',1),(3157,155,'Flevoland','',1),(1558,230,'Flintshire','',1),(4673,233,'Flores','',1),(18,231,'Florida','FL',1),(4674,233,'Florida Department','',1),(1724,84,'Flrina','',1),(909,40,'Fogo Concelho do','',1),(187,11,'Formosa','',1),(1677,91,'Forcariah','',1),(1281,74,'France (general)','',1),(1290,74,'Franche-Comt','',1),(1822,97,'Francisco Morazn','',1),(992,59,'Frederiksborg','',1),(1005,59,'Fredriksberg','',1),(4882,202,'Free State','',1),(554,17,'Freeport','',1),(342,35,'Freeport District','',1),(1643,75,'French Guiana','',1),(555,17,'Fresh Creek','',1),(343,35,'Fresh Creek District','',1),(1678,91,'Fria','',1),(677,211,'Fribourg','',1),(3147,155,'Friesland','',1),(2128,108,'Friuli','',1),(767,54,'Fromager','',1),(4533,213,'Fu-chien','',1),(814,45,'Fujian','',1),(2182,110,'Fukui','',1),(2183,110,'Fukuoka','',1),(2184,110,'Fukushima','',1),(993,59,'Fyn','',1),(2615,149,'Fs-Boulemane','',1),(240,16,'Fzuli','',1),(2047,103,'Frs Province','',1),(2924,134,'Gaafu Alifu','',1),(2917,134,'Gaafu Alifu Atholhu','',1),(2925,134,'Gaafu Dhaalu','',1),(2918,134,'Gaafu Dhaalu Atholhu','',1),(1304,78,'Gabon (general)','',1),(409,34,'Gabrovo','',1),(1799,92,'Gab','',1),(4847,189,'Gagaifomauga','',1),(4845,189,'Gagaemauga','',1),(709,54,'Gagnoa','',1),(404,34,'Gaibandha','',1),(3699,181,'Galai','',1),(4204,201,'Galguduud','',1),(1195,204,'Galicia','',1),(1956,105,'Galway','',1),(1105,63,'Galpagos','',1),(1220,69,'Gambela','',1),(1660,79,'Gambia, The (general)','',1),(1245,69,'Gambla Hizboch','',1),(1235,69,'Gamo Gofa','',1),(1203,69,'Gamo Gofa','',1),(2416,126,'Gamprin','',1),(2457,123,'Gamprin Commune','',1),(3182,154,'Gandak','',1),(823,45,'Gansu','',1),(337,35,'Ganzourgou','',1),(2821,135,'Gao','',1),(2814,135,'Gao','',1),(1679,91,'Gaoual','',1),(1598,80,'Gardabanis Raioni','',1),(1176,67,'Gash Barka','',1),(1381,230,'Gateshead','',1),(4885,202,'Gauteng','',1),(3020,150,'Gaza','',1),(3623,169,'Gaza Strip','',1),(2720,130,'Gazi Baba','',1),(4507,223,'Gaziantep Province','',1),(405,34,'Gazipur','',1),(2452,124,'Gbarpolu','',1),(3563,176,'Gdansk','',1),(4205,201,'Gedo','',1),(149,12,'Gegharkunik','',1),(3148,155,'Gelderland','',1),(3504,174,'General Santos','',1),(678,211,'Genve','',1),(19,231,'Georgia','GA',1),(1578,80,'Georgia (general)','',1),(964,81,'Germany (general)','',1),(2721,130,'Gevgelija','',1),(570,26,'Geylegphug','',1),(2565,125,'Ghadmis','',1),(1644,82,'Ghana (general)','',1),(587,29,'Ghanzi','',1),(3923,206,'Gharb Bar al Ghazl','',1),(3924,206,'Gharb Drfr','',1),(3925,206,'Gharb Kurdufn','',1),(3922,206,'Gharb al Istiwyah','',1),(2621,149,'Gharb-Chrarda-Beni Hssen','',1),(1092,4,'Ghardaa','',1),(2566,125,'Gharyn','',1),(90,1,'Ghazn','',1),(91,1,'Ghowr','',1),(4786,237,'Gia Lai','',1),(1655,83,'Gibraltar (general)','',1),(2185,110,'Gifu','',1),(3822,183,'Gikongoro','',1),(2275,115,'Gilbert Islands','',1),(3505,174,'Gingoog','',1),(4460,223,'Giresun Province','',1),(3823,183,'Gisenyi','',1),(3824,183,'Gitarama','',1),(455,36,'Gitega','',1),(3722,181,'Giurgiu','',1),(138,3,'Gjirokastr','',1),(3889,195,'Glacis','',1),(3870,195,'Glacis','',1),(679,211,'Glarus','',1),(1532,230,'Glasgow City','',1),(1382,230,'Gloucestershire','',1),(338,35,'Gnagna','',1),(2932,134,'Gnaviyani','',1),(2919,134,'Gnaviyani Atholhu','',1),(2015,101,'Goa','',1),(3034,152,'Gobabis','',1),(522,31,'Goias','',1),(540,31,'Gois','',1),(1204,69,'Gojam','',1),(2075,103,'Golestn','',1),(3123,161,'Gombe','',1),(1200,69,'Gonder','',1),(243,16,'Goranboy','',1),(3989,199,'Gorenja Vas-Poljane','',1),(2873,139,'Gorgol','',1),(1599,80,'Gori','',1),(1600,80,'Goris Raioni','',1),(3990,199,'Gorinica','',1),(3700,181,'Gorj','',1),(3991,199,'Gornja Radgona','',1),(3992,199,'Gornji Grad','',1),(3993,199,'Gornji Petrovci','',1),(1941,102,'Gorontalo','',1),(3564,176,'Gorzow','',1),(2722,130,'Gostivar','',1),(3940,210,'Goteborgs Och Bohus','',1),(3941,210,'Gotlands Ln','',1),(367,35,'Gourma','',1),(556,17,'Governors Harbour','',1),(344,35,'Governors Harbour District','',1),(2850,146,'Gov-Altay','',1),(2863,146,'Gov-Sumber','',1),(1823,97,'Gracias a Dios','',1),(4096,199,'Grad','',1),(1854,55,'Grad Zagreb','',1),(2723,130,'Gradsko','',1),(1328,230,'Grampian','',1),(3132,159,'Granada','',1),(3890,195,'Grand Anse Mahe','',1),(3891,195,'Grand Anse Praslin','',1),(3872,195,'Grand Anse Praslin','',1),(2442,124,'Grand Bassa County','',1),(2443,124,'Grand Cape Mount','',1),(2437,124,'Grand Cape Mount','',1),(2614,149,'Grand Casablanca','',1),(2450,124,'Grand Gedeh','',1),(2436,124,'Grand Jide','',1),(2447,124,'Grand Kru','',1),(2890,140,'Grand Port','',1),(756,54,'Grand-Bassam','',1),(733,54,'Grand-Lahou','',1),(2280,49,'Grande Comore','',1),(1864,94,'GrandAnse','',1),(898,56,'Granma','',1),(680,211,'Graubnden','',1),(1645,82,'Greater Accra','',1),(1319,230,'Greater London','',1),(3618,176,'Greater Poland Voivodeship','',1),(557,17,'Green Turtle Cay','',1),(1656,85,'Greenland (general)','',1),(1571,86,'Grenada (general)','',1),(4709,188,'Grenadines','',1),(2485,128,'Grevenmacher','',1),(1726,84,'Greven','',1),(3149,155,'Groningen','',1),(3035,152,'Grootfontein','',1),(2407,186,'Gros-Islet','',1),(3994,199,'Grosuplje','',1),(3852,200,'Guadalcanal','',1),(855,48,'Guaina','',1),(3656,172,'Guair','',1),(20,231,'Guam','GU',1),(882,53,'Guanacaste','',1),(2979,142,'Guanajuato','',1),(836,45,'Guangdong','',1),(824,45,'Guangxi','',1),(899,56,'Guantnamo','',1),(3635,177,'Guarda','',1),(1776,89,'Guatemala','',1),(1769,89,'Guatemala (general)','',1),(854,48,'Guaviare','',1),(1114,63,'Guayas','',1),(1072,4,'Guelma','',1),(2602,149,'Guelmim','',1),(2622,149,'Guelmim-Es Smara','',1),(2980,142,'Guerrero','',1),(2879,139,'Guidimaka','',1),(757,54,'Guiglo','',1),(1667,91,'Guinea (general)','',1),(1792,92,'Guinea-Bissau (general)','',1),(825,45,'Guizhou','',1),(1991,101,'Gujart','',1),(2496,121,'Gulbenes Rajons','',1),(3390,171,'Gulf','',1),(2086,100,'Gullbringusysla','',1),(4599,227,'Gulu','',1),(2186,110,'Gumma','',1),(1601,80,'Gurjaanis Raioni','',1),(1802,93,'Guyana (general)','',1),(4722,236,'Gurico','',1),(1680,91,'Guckdou','',1),(4274,43,'Gura','',1),(1338,230,'Gwent','',1),(1559,230,'Gwynedd','',1),(1890,99,'Gyr','',1),(1874,99,'Gyr-Moson-Sopron','',1),(3939,210,'Gvleborgs Ln','',1),(244,16,'Gyay','',1),(4493,223,'Gmhane','',1),(2637,144,'Gguzia','',1),(2048,103,'Gln','',1),(241,16,'Gdby','',1),(242,16,'Gnc','',1),(4751,237,'H?i Hung T?nh','',1),(571,26,'Ha','',1),(4781,237,'Ha Ni','',1),(4754,237,'Ha Tay','',1),(1977,107,'HaDarom','',1),(1978,107,'HaMerkaz','',1),(2926,134,'Haa Alifu','',1),(2906,134,'Haa Alifu Atholhu','',1),(2927,134,'Haa Dhaalu','',1),(2913,134,'Haa Dhaalu Atholhu','',1),(245,16,'Hacqabul','',1),(2087,100,'Hafnarfjrdur','',1),(837,45,'Hainan Province','',1),(321,22,'Hainaut','',1),(1855,94,'Haiti (general)','',1),(4097,199,'Hajdina','',1),(1875,99,'Hajd-Bihar','',1),(4494,223,'Hakkri Province','',1),(3942,210,'Hallands Ln','',1),(1385,230,'Halton','',1),(2049,103,'Hamadn','',1),(968,81,'Hamburg','',1),(1253,73,'Hame','',1),(2310,116,'Hamgyng-bukto','',1),(2299,116,'Hamgyng-namdo','',1),(488,25,'Hamilton','',1),(487,25,'Hamilton','',1),(1387,230,'Hampshire','',1),(2145,109,'Hanover Parish','',1),(4911,244,'Harare','',1),(551,17,'Harbour Island','',1),(339,35,'Harbour Island District','',1),(3059,152,'Hardap','',1),(1205,69,'Harerge','',1),(3701,181,'Harghita','',1),(1388,230,'Haringey','',1),(1129,68,'Harjumaa','',1),(1389,230,'Harrow','',1),(1390,230,'Hartlepool','',1),(1992,101,'Haryna','',1),(4461,223,'Hatay Province','',1),(1046,62,'Hato Mayor','',1),(644,42,'Haut-Mbomou','',1),(1306,78,'Haut-Ogoou','',1),(768,54,'Haut-Sassandra','',1),(642,42,'Haute-Kotto','',1),(1291,74,'Haute-Normandie','',1),(21,231,'Hawaii','HI',1),(3337,158,'Hawke\'s Bay','',1),(4433,220,'Haapai','',1),(213,14,'Heard Island and McDonald Islands (general)','',1),(818,45,'Hebei','',1),(3163,165,'Hedmark','',1),(815,45,'Heilongjiang','',1),(92,1,'Helmand','',1),(816,45,'Henan','',1),(2851,146,'Hentiy','',1),(93,1,'Herat Province','',1),(883,53,'Heredia','',1),(1392,230,'Herefordshire','',1),(3052,152,'Hereroland Oos','',1),(3053,152,'Hereroland Wes','',1),(3356,170,'Herrera','',1),(1393,230,'Hertfordshire','',1),(969,81,'Hessen','',1),(1876,99,'Heves','',1),(4264,209,'Hhohho','',1),(2981,142,'Hidalgo','',1),(558,17,'High Rock','',1),(346,35,'High Rock District','',1),(1533,230,'Highland','',1),(4206,201,'Hiiraan','',1),(1130,68,'Hiiumaa','',1),(1394,230,'Hillingdon','',1),(1993,101,'Himchal Pradesh','',1),(2187,110,'Hiroshima','',1),(947,58,'Hlavn Mesto Praha','',1),(4753,237,'Hoa Binh','',1),(2870,139,'Hodh Ech Chargui','',1),(2871,139,'Hodh El Gharbi','',1),(4099,199,'Hodo-Hodos','',1),(4600,227,'Hoima','',1),(2188,110,'Hokkaid','',1),(901,56,'Holgun','',1),(598,21,'Homyelskaya Voblasts','',1),(1814,97,'Honduras (general)','',1),(1813,98,'Hong Kong (general)','',1),(601,21,'Horad Minsk','',1),(3164,165,'Hordaland','',1),(4100,199,'Horjul','',1),(2051,103,'Hormozgn Province','',1),(2365,120,'Houaphan','',1),(368,35,'Houet','',1),(1395,230,'Hounslow','',1),(2852,146,'Hovd','',1),(4098,199,'Hoe-Slivnica','',1),(936,58,'Hradec Kralove','',1),(3995,199,'Hrastnik','',1),(599,21,'Hrodzyenskaya Voblasts','',1),(3996,199,'Hrpelje-Kozina','',1),(166,7,'Huambo','',1),(3370,173,'Huancavelica','',1),(3371,173,'Huanuco','',1),(820,45,'Hubei','',1),(1777,89,'Huehuetenango','',1),(856,48,'Huila','',1),(819,45,'Hunan Province','',1),(3702,181,'Hunedoara','',1),(1865,99,'Hungary (general)','',1),(2088,100,'Husavik','',1),(167,7,'Hula','',1),(2301,116,'Hwanghae-bukto','',1),(2300,116,'Hwanghae-namdo','',1),(2189,110,'Hygo','',1),(4750,237,'H B?c T?nh','',1),(4787,237,'H Giang','',1),(4817,237,'H Nam','',1),(4788,237,'H Ty','',1),(4789,237,'H Tnh','',1),(4790,237,'Ha Bnh','',1),(1894,99,'Hdmezvsrhely','',1),(2853,146,'Hvsgl','',1),(1246,69,'Hrer Hizb','',1),(4818,237,'Hng Yn','',1),(1980,107,'Hefa','',1),(4816,237,'Hi Dng','',1),(4752,237,'Hi Phng','',1),(4758,237,'H Ch Minh','',1),(3703,181,'Ialomia','',1),(3704,181,'Iai','',1),(2190,110,'Ibaraki','',1),(4875,242,'Ibb','',1),(3372,173,'Ica','',1),(2082,100,'Iceland (general)','',1),(1131,68,'Ida-Virumaa','',1),(22,231,'Idaho','ID',1),(4260,212,'Idlib','',1),(3997,199,'Idrija','',1),(2603,149,'Ifrane','',1),(3436,174,'Ifugao','',1),(3998,199,'Ig','',1),(4637,227,'Iganga','',1),(4647,227,'Iganga','',1),(4601,227,'Iganga','',1),(3203,153,'Ijuw','',1),(1755,84,'Ilea','',1),(3723,181,'Ilfov','',1),(2866,129,'Ilhas','',1),(2724,130,'Ilinden','',1),(3999,199,'Ilirska Bistrica','',1),(23,231,'Illinois','IL',1),(1093,4,'Illizi','',1),(3437,174,'Ilocos Norte','',1),(3438,174,'Ilocos Sur','',1),(3507,174,'Iloilo','',1),(3439,174,'Iloilo','',1),(1236,69,'Ilubabor','',1),(1206,69,'Ilubabor','',1),(1728,84,'Imatha','',1),(1115,63,'Imbabura','',1),(3098,161,'Imo','',1),(547,17,'Inagua','',1),(2319,117,'Inch\'n-gwangyksi','',1),(2881,139,'Inchiri','',1),(1029,62,'Independencia','',1),(1983,101,'India (general)','',1),(24,231,'Indiana','IN',1),(1908,102,'Indonesia (general)','',1),(3745,182,'Ingushetiya','',1),(3021,150,'Inhambane','',1),(3892,195,'Inner Islands','',1),(1824,97,'Intibuc','',1),(1534,230,'Inverclyde','',1),(369,35,'Ioba','',1),(25,231,'Iowa','IA',1),(1733,84,'Ionnina','',1),(2041,103,'Iran (general)','',1),(2022,104,'Iraq (general)','',1),(2170,112,'Irbid','',1),(2166,112,'Irbid','',1),(1949,105,'Ireland (general)','',1),(1946,102,'Irian Jaya Barat','',1),(3508,174,'Iriga','',1),(4541,215,'Iringa','',1),(3746,182,'Irkutsk','',1),(1761,84,'Irkleion','',1),(3853,200,'Isabel','',1),(3440,174,'Isabela','',1),(2089,100,'Isafjrdur','',1),(2191,110,'Ishikawa','',1),(4727,236,'Isla Margarita','',1),(894,56,'Isla de la Juventud','',1),(1825,97,'Islas de la Baha','',1),(1549,230,'Isle of Anglesey','',1),(1396,230,'Isle of Wight','',1),(1422,230,'Isles of Scilly','',1),(3553,167,'Islmbd','',1),(4463,223,'Isparta Province','',1),(1976,107,'Israel (general)','',1),(716,54,'Issia','',1),(1837,55,'Istarska','',1),(2122,108,'Italy (general)','',1),(3657,172,'Itapa','',1),(1265,73,'It-Suomen Lni','',1),(4571,228,'Ivano-Frankivs\'ka Oblast\'','',1),(3747,182,'Ivanovo','',1),(4000,199,'Ivanna Gorica','',1),(2192,110,'Iwate','',1),(1778,89,'Izabal','',1),(4001,199,'Izola-Isola','',1),(2725,130,'Izvor','',1),(4512,223,'Idr Province','',1),(937,58,'Jablonec nad Nisou','',1),(758,54,'Jacqueville','',1),(1912,102,'Jakarta Raya','',1),(2236,119,'Jalal-Abad','',1),(1779,89,'Jalapa','',1),(2982,142,'Jalisco','',1),(2143,109,'Jamaica (general)','',1),(1913,102,'Jambi','',1),(1994,101,'Jammu and Kashmr','',1),(3158,165,'Jan Mayen','',1),(3183,154,'Janakpur','',1),(3926,206,'Janb Drfr','',1),(3927,206,'Janb Kurdufn','',1),(1169,64,'Janb Sn','',1),(2176,110,'Japan (general)','',1),(2174,112,'Jarash','',1),(3674,179,'Jarayan al Batinah','',1),(3678,179,'Jarayn al Binah','',1),(3813,182,'Jaroslavl','',1),(1602,80,'Javis Raioni','',1),(1914,102,'Jawa Barat','',1),(2726,130,'Jegunovce','',1),(3565,176,'Jelenia Gora','',1),(2498,121,'Jelgava','',1),(2499,121,'Jelgavas Rajons','',1),(4101,199,'Jesenice','',1),(3814,182,'Jewish Autonomous Oblast','',1),(4102,199,'Jezersko','',1),(2020,101,'Jharkhand','',1),(810,45,'Jiangxi','',1),(438,18,'Jidd af','',1),(938,58,'Jiein','',1),(3107,161,'Jigawa','',1),(939,58,'Jihlava','',1),(952,58,'Jihoesk Kraj','',1),(1073,4,'Jijel','',1),(812,45,'Jilin','',1),(4602,227,'Jinja','',1),(3133,159,'Jinotega','',1),(4700,234,'Jizzax','',1),(3002,133,'Johor','',1),(2158,112,'Jordan (general)','',1),(111,1,'Jowzjn','',1),(4207,201,'Jubbada Dhexe','',1),(4208,201,'Jubbada Hoose','',1),(3681,181,'Judeul Covurlui','',1),(188,11,'Jujuy','',1),(4409,222,'Jundbah','',1),(3928,206,'Junqal','',1),(3373,173,'Junn','',1),(681,211,'Jura','',1),(4002,199,'Jurinci','',1),(1780,89,'Jutiapa','',1),(1885,99,'Jsz-Nagykun-Szolnok','',1),(3943,210,'Jmtlands Ln','',1),(1132,68,'Jrvamaa','',1),(1133,68,'Jgevamaa','',1),(3944,210,'Jnkpings Ln','',1),(2497,121,'Jkabpils Rajons','',1),(3845,192,'Jzn','',1),(2500,121,'Jrmala','',1),(1609,80,'K\'ut\'aisi','',1),(2928,134,'Kaafu','',1),(2916,134,'Kaafu Atholhu','',1),(4603,227,'Kabale','',1),(3748,182,'Kabardino-Balkariya','',1),(4648,227,'Kabarole','',1),(4604,227,'Kabarole','',1),(4649,227,'Kaberamaido','',1),(94,1,'Kabul Province','',1),(2827,151,'Kachin State','',1),(370,35,'Kadiogo','',1),(3093,161,'Kaduna','',1),(2302,116,'Kaesng-si','',1),(1165,64,'Kafr ash Shaykh','',1),(2193,110,'Kagawa','',1),(4556,215,'Kagera','',1),(2194,110,'Kagoshima','',1),(4474,223,'Kahramanmara Province','',1),(4605,227,'Kalangala','',1),(4335,216,'Kalasin','',1),(1921,102,'Kalimantan Tengah','',1),(3441,174,'Kalinga-Apayao','',1),(3749,182,'Kaliningrad','',1),(3566,176,'Kalisz','',1),(3945,210,'Kalmar Ln','',1),(3750,182,'Kalmykiya','',1),(3751,182,'Kaluga','',1),(2727,130,'Kamenjane','',1),(4103,199,'Kamnik','',1),(4606,227,'Kampala','',1),(4594,227,'Kampala District','',1),(4323,216,'Kamphaeng Phet','',1),(3752,182,'Kamtsjatka','',1),(4607,227,'Kamuli','',1),(4650,227,'Kamwenge','',1),(2195,110,'Kanagawa','',1),(4003,199,'Kanal','',1),(4362,216,'Kanchanaburi','',1),(104,1,'Kandahr','',1),(4275,43,'Kanem','',1),(2303,116,'Kangwn-do','',1),(2316,117,'Kangwn-do','',1),(1699,91,'Kankan','',1),(3099,161,'Kano','',1),(26,231,'Kansas','KS',1),(4292,218,'Kante','',1),(4651,227,'Kanungu','',1),(4534,213,'Kao-hsiung','',1),(3036,152,'Kaokoland','',1),(4193,193,'Kaolack','',1),(4608,227,'Kapchorwa','',1),(1895,99,'Kaposvr','',1),(4308,218,'Kara','',1),(4513,223,'Karabk','',1),(3753,182,'Karachayevo-Cherkesiya','',1),(4502,223,'Karaman Province','',1),(3060,152,'Karas','',1),(3049,152,'Karasburg','',1),(2034,104,'Karbal','',1),(2728,130,'Karbinci','',1),(1739,84,'Kardtsa','',1),(3754,182,'Kareliya','',1),(3037,152,'Karibib','',1),(954,58,'Karlovarsk Kraj','',1),(1838,55,'Karlovaka','',1),(3184,154,'Karnl','',1),(2001,101,'Karntaka','',1),(2945,132,'Karonga','',1),(2729,130,'Karpo','',1),(4508,223,'Kars','',1),(456,36,'Karuzi','',1),(629,51,'Kasa-Occidental','',1),(630,51,'Kasa-Oriental','',1),(4609,227,'Kasese','',1),(1604,80,'Kaspis Raioni','',1),(3929,206,'Kassal','',1),(4466,223,'Kastamonu Province','',1),(1725,84,'Kastori','',1),(2946,132,'Kasungu','',1),(4638,227,'Katakwi','',1),(631,51,'Katanga','',1),(710,54,'Katiola','',1),(3567,176,'Katowice','',1),(3094,161,'Katsina','',1),(2474,127,'Kauno Apskritis','',1),(2730,130,'Kavadarci','',1),(3054,152,'Kavango','',1),(1730,84,'Kavla','',1),(2829,151,'Kayah State','',1),(457,36,'Kayanza','',1),(2815,135,'Kayes','',1),(2828,151,'Kayin State','',1),(4467,223,'Kayseri Province','',1),(4652,227,'Kayunga','',1),(2251,37,'Kah Kng','',1),(3108,161,'Kebbi','',1),(1896,99,'Kecskemt','',1),(3003,133,'Kedah','',1),(3038,152,'Keetmanshoop','',1),(4410,222,'Kef','',1),(1207,69,'Kefa','',1),(1237,69,'Kefa','',1),(1743,84,'Kefallina','',1),(2090,100,'Keflavik','',1),(3004,133,'Kelantan','',1),(3755,182,'Kemerovo','',1),(559,17,'Kemps Bay','',1),(347,35,'Kemps Bay District','',1),(2586,149,'Kenitra','',1),(1398,230,'Kensington and Chelsea','',1),(1399,230,'Kent','',1),(27,231,'Kentucky','KY',1),(2224,114,'Kenya (general)','',1),(1947,102,'Kepulauan Riau','',1),(1995,101,'Kerala','',1),(2052,103,'Kerman','',1),(2067,103,'Kermn','',1),(2053,103,'Kermnshh','',1),(1254,73,'Keski-Suomi','',1),(588,29,'Kgalagadi','',1),(589,29,'Kgatleng','',1),(3756,182,'Khabarovsk Krai','',1),(3757,182,'Khakasiya','',1),(2376,120,'Khammouan','',1),(2366,120,'Khammouan','',1),(3758,182,'Khanty-Mansiyskiy Avtonomnyy Okrug','',1),(1605,80,'Kharagaulis Raioni','',1),(4572,228,'Kharkivs\'ka Oblast\'','',1),(1606,80,'Khashuris Raioni','',1),(411,34,'Khaskovo','',1),(4395,214,'Khatlon','',1),(2587,149,'Khemisset','',1),(1094,4,'Khenchela','',1),(2588,149,'Khenifra','',1),(4573,228,'Kherson Oblast','',1),(4574,228,'Khmel\'nyts\'ka Oblast\'','',1),(1607,80,'Khobis Raioni','',1),(3050,152,'Khomas','',1),(3069,152,'Khomas','',1),(4334,216,'Khon Kaen','',1),(1608,80,'Khonis Raioni','',1),(2068,103,'Khorasan Ostan-e','',1),(2079,103,'Khorsn-e Jonb','',1),(2081,103,'Khorsn-e Shoml','',1),(2589,149,'Khouribga','',1),(2382,120,'Khoung Viangchan','',1),(117,1,'Khowst','',1),(313,19,'Khulna','',1),(4791,237,'Khnh Ha','',1),(2243,37,'Khtt Bntay Man Chey','',1),(2244,37,'Khtt Btdmbng','',1),(2247,37,'Khtt Kmpng Sp','',1),(2249,37,'Khtt Kmpt','',1),(2258,37,'Khtt Rtnh Kiri','',1),(2259,37,'Khtt Sim Rab','',1),(2054,103,'Khzestn','',1),(4610,227,'Kibale','',1),(4611,227,'Kiboga','',1),(3825,183,'Kibungo','',1),(3826,183,'Kibuye','',1),(2822,135,'Kidal','',1),(4004,199,'Kidrievo','',1),(3568,176,'Kielce','',1),(4578,228,'Kiev Oblast','',1),(3827,183,'Kigali','',1),(3830,183,'Kigali City','',1),(4542,215,'Kigoma','',1),(4543,215,'Kilimanjaro','',1),(4514,223,'Kilis Province','',1),(1722,84,'Kilks','',1),(1683,91,'Kindia','',1),(2157,109,'Kingston','',1),(1401,230,'Kingston upon Thames','',1),(632,51,'Kinshasa','',1),(2274,115,'Kiribati (general)','',1),(1402,230,'Kirklees','',1),(3759,182,'Kirov','',1),(4575,228,'Kirovohrads\'ka Oblast\'','',1),(458,36,'Kirundo','',1),(2732,130,'Kisela Voda','',1),(4612,227,'Kisoro','',1),(1684,91,'Kissidougou','',1),(4613,227,'Kitgum','',1),(4653,227,'Kitgum','',1),(633,51,'Kivu Rgion du','',1),(1713,66,'Ki-Ntem','',1),(2731,130,'Kievo','',1),(4759,237,'Kin Giang','',1),(2091,100,'Kjosarsysla','',1),(2475,127,'Klaipdos Apskritis','',1),(2733,130,'Kleevce','',1),(4293,218,'Klouto','',1),(1403,230,'Knowsley','',1),(4005,199,'Kobarid','',1),(4006,199,'Kobilje','',1),(4470,223,'Kocaeli Province','',1),(3109,161,'Kogi','',1),(2046,103,'Kohglyeh va Byer Amad','',1),(4194,193,'Kolda Region','',1),(940,58,'Kolin','',1),(4007,199,'Komen','',1),(4105,199,'Komenda','',1),(3760,182,'Komi','',1),(3761,182,'Komi-Permyatskiy Avtonomnyy Okrug','',1),(373,35,'Komondjari','',1),(374,35,'Kompienga','',1),(1877,99,'Komrom-Esztergom','',1),(4766,237,'Kon Tum','',1),(4792,237,'Kon Tum','',1),(114,1,'Konar','',1),(96,1,'Konarha','',1),(2736,130,'Kondovo','',1),(3569,176,'Konin','',1),(2737,130,'Konopite','',1),(4495,223,'Konya Province','',1),(2735,130,'Kone','',1),(2092,100,'Kopavogur','',1),(4008,199,'Koper-Capodistria','',1),(1839,55,'Koprivniko-Krievaka','',1),(2055,103,'Kordestn','',1),(711,54,'Korhogo','',1),(1753,84,'Korintha','',1),(3762,182,'Koryakskiy Avtonomnyy Okrug','',1),(139,3,'Kor','',1),(2738,130,'Kosel','',1),(3725,194,'Kosovo','',1),(1275,143,'Kosrae','',1),(375,35,'Kossi','',1),(4106,199,'Kostel','',1),(3763,182,'Kostroma','',1),(3570,176,'Koszalin','',1),(3185,154,'Kos','',1),(150,12,'Kotayk','',1),(4614,227,'Kotido','',1),(1700,91,'Koubia','',1),(478,24,'Kouffo','',1),(660,50,'Kouilou','',1),(2819,135,'Koulikoro','',1),(376,35,'Koulplogo','',1),(1685,91,'Koundara','',1),(345,35,'Kouritenga','',1),(1686,91,'Kouroussa','',1),(377,35,'Kourwogo','',1),(4009,199,'Kozje','',1),(1727,84,'Kozni','',1),(2734,130,'Koani','',1),(4104,199,'Koevje','',1),(4164,198,'Koick','',1),(4299,218,'Kpagouda','',1),(4375,216,'Krabi','',1),(3571,176,'Krakow','',1),(4010,199,'Kranj','',1),(4011,199,'Kranjska Gora','',1),(1840,55,'Krapinsko-Zagorska','',1),(3764,182,'Krasnodarskiy Kray','',1),(3765,182,'Krasnoyarskiy Kray','',1),(2739,130,'Kratovo','',1),(2740,130,'Kriva Palanka','',1),(2741,130,'Krivogatani','',1),(4107,199,'Krievci','',1),(3947,210,'Kronobergs Ln','',1),(3572,176,'Krosno','',1),(4352,216,'Krung Thep Mahanakhon','',1),(2742,130,'Kruevo','',1),(955,58,'Krlovhradeck Kraj','',1),(2252,37,'Krchh','',1),(2501,121,'Krslavas Rajons','',1),(4012,199,'Krko','',1),(3014,133,'Kuala Lumpur','',1),(3605,176,'Kujawsko-Pomorskie Voivodship','',1),(2743,130,'Kukli','',1),(2744,130,'Kukureani','',1),(140,3,'Kuks','',1),(2502,121,'Kuldgas Rajons','',1),(4393,214,'Kulyabskaya Oblast\'','',1),(2197,110,'Kumamoto','',1),(2745,130,'Kumanovo','',1),(4615,227,'Kumi','',1),(105,1,'Kunduz Province','',1),(3061,152,'Kunene','',1),(4013,199,'Kungota','',1),(1255,73,'Kuopio','',1),(3911,206,'Kurdufan Wilayat','',1),(3766,182,'Kurgan','',1),(3767,182,'Kursk','',1),(4108,199,'Kuzma','',1),(4881,202,'KwaZulu-Natal','',1),(2325,117,'Kwangju-gwangyksi','',1),(3100,161,'Kwara','',1),(590,29,'Kweneng','',1),(4654,227,'Kyenjojo','',1),(1765,84,'Kykldes','',1),(1256,73,'Kymi','',1),(930,57,'Kyrenia','',1),(2233,119,'Kyrgyzstan (general)','',1),(413,34,'Kyustendil','',1),(2198,110,'Kyto','',1),(2320,117,'Kynggi-do','',1),(2321,117,'Kyngsang-bukto','',1),(2327,117,'Kyngsang-namdo','',1),(2245,37,'Kmpng Cham','',1),(2246,37,'Kmpng Chhnng','',1),(2248,37,'Kmpng Thum','',1),(2264,37,'Kmpt','',1),(2250,37,'Kndal','',1),(371,35,'Kndougou','',1),(645,42,'Kmo','',1),(1741,84,'Krkyra','',1),(1682,91,'Krouan','',1),(2269,37,'Kb','',1),(995,59,'Kbenhavn','',1),(249,16,'Krdmir','',1),(4471,223,'Ktahya Province','',1),(95,1,'Kps','',1),(4468,223,'Krklareli Province','',1),(4503,223,'Krkkale Province','',1),(4469,223,'Krehir Province','',1),(2196,110,'Kchi','',1),(4394,214,'Khistoni Badakhshon','',1),(412,34,'Krdzhali','',1),(248,16,'Klbcr','',1),(1603,80,'Karelis Raioni','',1),(4580,228,'L\'vivs\'ka Oblast\'','',1),(1030,62,'La Altagracia','',1),(3509,174,'La Carlota','',1),(857,48,'La Guajira','',1),(900,56,'La Habana','',1),(3374,173,'La Libertad','',1),(4238,65,'La Libertad','',1),(70,6,'La Massana','',1),(189,11,'La Pampa','',1),(506,27,'La Paz','',1),(4239,65,'La Paz','',1),(1826,97,'La Paz','',1),(190,11,'La Rioja','',1),(1181,204,'La Rioja','',1),(3874,195,'La Riviere Anglaise','',1),(1032,62,'La Romana','',1),(3445,174,'La Union','',1),(4240,65,'La Unin','',1),(1047,62,'La Vega','',1),(2905,134,'Laamu','',1),(2604,149,'Laayoune','',1),(2408,186,'Laborie','',1),(2746,130,'Labunita','',1),(1701,91,'Lab','',1),(4276,43,'Lac','',1),(1758,84,'Laconia','',1),(769,54,'Lacs','',1),(97,1,'Laghman','',1),(115,1,'Laghmn','',1),(1074,4,'Laghouat','',1),(1610,80,'Lagodekhis Raioni','',1),(3083,161,'Lagos','',1),(3442,174,'Laguna','',1),(770,54,'Lagunes','',1),(4760,237,'Lai Chu','',1),(717,54,'Lakota','',1),(1996,101,'Lakshadweep','',1),(4294,218,'Lama-Kara','',1),(3375,173,'Lambayeque','',1),(4318,216,'Lampang','',1),(4317,216,'Lamphun','',1),(1923,102,'Lampung','',1),(3443,174,'Lanao del Norte','',1),(3444,174,'Lanao del Sur','',1),(1405,230,'Lancashire','',1),(1611,80,'Lanchkhutis Raioni','',1),(1293,74,'Languedoc-Roussillon','',1),(3510,174,'Laoag','',1),(2362,120,'Laos (general)','',1),(1257,73,'Lappi','',1),(3511,174,'Lapu-Lapu','',1),(2638,144,'Lapusna','',1),(4723,236,'Lara','',1),(2610,149,'Larache','',1),(931,57,'Larnaca','',1),(1506,230,'Larne','',1),(902,56,'Las Tunas','',1),(1762,84,'Lasthi','',1),(4675,233,'Lavalleja Department','',1),(2129,108,'Lazio','',1),(2628,149,'Layoune-Boujdour-Sakia El Hamra','',1),(250,16,'Lan','',1),(4014,199,'Lako','',1),(4876,242,'Laij','',1),(2389,122,'Lebanon (general)','',1),(4404,224,'Lebap','',1),(1406,230,'Leeds','',1),(1742,84,'Lefks','',1),(3512,174,'Legaspi','',1),(3573,176,'Legnica','',1),(1407,230,'Leicester','',1),(1408,230,'Leicestershire','',1),(3636,177,'Leiria','',1),(1960,105,'Leitrim','',1),(1827,97,'Lempira','',1),(4109,199,'Lenart','',1),(4110,199,'Lendava-Lendva','',1),(3768,182,'Leningrad','',1),(4396,214,'Leninobod','',1),(1612,80,'Lentekhis Raioni','',1),(2463,123,'Leribe District','',1),(253,16,'Lerik','',1),(3900,195,'Les Mamelles','',1),(2454,123,'Lesotho (general)','',1),(3609,176,'Lesser Poland Voivodeship','',1),(3574,176,'Leszno','',1),(3446,174,'Leyte','',1),(141,3,'Lezh','',1),(3134,159,'Len','',1),(2929,134,'Lhaviyani','',1),(2903,134,'Lhaviyani Atholhu','',1),(572,26,'Lhuntshi','',1),(826,45,'Liaoning Province','',1),(2398,122,'Liban-Nord','',1),(2392,122,'Liban-Nord','',1),(2395,122,'Liban-Sud','',1),(941,58,'Liberec','',1),(956,58,'Libereck Kraj','',1),(2434,124,'Liberia (general)','',1),(790,44,'Libertador General Bernardo OHiggins','',1),(2521,125,'Libya (general)','',1),(2413,126,'Liechtenstein (general)','',1),(2503,121,'Liepja','',1),(2504,121,'Liepjas Rajons','',1),(2130,108,'Liguria','',1),(2964,132,'Likoma','',1),(662,50,'Likouala','',1),(2948,132,'Lilongwe','',1),(3376,173,'Lima','',1),(933,57,'Limassol','',1),(1507,230,'Limavady','',1),(2505,121,'Limbau Rajons','',1),(323,22,'Limburg','',1),(3150,155,'Limburg','',1),(1962,105,'Limerick','',1),(1294,74,'Limousin','',1),(4888,202,'Limpopo','',1),(884,53,'Limn','',1),(1410,230,'Lincolnshire','',1),(4544,215,'Lindi','',1),(2276,115,'Line Islands','',1),(3513,174,'Lipa','',1),(3769,182,'Lipetsk','',1),(2747,130,'Lipkovo','',1),(4616,227,'Lira','',1),(3637,177,'Lisboa','',1),(1508,230,'Lisburn','',1),(2471,127,'Lithuania (general)','',1),(4111,199,'Litija','',1),(1714,66,'Litoral','',1),(480,24,'Littoral','',1),(798,38,'Littoral','',1),(1411,230,'Liverpool','',1),(322,22,'Lige','',1),(1841,55,'Liko-Senjska','',1),(4015,199,'Ljubljana','',1),(4016,199,'Ljubno','',1),(4112,199,'Ljutomer','',1),(646,42,'Lobaye','',1),(3575,176,'Lodz','',1),(4330,216,'Loei','',1),(2451,124,'Lofa','',1),(2438,124,'Lofa','',1),(4017,199,'Logatec','',1),(4277,43,'Logone Occidental','',1),(4278,43,'Logone Oriental','',1),(1116,63,'Loja','',1),(1703,91,'Lola','',1),(2131,108,'Lombardia','',1),(4295,218,'Lome','',1),(3576,176,'Lomza','',1),(1341,230,'London Borough of Barking and Dagenham','',1),(1342,230,'London Borough of Barnet','',1),(1362,230,'London Borough of Camden','',1),(1366,230,'London Borough of Croydon','',1),(1379,230,'London Borough of Enfield','',1),(1383,230,'London Borough of Greenwich','',1),(1384,230,'London Borough of Hackney','',1),(1386,230,'London Borough of Hammersmith and Fulham','',1),(1391,230,'London Borough of Havering','',1),(1397,230,'London Borough of Islington','',1),(1404,230,'London Borough of Lambeth','',1),(1409,230,'London Borough of Lewisham','',1),(1416,230,'London Borough of Merton','',1),(1439,230,'London Borough of Redbridge','',1),(1441,230,'London Borough of Richmond upon Thames','',1),(1476,230,'London Borough of Waltham Forest','',1),(1509,230,'Londonderry','',1),(4762,237,'Long An','',1),(4779,237,'Long An','',1),(548,17,'Long Island','',1),(4346,216,'Lop Buri','',1),(2061,103,'Lorestn','',1),(3377,173,'Loreto','',1),(379,35,'Loroum','',1),(1295,74,'Lorraine','',1),(151,12,'Lorri','',1),(791,44,'Los Lagos','',1),(1117,63,'Los Ros','',1),(3357,170,'Los Santos','',1),(1330,230,'Lothian','',1),(2367,120,'Louang Namtha','',1),(2378,120,'Louangphabang','',1),(2368,120,'Louangphrabang','',1),(4191,193,'Louga','',1),(4196,193,'Louga','',1),(28,231,'Louisiana','LA',1),(2377,120,'Loungnamtha','',1),(414,34,'Lovech','',1),(4114,199,'Lovrenc na Pohorju','',1),(206,15,'Lower Austria','',1),(1662,79,'Lower River','',1),(3604,176,'Lower Silesian Voivodeship','',1),(98,1,'Lowgar','',1),(2748,130,'Lozovo','',1),(4113,199,'Loka Dolina','',1),(4018,199,'Loki Potok','',1),(168,7,'Luanda','',1),(4899,243,'Luapula','',1),(3577,176,'Lublin','',1),(3607,176,'Lublin Voivodeship','',1),(4265,209,'Lubombo','',1),(3608,176,'Lubusz Voivodship','',1),(3514,174,'Lucena','',1),(2506,121,'Ludzas Rajons','',1),(4579,228,'Luhans\'ka Oblast\'','',1),(4019,199,'Lukovica','',1),(2749,130,'Lukovo','',1),(3186,154,'Lumbin','',1),(174,7,'Lunda Norte','',1),(175,7,'Lunda Sul','',1),(4900,243,'Lusaka','',1),(1413,230,'Luton','',1),(4639,227,'Luwero','',1),(4617,227,'Luwero','',1),(2486,128,'Luxembourg','',1),(324,22,'Luxembourg','',1),(2483,128,'Luxembourg (general)','',1),(682,211,'Luzern','',1),(4115,199,'Lue','',1),(4793,237,'Lo Cai','',1),(1737,84,'Lrisa','',1),(4761,237,'Lm ng','',1),(1266,73,'Lnsi-Suomen Lni','',1),(1135,68,'Lne-Virumaa','',1),(1134,68,'Lnemaa','',1),(661,50,'Lkoumou','',1),(1702,91,'Llouma','',1),(378,35,'Lraba','',1),(1767,84,'Lsvos','',1),(3039,152,'Lderitz','',1),(251,16,'Lnkran','',1),(252,16,'Lnkran','',1),(4777,237,'Lng Sn','',1),(2930,134,'Maale','',1),(2900,134,'Maale','',1),(2867,129,'Macau','',1),(2865,129,'Macau (general)','',1),(2688,130,'Macedonia, The Former Yugoslav Republic of (general)','',1),(1688,91,'Macenta','',1),(2965,132,'Machinga','',1),(2680,131,'Madagascar (general)','',1),(3400,171,'Madang','',1),(4420,222,'Madann','',1),(3634,177,'Madeira','',1),(1997,101,'Madhya Pradesh','',1),(2017,101,'Madhya Pradesh','',1),(2507,121,'Madonas Rajons','',1),(3378,173,'Madre de Dios','',1),(3135,159,'Madriz','',1),(3675,179,'Madnat ash Shaml','',1),(447,18,'Madnat amad','',1),(445,18,'Madnat s','',1),(4313,216,'Mae Hong Son','',1),(2464,123,'Mafeteng','',1),(3770,182,'Magadan','',1),(792,44,'Magallanes y Antrtica Chilena','',1),(878,48,'Magdalena','',1),(858,48,'Magdalena','',1),(1510,230,'Magherafelt','',1),(1740,84,'Magnisa','',1),(3464,174,'Maguindanao','',1),(2838,151,'Magway','',1),(2830,151,'Magwe','',1),(4336,216,'Maha Sarakham','',1),(1808,93,'Mahaica-Berbice','',1),(2683,131,'Mahajanga','',1),(2574,149,'Mahajanga Province','',1),(600,21,'Mahilyowskaya Voblasts','',1),(3187,154,'Mahkl','',1),(1998,101,'Mahrshtra','',1),(29,231,'Maine','ME',1),(910,40,'Maio','',1),(4116,199,'Majperk','',1),(459,36,'Makamba','',1),(2750,130,'Makedonska Kamenica','',1),(2751,130,'Makedonski Brod','',1),(3854,200,'Makira','',1),(3848,200,'Makira Province','',1),(3842,192,'Makkah','',1),(3849,200,'Malaita','',1),(4830,235,'Malakula','',1),(4836,235,'Malampa','',1),(169,7,'Malanje','',1),(4472,223,'Malatya Province','',1),(2938,132,'Malawi (general)','',1),(3001,133,'Malaysia (general)','',1),(4676,233,'Maldonado Department','',1),(1689,91,'Mali','',1),(2812,135,'Mali (general)','',1),(3948,210,'Malmohus','',1),(2886,136,'Malta (general)','',1),(3040,152,'Maltahhe','',1),(1935,102,'Maluku','',1),(1924,102,'Maluku Province','',1),(1936,102,'Maluku Utara','',1),(643,42,'Mambr-Kad','',1),(1690,91,'Mamou','',1),(735,54,'Man','',1),(1118,63,'Manab','',1),(3136,159,'Managua','',1),(3247,158,'Manawatu','',1),(2146,109,'Manchester','',1),(1414,230,'Manchester','',1),(2831,151,'Mandalay','',1),(3515,174,'Mandaue','',1),(1704,91,'Mandiana','',1),(2353,113,'Mangghysta','',1),(4296,218,'Mango','',1),(2949,132,'Mangochi','',1),(3028,150,'Manica','',1),(4902,244,'Manicaland','',1),(636,51,'Maniema','',1),(3516,174,'Manila','',1),(1999,101,'Manipur','',1),(4473,223,'Manisa Province','',1),(614,39,'Manitoba','MB',1),(718,54,'Mankono','',1),(4431,222,'Manouba','',1),(3401,171,'Manus','',1),(4564,215,'Manyara','',1),(4266,209,'Manzini','',1),(3029,150,'Maputo','',1),(3022,150,'Maputo Province','',1),(4545,215,'Mara','',1),(3075,160,'Maradi','',1),(771,54,'Marahou','',1),(3705,181,'Maramure','',1),(524,31,'Maranho','',1),(4496,223,'Mardin Province','',1),(2448,124,'Margibi','',1),(4117,199,'Maribor','',1),(3055,152,'Mariental','',1),(2476,127,'Marijampols Apskritis','',1),(3447,174,'Marinduque','',1),(4309,218,'Maritime','',1),(3771,182,'Mariy-El','',1),(2058,103,'Markazi','',1),(2062,103,'Markazi','',1),(2072,103,'Markazi Province','',1),(4118,199,'Markovci','',1),(3324,158,'Marlborough','',1),(1613,80,'Marneulis Raioni','',1),(4223,207,'Marowijne','',1),(2590,149,'Marrakech','',1),(2616,149,'Marrakech-Tensift-Al Haouz','',1),(560,17,'Marsh Harbour','',1),(348,35,'Marsh Harbour District','',1),(30,231,'Marshall Islands','MH',1),(2687,137,'Marshall Islands (general)','',1),(1614,80,'Martvilis Raioni','',1),(4405,224,'Mary','',1),(2444,124,'Maryland','',1),(31,231,'Maryland','MD',1),(1033,62,'Mara Trinidad Snchez','',1),(4618,227,'Masaka','',1),(4640,227,'Masaka','',1),(2540,125,'Masallatah','',1),(254,16,'Masall','',1),(3137,159,'Masaya','',1),(3448,174,'Masbate','',1),(1075,4,'Mascara','',1),(2465,123,'Maseru','',1),(4904,244,'Mashonaland Central','',1),(4905,244,'Mashonaland East','',1),(4906,244,'Mashonaland West','',1),(4619,227,'Masindi','',1),(3610,176,'Masovian Voivodeship','',1),(3347,166,'Masqa','',1),(32,231,'Massachusetts','MA',1),(4909,244,'Masvingo','',1),(4907,244,'Matabeleland North','',1),(4908,244,'Matabeleland South','',1),(3138,159,'Matagalpa','',1),(4198,193,'Matam','',1),(893,56,'Matanzas','',1),(525,31,'Mato Grosso','',1),(523,31,'Mato Grosso do Sul','',1),(793,44,'Maule','',1),(704,54,'Maule Region','',1),(2417,126,'Mauren','',1),(2458,123,'Mauren Commune','',1),(2887,140,'Mauritius (general)','',1),(2752,130,'Mavrovi Anovi','',1),(549,17,'Mayaguana','',1),(333,35,'Mayaguana District','',1),(4521,221,'Mayaro','',1),(4279,43,'Mayo-Kbbi','',1),(4878,141,'Mayotte (general)','',1),(2036,104,'Maysn','',1),(4655,227,'Mayuge','',1),(2056,103,'Mazandaran','',1),(1166,64,'Mar','',1),(4866,242,'Marib','',1),(1177,67,'Makel','',1),(2171,112,'Man','',1),(2160,112,'Maan','',1),(736,54,'Mbahiakro','',1),(4656,227,'Mbale','',1),(4620,227,'Mbale','',1),(4621,227,'Mbarara','',1),(4546,215,'Mbeya','',1),(647,42,'Mbomou','',1),(2950,132,'Mchinji','',1),(3188,154,'Mech','',1),(976,81,'Mecklenburg-Vorpommern','',1),(4020,199,'Medvode','',1),(1415,230,'Medway','',1),(2931,134,'Meemu','',1),(2908,134,'Meemu Atholhu','',1),(2000,101,'Meghlaya','',1),(3706,181,'Mehedini','',1),(2591,149,'Meknes','',1),(2617,149,'Mekns-Tafilalet','',1),(3005,133,'Melaka','',1),(942,58,'Melnik','',1),(191,11,'Mendoza','',1),(3204,153,'Meneng','',1),(4021,199,'Menge','',1),(4462,223,'Mersin Province','',1),(1560,230,'Merthyr Tydfil','',1),(1756,84,'Messenia','',1),(1615,80,'Mestiis Raioni','',1),(859,48,'Meta','',1),(1221,69,'Metekel','',1),(4022,199,'Metlika','',1),(2968,142,'Mexico (general)','',1),(1842,55,'Meimurska','',1),(2753,130,'Meeita','',1),(4023,199,'Meica','',1),(33,231,'Michigan','MI',1),(2984,142,'Michoacn','',1),(2409,186,'Micoud','',1),(1274,143,'Micronesia, Federated States of (general)','',1),(2848,146,'Middle Gov','',1),(1417,230,'Middlesbrough','',1),(1296,74,'Midi-Pyrnes','',1),(2338,41,'Midland','',1),(4903,244,'Midlands','',1),(1535,230,'Midlothian','',1),(2199,110,'Mie','',1),(401,34,'Mikhaylovgrad','',1),(1258,73,'Mikkeli','',1),(4119,199,'Miklav na Dravskem Polju','',1),(1095,4,'Mila','',1),(3391,171,'Milne Bay','',1),(1418,230,'Milton Keynes','',1),(526,31,'Minas Gerais','',1),(3449,174,'Mindoro Occidental','',1),(3450,174,'Mindoro Oriental','',1),(255,16,'Mingcevir','',1),(4763,237,'Minh H?i T?nh','',1),(34,231,'Minnesota','MN',1),(602,21,'Minskaya Voblasts','',1),(442,18,'Minaqat Juzur awr','',1),(1222,69,'Mirab Gojam','',1),(1223,69,'Mirab Harerge','',1),(1224,69,'Mirab Shewa','',1),(4725,236,'Miranda','',1),(2754,130,'Miravci','',1),(4120,199,'Miren-Kostanjevica','',1),(4121,199,'Mirna Pe','',1),(3451,174,'Misamis Occidental','',1),(3452,174,'Misamis Oriental','',1),(3658,172,'Misiones','',1),(192,11,'Misiones','',1),(1878,99,'Miskolc','',1),(4024,199,'Mislinja','',1),(1225,69,'Misrak Gojam','',1),(1226,69,'Misrak Harerge','',1),(35,231,'Mississippi','MS',1),(36,231,'Missouri','MO',1),(4577,228,'Misto Kyyiv','',1),(4585,228,'Misto Sevastopol','',1),(2200,110,'Miyagi','',1),(2201,110,'Miyazaki','',1),(2013,101,'Mizoram','',1),(2567,125,'Mirtah','',1),(943,58,'Mlada Boleslav','',1),(2755,130,'Mogila','',1),(2466,123,'Mohales Hoek','',1),(2281,49,'Mohli','',1),(2891,140,'Moka','',1),(2467,123,'Mokhotlong','',1),(2836,151,'Mon State','',1),(2629,145,'Monaco (general)','',1),(4726,236,'Monagas','',1),(1967,105,'Monaghan','',1),(573,26,'Mongar','',1),(470,24,'Mono','',1),(481,24,'Mono','',1),(1048,62,'Monseor Nouel','',1),(3875,195,'Mont Buxton','',1),(3876,195,'Mont Fleuri','',1),(3894,195,'Mont Fleuri','',1),(2394,122,'Mont-Liban','',1),(415,34,'Montana','',1),(37,231,'Montana','MT',1),(1034,62,'Monte Cristi','',1),(1049,62,'Monte Plata','',1),(4183,190,'Montegiardino','',1),(2679,147,'Montenegro (general)','',1),(4677,233,'Montevideo','',1),(2445,124,'Montserrado','',1),(2882,148,'Montserrat (general)','',1),(2816,135,'Mopti','',1),(3379,173,'Moquegua','',1),(4026,199,'Moravske Toplice','',1),(958,58,'Moravskoslezsk Kraj','',1),(4025,199,'Morave','',1),(1536,230,'Moray','',1),(4241,65,'Morazn','',1),(3772,182,'Mordoviya','',1),(2985,142,'Morelos','',1),(3402,171,'Morobe','',1),(4547,215,'Morogoro','',1),(1119,63,'Morona-Santiago','',1),(4622,227,'Moroto','',1),(4657,227,'Moroto','',1),(3774,182,'Moskva','',1),(3773,182,'Moskva fylke','',1),(1060,4,'Mostaganem','',1),(919,40,'Mosteiros','',1),(380,35,'Mouhoun','',1),(3453,174,'Mountain Province','',1),(171,7,'Moxico','',1),(772,54,'Moyen-Cavally','',1),(4280,43,'Moyen-Chari','',1),(773,54,'Moyen-Como','',1),(1307,78,'Moyen-Ogoou','',1),(1511,230,'Moyle','',1),(4641,227,'Moyo','',1),(4623,227,'Moyo','',1),(3018,150,'Mozambique (general)','',1),(4027,199,'Mozirje','',1),(4658,227,'Mpigi','',1),(4624,227,'Mpigi','',1),(4886,202,'Mpumalanga','',1),(1616,80,'Mtskhetis Raioni','',1),(4548,215,'Mtwara','',1),(4625,227,'Mubende','',1),(4209,201,'Mudug','',1),(4390,216,'Mukdahan','',1),(4659,227,'Mukono','',1),(4626,227,'Mukuno','',1),(2966,132,'Mulanje','',1),(464,36,'Muramvya','',1),(1184,204,'Murcia','',1),(3707,181,'Mure','',1),(3775,182,'Murmansk Oblast','',1),(4028,199,'Murska Sobota','',1),(2756,130,'Murtino','',1),(2542,125,'Murzuq','',1),(3348,166,'Musandam','',1),(4029,199,'Muta','',1),(460,36,'Muyinga','',1),(4475,223,'Mula Province','',1),(4476,223,'Mu Province','',1),(2163,112,'Mufazat `Ammn','',1),(2329,118,'MufazatalWafrah','',1),(4549,215,'Mwanza','',1),(2962,132,'Mwanza','',1),(465,36,'Mwaro','',1),(4581,228,'Mykolayivs\'ka Oblast\'','',1),(2093,100,'Myrasysla','',1),(2952,132,'Mzimba','',1),(1059,4,'Mda','',1),(4724,236,'Mrida','',1),(2983,142,'Mxico','',1),(2253,37,'Mndl Kiri','',1),(3165,165,'Mre og Romsdal','',1),(2175,112,'Mdab','',1),(2073,103,'Mzandarn Province','',1),(1076,4,'Msila','',1),(1096,4,'Naama','',1),(2396,122,'Nabaty','',1),(944,58,'Nachod','',1),(2592,149,'Nador','',1),(256,16,'Naftalan','',1),(3518,174,'Naga','',1),(2202,110,'Nagano','',1),(2203,110,'Nagasaki','',1),(1897,99,'Nagykanizsa','',1),(382,35,'Nahouri','',1),(3930,206,'Nahr an Nl','',1),(2228,114,'Nairobi Area','',1),(2311,116,'Najin Snbong-si','',1),(3844,192,'Najrn','',1),(4660,227,'Nakapiripirit','',1),(4642,227,'Nakasongola','',1),(257,16,'Nakhichevan','',1),(4355,216,'Nakhon Nayok','',1),(4365,216,'Nakhon Pathom','',1),(4333,216,'Nakhon Phanom','',1),(4385,216,'Nakhon Phanom','',1),(4339,216,'Nakhon Ratchasima','',1),(4328,216,'Nakhon Sawan','',1),(4376,216,'Nakhon Si Thammarat','',1),(4030,199,'Naklo','',1),(4794,237,'Nam H T?nh','',1),(4819,237,'Nam nh','',1),(3056,152,'Namaland','',1),(4692,234,'Namangan','',1),(381,35,'Namentenga','',1),(170,7,'Namibe','',1),(3030,152,'Namibia (general)','',1),(2307,116,'Namp\'o-si','',1),(3024,150,'Nampula','',1),(325,22,'Namur','',1),(4316,216,'Nan','',1),(653,42,'Nana-Grbizi','',1),(648,42,'Nana-Mambr','',1),(99,1,'Nangarhr','',1),(811,45,'Nanjing','',1),(1126,63,'Napo','',1),(1120,63,'Napo','',1),(2204,110,'Nara','',1),(4343,216,'Narathiwat','',1),(4522,221,'Nariva','',1),(860,48,'Nario','',1),(2237,119,'Naryn','',1),(3124,161,'Nassarawa','',1),(3408,171,'National Capital','',1),(3193,153,'Nauru (general)','',1),(4693,234,'Navoiy','',1),(383,35,'Nayala','',1),(2986,142,'Nayarit','',1),(4031,199,'Nazarje','',1),(1227,69,'Nazret','',1),(3708,181,'Neam','',1),(4627,227,'Nebbi','',1),(38,231,'Nebraska','NE',1),(258,16,'Neftala','',1),(3006,133,'Negeri Sembilan','',1),(2757,130,'Negotino','',1),(2758,130,'Negotino-Poloko','',1),(3544,174,'Negros Occidental','',1),(3455,174,'Negros Oriental','',1),(827,45,'Nei Mongol','',1),(3338,158,'Nelson','',1),(3776,182,'Nenetskiy Avtonomnyy Okrug','',1),(2094,100,'Neskaupstadur','',1),(3145,155,'Netherlands (general)','',1),(157,156,'Netherlands Antilles (general)','',1),(683,211,'Neuchtel','',1),(193,11,'Neuqun','',1),(39,231,'Nevada','NV',1),(4477,223,'Nevehir','',1),(615,39,'New Brunswick','NB',1),(40,231,'New Hampshire','NH',1),(3403,171,'New Ireland','',1),(41,231,'New Jersey','NJ',1),(42,231,'New Mexico','NM',1),(334,35,'New Providence','',1),(552,17,'New Providence','',1),(340,35,'New Providence District','',1),(215,14,'New South Wales','NSW',1),(43,231,'New York','NY',1),(1419,230,'Newcastle upon Tyne','',1),(616,39,'Newfoundland and Labrador','NL',1),(1420,230,'Newham','',1),(1512,230,'Newry and Mourne','',1),(1513,230,'Newtownabbey','',1),(591,29,'Ngamiland','',1),(4795,237,'Ngh An','',1),(1308,78,'Ngouni','',1),(461,36,'Ngozi','',1),(3079,160,'Niamey','',1),(3076,160,'Niamey Dpartement de','',1),(4297,218,'Niamtougou','',1),(663,50,'Niari','',1),(3025,150,'Niassa','',1),(3205,153,'Nibok','',1),(3126,159,'Nicaragua (general)','',1),(561,17,'Nichollstown and Berry Islands','',1),(349,35,'Nichollstown and Berry Islands District','',1),(4224,207,'Nickerie','',1),(932,57,'Nicosia','',1),(684,211,'Nidwalden','',1),(970,81,'Niedersachsen','',1),(3101,161,'Niger','',1),(3071,160,'Niger (general)','',1),(2205,110,'Niigata','',1),(2440,124,'Nimba','',1),(4774,237,'Nin Thuan','',1),(828,45,'Ningxia','',1),(4796,237,'Ninh Bnh','',1),(4797,237,'Ninh Thun','',1),(1617,80,'Ninotsmindis Raioni','',1),(4165,198,'Nitriansky','',1),(3208,162,'Niue (general)','',1),(3777,182,'Nizjnij Novgorod','',1),(4497,223,'Nide','',1),(2954,132,'Nkhata Bay','',1),(2955,132,'Nkhotakota','',1),(4391,216,'Nong Bua Lamphu','',1),(4329,216,'Nong Khai','',1),(4350,216,'Nonthaburi','',1),(2933,134,'Noonu','',1),(2915,134,'Noonu Atholhu','',1),(3152,155,'Noord-Holland','',1),(1859,94,'Nord','',1),(1860,94,'Nord-Est','',1),(637,51,'Nord-Kivu','',1),(1856,94,'Nord-Ouest','',1),(1297,74,'Nord-Pas-de-Calais','',1),(3167,165,'Nord-Trndelag','',1),(1657,85,'Nordgrnland','',1),(996,59,'Nordjylland','',1),(3166,165,'Nordland','',1),(971,81,'Nordrhein-Westfalen','',1),(2095,100,'Nordur-Isafjardarsysla','',1),(2096,100,'Nordur-Mulasysla','',1),(2097,100,'Nordur-Tingeyjarsysla','',1),(1421,230,'Norfolk','',1),(3081,163,'Norfolk Island (general)','',1),(3949,210,'Norrbottens Ln','',1),(861,48,'Norte de Santander','',1),(3300,158,'Northland','',1),(1537,230,'North Ayrshire','',1),(1666,79,'North Bank','',1),(3151,155,'North Brabant','',1),(44,231,'North Carolina','NC',1),(2427,205,'North Central','',1),(3465,174,'North Cotabato','',1),(45,231,'North Dakota','ND',1),(1514,230,'North Down','',1),(592,29,'North East','',1),(1424,230,'North East Lincolnshire','',1),(2428,205,'North Eastern','',1),(2297,116,'North Korea (general)','',1),(1538,230,'North Lanarkshire','',1),(1425,230,'North Lincolnshire','',1),(805,38,'North Province','',1),(1426,230,'North Somerset','',1),(1938,102,'North Sulawesi','',1),(1934,102,'North Sumatra','',1),(1427,230,'North Tyneside','',1),(595,29,'North West','',1),(2429,205,'North Western','',1),(1429,230,'North Yorkshire','',1),(2229,114,'North-Eastern','',1),(4889,202,'North-West','',1),(3548,167,'North-West Frontier','',1),(799,38,'North-West Province','',1),(4892,243,'North-Western','',1),(4880,202,'North-Western Province','',1),(1423,230,'Northamptonshire','',1),(2116,100,'Northeast','',1),(1650,82,'Northern','',1),(1270,72,'Northern','',1),(3392,171,'Northern','',1),(4172,196,'Northern','',1),(4898,243,'Northern','',1),(3552,167,'Northern Areas','',1),(4887,202,'Northern Cape','',1),(1979,107,'Northern District','',1),(46,231,'Northern Mariana Islands','MP',1),(3831,183,'Northern Province','',1),(3475,174,'Northern Samar','',1),(216,14,'Northern Territory','NT',1),(1428,230,'Northumberland','',1),(2117,100,'Northwest','',1),(623,39,'Northwest Territories','NT',1),(4298,218,'Notse','',1),(1430,230,'Nottingham','',1),(1431,230,'Nottinghamshire','',1),(2869,139,'Nouakchott District de','',1),(384,35,'Noumbiel','',1),(4032,199,'Nova Gorica','',1),(617,39,'Nova Scotia','NS',1),(2759,130,'Novaci','',1),(3778,182,'Novgorod','',1),(4122,199,'Novo Mesto','',1),(2760,130,'Novo Selo','',1),(3779,182,'Novosibirsk','',1),(3578,176,'Nowy Sacz','',1),(2956,132,'Nsanje','',1),(2953,132,'Ntcheu','',1),(2957,132,'Ntchisi','',1),(4628,227,'Ntungamo','',1),(3456,174,'Nueva Ecija','',1),(3139,159,'Nueva Segovia','',1),(3457,174,'Nueva Vizcaya','',1),(2987,142,'Nuevo Len','',1),(4214,201,'Nugaal','',1),(624,39,'Nunavut','NU',1),(1925,102,'Nusa Tenggara Barat','',1),(1926,102,'Nusa Tenggara Timur','',1),(1309,78,'Nyanga','',1),(2230,114,'Nyanza','',1),(945,58,'Nymburk','',1),(1898,99,'Nyregyhza','',1),(1705,91,'Nzrkor','',1),(1879,99,'Ngrd','',1),(4415,222,'Nbul','',1),(2002,101,'Ngland','',1),(3189,154,'Nryan','',1),(100,1,'Nmrz','',1),(2037,104,'Nnaw','',1),(118,1,'Nrestn','',1),(774,54,'Nzi-Como','',1),(2988,142,'Oaxaca','',1),(207,15,'Obersterreich','',1),(2761,130,'Obleevo','',1),(985,60,'Obock','',1),(685,211,'Obwalden','',1),(3977,199,'Obina Cerklje na Gorenjskem','',1),(3985,199,'Obina Dol pri Ljubljani','',1),(3966,199,'Obina [historical] Hodo alovci','',1),(1828,97,'Ocotepeque','',1),(4582,228,'Odessa Oblast','',1),(712,54,'Odienne','',1),(4033,199,'Odranci','',1),(1228,69,'Ogaden','',1),(1310,78,'Ogoou-Ivindo','',1),(1311,78,'Ogoou-Lolo','',1),(1312,78,'Ogoou-Maritime','',1),(1315,230,'Ogoou-Maritime Province','',1),(2508,121,'Ogres Rajons','',1),(3087,161,'Ogun','',1),(3142,159,'Ogun State','',1),(3062,152,'Ohangwena','',1),(47,231,'Ohio','OH',1),(2762,130,'Ohrid','',1),(1795,92,'Oio','',1),(3041,152,'Okahandja','',1),(3063,152,'Okavango','',1),(2207,110,'Okayama','',1),(2223,110,'Okinawa','',1),(48,231,'Oklahoma','OK',1),(2098,100,'Olafsfjrdur','',1),(1829,97,'Olancho','',1),(1432,230,'Oldham','',1),(957,58,'Olomouck Kraj','',1),(3519,174,'Olongapo','',1),(3579,176,'Olsztyn','',1),(3709,181,'Olt','',1),(1515,230,'Omagh','',1),(3064,152,'Omaheke','',1),(3341,166,'Oman (general)','',1),(3042,152,'Omaruru','',1),(655,42,'Ombella-Mpoko','',1),(1229,69,'Omo','',1),(3780,182,'Omsk','',1),(3065,152,'Omusati','',1),(3116,161,'Ondo','',1),(2354,113,'Ongtstik Qazaqstan','',1),(1618,80,'Onis Raioni','',1),(618,39,'Ontario','ON',1),(326,22,'Oost-Vlaanderen','',1),(4123,199,'Oplotnica','',1),(3580,176,'Opole','',1),(3611,176,'Opole Voivodeship','',1),(3168,165,'Oppland','',1),(1061,4,'Oran','',1),(608,23,'Orange Walk','',1),(2763,130,'Oraac','',1),(71,6,'Ordino','',1),(4478,223,'Ordu Province','',1),(49,231,'Oregon','OR',1),(1127,63,'Orellana','',1),(3781,182,'Orenburg','',1),(2639,144,'Orhei','',1),(2864,146,'Orhon','',1),(2623,149,'Oriental','',1),(635,51,'Orientale','',1),(2003,101,'Orissa','',1),(2764,130,'Orizari','',1),(3782,182,'Orjol','',1),(1539,230,'Orkney','',1),(3520,174,'Ormoc','',1),(4034,199,'Ormo','',1),(1247,69,'Oromya','',1),(3521,174,'Oroquieta','',1),(507,27,'Oruro','',1),(101,1,'Orzgn','',1),(119,1,'Orzgn Province','',1),(2241,119,'Osh','',1),(3066,152,'Oshana','',1),(3067,152,'Oshikoto','',1),(4035,199,'Osilnica','',1),(1843,55,'Osjeko-Baranjska','',1),(3169,165,'Oslo','',1),(2765,130,'Oslomej','',1),(4515,223,'Osmaniye Province','',1),(3581,176,'Ostroleka','',1),(2043,103,'Ostn-e zarbyjn-e Sharq','',1),(3110,161,'Osun','',1),(3327,158,'Otago','',1),(3043,152,'Otjiwarongo','',1),(3068,152,'Otjozondjupa','',1),(4281,43,'Ouadda','',1),(649,42,'Ouaka','',1),(1097,4,'Ouargla','',1),(2593,149,'Ouarzazate','',1),(385,35,'Oubritenga','',1),(350,35,'Oudalan','',1),(2369,120,'Oudmxai','',1),(471,24,'Oueme','',1),(800,38,'Ouest','',1),(1861,94,'Ouest','',1),(650,42,'Ouham','',1),(651,42,'Ouham-Pend','',1),(2594,149,'Oujda','',1),(1077,4,'Oum el Bouaghi','',1),(719,54,'Oume','',1),(3044,152,'Outjo','',1),(3156,155,'Overijssel','',1),(3045,152,'Owambo','',1),(1433,230,'Oxfordshire','',1),(3102,161,'Oyo','',1),(3522,174,'Ozamis','',1),(1619,80,'Ozurgetis Raioni','',1),(259,16,'Ouz','',1),(1620,80,'P\'ot\'i','',1),(2304,116,'P\'yngan-bukto','',1),(2308,116,'P\'yngan-namdo','',1),(2305,116,'P\'yngyang-si','',1),(840,45,'PF99','',1),(4831,235,'Paama','',1),(4661,227,'Pader','',1),(3523,174,'Pagadian','',1),(489,25,'Paget','',1),(3007,133,'Pahang','',1),(3545,167,'Pakistan (general)','',1),(116,1,'Paktia Province','',1),(102,1,'Paktika','',1),(109,1,'Paktk','',1),(50,231,'Palau','PW',1),(3646,168,'Palau (general)','',1),(4848,189,'Palauli','',1),(3458,174,'Palawan','',1),(3524,174,'Palayan','',1),(3622,169,'Palestine (general)','',1),(4629,227,'Pallisa','',1),(2273,37,'Paln','',1),(3459,174,'Pampanga','',1),(2892,140,'Pamplemousses','',1),(3350,170,'Panama (general)','',1),(3358,170,'Panam','',1),(508,27,'Pando','',1),(2477,127,'Panevio Apskritis','',1),(3460,174,'Pangasinan','',1),(122,1,'Panjshr','',1),(934,57,'Paphos','',1),(1943,102,'Papua','',1),(3388,171,'Papua New Guinea (general)','',1),(4225,207,'Para','',1),(807,45,'Paracel Islands (general)','',1),(3660,172,'Paraguar','',1),(3647,172,'Paraguay (general)','',1),(4226,207,'Paramaribo','',1),(529,31,'Paran','',1),(528,31,'Paraba','',1),(946,58,'Pardubice','',1),(959,58,'Pardubick Kraj','',1),(574,26,'Paro District','',1),(120,1,'Parvn','',1),(103,1,'Parvn','',1),(527,31,'Par','',1),(3525,174,'Pasay','',1),(3380,173,'Pasco','',1),(351,35,'Passore','',1),(1121,63,'Pastaza','',1),(4351,216,'Pathum Thani','',1),(4381,216,'Pattani','',1),(911,40,'Paul','',1),(2355,113,'Pavlodar','',1),(1298,74,'Pays de la Loire','',1),(4678,233,'Paysand','',1),(416,34,'Pazardzhit','',1),(1035,62,'Pedernales','',1),(2832,151,'Pegu','',1),(2766,130,'Pehevo','',1),(575,26,'Pemagatsel','',1),(4550,215,'Pemba North','',1),(4557,215,'Pemba South','',1),(490,25,'Pembroke','',1),(4837,235,'Penama','',1),(51,231,'Pennsylvania','PA',1),(4832,235,'Pentecte','',1),(3783,182,'Penza','',1),(3008,133,'Perak','',1),(1052,62,'Peravia','',1),(3009,133,'Perlis','',1),(3815,182,'Permskiy Kray','',1),(541,31,'Pernambuco','',1),(530,31,'Pernambuco','',1),(417,34,'Pernik','',1),(1540,230,'Perth and Kinross','',1),(3361,173,'Peru (general)','',1),(4036,199,'Pesnica','',1),(1881,99,'Pest','',1),(1434,230,'Peterborough','',1),(2767,130,'Petrovec','',1),(1781,89,'Petn','',1),(2967,132,'Phalombe','',1),(4373,216,'Phangnga','',1),(4378,216,'Phatthalung','',1),(4353,216,'Phayao','',1),(4326,216,'Phetchabun','',1),(4368,216,'Phetchaburi','',1),(4325,216,'Phichit','',1),(3409,174,'Philippines (general)','',1),(4324,216,'Phitsanulok','',1),(2254,37,'Phnum Penh','',1),(2265,37,'Phnum Pnh','',1),(1748,84,'Phocis','',1),(2277,115,'Phoenix Islands','',1),(2370,120,'Phongsali','',1),(4348,216,'Phra Nakhon Si Ayutthaya','',1),(4319,216,'Phrae','',1),(1745,84,'Phthiotis','',1),(4374,216,'Phuket','',1),(2379,120,'Phngsali','',1),(4820,237,'Ph Th','',1),(4798,237,'Ph Yn','',1),(531,31,'Piau','',1),(1299,74,'Picardie','',1),(1122,63,'Pichincha','',1),(2134,108,'Piemonte','',1),(1732,84,'Piera','',1),(891,56,'Pinar del Ro','',1),(3583,176,'Piotrkow','',1),(1716,84,'Pirais Noms','',1),(4124,199,'Piran-Pirano','',1),(1692,91,'Pita','',1),(3582,176,'Pita','',1),(3621,175,'Pitcairn Islands (general)','',1),(3381,173,'Piura','',1),(4037,199,'Pivka','',1),(2893,140,'Plaines Wilhems','',1),(3877,195,'Plaisance','',1),(3895,195,'Plaisance','',1),(2418,126,'Planken','',1),(2459,123,'Planken Commune','',1),(2768,130,'Plasnica','',1),(3117,161,'Plateau','',1),(483,24,'Plateau','',1),(664,50,'Plateaux','',1),(4310,218,'Plateaux','',1),(418,34,'Pleven','',1),(3584,176,'Plock','',1),(419,34,'Plovdiv','',1),(1435,230,'Plymouth','',1),(960,58,'Plzesk Kraj','',1),(2769,130,'Podare','',1),(3613,176,'Podlasie Voivodship','',1),(4125,199,'Podlehnik','',1),(4126,199,'Podvelka','',1),(4038,199,'Podetrtek','',1),(1260,73,'Pohjois-Karjala','',1),(1276,143,'Pohnpei','',1),(3896,195,'Pointe Larue','',1),(3878,195,'Pointe Larue','',1),(1300,74,'Poitou-Charentes','',1),(4583,228,'Poltava Oblast','',1),(4127,199,'Polzela','',1),(3614,176,'Pomeranian Voivodeship','',1),(1809,93,'Pomeroon-Supenaam','',1),(2004,101,'Puducherry','',1),(386,35,'Poni','',1),(666,50,'Pool','',1),(1436,230,'Poole','',1),(3879,195,'Port Glaud','',1),(3897,195,'Port Glaud','',1),(2894,140,'Port Louis','',1),(4523,221,'Port-of-Spain','',1),(3638,177,'Portalegre','',1),(2147,109,'Portland','',1),(3639,177,'Porto','',1),(1437,230,'Portsmouth','',1),(3625,177,'Portugal (general)','',1),(4728,236,'Portuguesa','',1),(4039,199,'Postojna','',1),(1810,93,'Potaro-Siparuni','',1),(509,27,'Potos','',1),(1565,230,'Powys','',1),(3585,176,'Poznan','',1),(2255,37,'Pothst','',1),(1844,55,'Poeko-Slavonska','',1),(4386,216,'Prachin Buri','',1),(4357,216,'Prachin Buri Changwat','',1),(4369,216,'Prachuap Khiri Khan','',1),(3710,181,'Prahova','',1),(920,40,'Praia','',1),(912,40,'Praia','',1),(2412,186,'Praslin','',1),(4128,199,'Prebold','',1),(4129,199,'Preddvor','',1),(2509,121,'Preiu Rajons','',1),(3661,172,'Presidente Hayes','',1),(4130,199,'Prevalje','',1),(2257,37,'Prey Vng','',1),(2271,37,'Preh Seihn','',1),(2256,37,'Preh Vihar','',1),(4166,198,'Preovsk','',1),(2770,130,'Prilep','',1),(3784,182,'Primorskiy Kray','',1),(1845,55,'Primorsko-Goranska','',1),(619,39,'Prince Edward Island','PE',1),(1186,204,'Principality of Asturias','',1),(2771,130,'Probitip','',1),(1301,74,'Provence-Alpes-Cte d\'Azur','',1),(1259,73,'Province of Oulu','',1),(1252,73,'Province of land','',1),(1053,62,'Provincia de San Jos de Ocoa','',1),(1054,62,'Provincia de Santo Domingo','',1),(3586,176,'Przemysl','',1),(1735,84,'Prveza','',1),(4231,191,'Prncipe','',1),(4230,191,'Prncipe','',1),(3785,182,'Pskov','',1),(4131,199,'Ptuj','',1),(4040,199,'Puconci','',1),(2989,142,'Puebla','',1),(1036,62,'Puerto Plata','',1),(3526,174,'Puerto Princesa','',1),(52,231,'Puerto Rico','PR',1),(3010,133,'Pulau Pinang','',1),(576,26,'Punakha','',1),(3549,167,'Punjab','',1),(2005,101,'Punjab','',1),(3382,173,'Puno','',1),(885,53,'Puntarenas','',1),(2317,117,'Pusan-gwangyksi','',1),(3017,133,'Putrajaya','',1),(862,48,'Putumayo','',1),(4539,215,'Pwani','',1),(1136,68,'Prnumaa','',1),(1880,99,'Pcs','',1),(1723,84,'Plla','',1),(1137,68,'Plvamaa','',1),(2468,123,'Qachas Nek','',1),(4422,222,'Qafah','',1),(2356,113,'Qaraghandy','',1),(4694,234,'Qashqadaryo','',1),(3667,179,'Qatar (general)','',1),(262,16,'Qazax','',1),(1621,80,'Qazbegis Raioni','',1),(2076,103,'Qazvn','',1),(4423,222,'Qibil','',1),(813,45,'Qinghai','',1),(1167,64,'Qin','',1),(263,16,'Qobustan','',1),(2077,103,'Qom','',1),(4695,234,'Qoraqalpog iston','',1),(2357,113,'Qostanay','',1),(4767,237,'Qu?ng Nam- N?ng T?nh','',1),(4765,237,'Quang Nam','',1),(264,16,'Quba','',1),(265,16,'Qubadl','',1),(620,39,'Quebec','QC',1),(217,14,'Queensland','QLD',1),(2990,142,'Quertaro','',1),(1782,89,'Quetzaltenango','',1),(3543,174,'Quezon','',1),(3527,174,'Quezon','',1),(1783,89,'Quich','',1),(1794,92,'Quinara','',1),(863,48,'Quindo','',1),(2991,142,'Quintana Roo','',1),(3476,174,'Quirino','',1),(266,16,'Qusar','',1),(2469,123,'Quthing District','',1),(482,24,'Qum','',1),(4799,237,'Qung Bnh','',1),(4821,237,'Qung Nam','',1),(4800,237,'Qung Ngi','',1),(4768,237,'Qung Ninh','',1),(4801,237,'Qung Tr','',1),(1622,80,'Qvarlis Raioni','',1),(2358,113,'Qyzylorda','',1),(4421,222,'Qbis','',1),(260,16,'Qbl','',1),(261,16,'Qx','',1),(3817,182,'RSJA','',1),(2934,134,'Raa','',1),(2909,134,'Raa Atholhu','',1),(2595,149,'Rabat-Sale','',1),(2618,149,'Rabat-Sal-Zemmour-Zar','',1),(4043,199,'Radenci','',1),(4042,199,'Radee','',1),(4044,199,'Radlje ob Dravi','',1),(3587,176,'Radom','',1),(2772,130,'Radovi','',1),(4045,199,'Radovljica','',1),(550,17,'Ragged Island','',1),(335,35,'Ragged Island District','',1),(2645,144,'Raionul Anenii Noi','',1),(2647,144,'Raionul Basarabeasca','',1),(2649,144,'Raionul Briceni','',1),(2650,144,'Raionul Cahul','',1),(2651,144,'Raionul Cantemir','',1),(2654,144,'Raionul Cimilia','',1),(2655,144,'Raionul Criuleni','',1),(2656,144,'Raionul Dondueni','',1),(2657,144,'Raionul Drochia','',1),(2659,144,'Raionul Edine','',1),(2661,144,'Raionul Floreti','',1),(2660,144,'Raionul Fleti','',1),(2662,144,'Raionul Glodeni','',1),(2663,144,'Raionul Hnceti','',1),(2664,144,'Raionul Ialoveni','',1),(2665,144,'Raionul Leova','',1),(2666,144,'Raionul Nisporeni','',1),(2667,144,'Raionul Ocnia','',1),(2668,144,'Raionul Orhei','',1),(2669,144,'Raionul Rezina','',1),(2670,144,'Raionul Rcani','',1),(2673,144,'Raionul Soroca','',1),(2675,144,'Raionul Streni','',1),(2671,144,'Raionul Sngerei','',1),(2676,144,'Raionul Taraclia','',1),(2677,144,'Raionul Teleneti','',1),(2678,144,'Raionul Ungheni','',1),(2672,144,'Raionul oldneti','',1),(4630,227,'Rakai','',1),(2824,151,'Rakhine State','',1),(2099,100,'Rangarvallasysla','',1),(2837,151,'Rangoon','',1),(2773,130,'Rankovce','',1),(4371,216,'Ranong','',1),(1138,68,'Raplamaa','',1),(4364,216,'Ratchaburi','',1),(4132,199,'Ravne na Korokem','',1),(4359,216,'Rayong','',1),(2080,103,'Razavi Khorasan Province','',1),(420,34,'Razgrad','',1),(4133,199,'Razkrije','',1),(4041,199,'Rae-Fram','',1),(80,229,'Ras al Khaymah','',1),(1438,230,'Reading','',1),(1440,230,'Redcar and Cleveland','',1),(1006,59,'Region Hovedstaden','',1),(1007,59,'Region Midtjylland','',1),(1008,59,'Region Nordjylland','',1),(1009,59,'Region Sjland','',1),(1010,59,'Region Syddanmark','',1),(4397,214,'Region of Republican Subordination','',1),(2141,108,'Regione Autonoma Valle d\'Aosta','',1),(2124,108,'Regione Basilicata','',1),(2133,108,'Regione Molise','',1),(3144,159,'Regin Autnoma Atlntico Sur','',1),(794,44,'Regin Metropolitana','',1),(3046,152,'Rehoboth','',1),(1098,4,'Relizane','',1),(1541,230,'Renfrewshire','',1),(3857,200,'Rennell and Bellona','',1),(296,28,'Republika Srpska','',1),(2774,130,'Resen','',1),(1784,89,'Retalhuleu','',1),(1760,84,'Rethmnis','',1),(2100,100,'Reykjavk','',1),(972,81,'Rheinland-Pfalz','',1),(53,231,'Rhode Island','RI',1),(1302,74,'Rhne-Alpes','',1),(1944,102,'Riau','',1),(997,59,'Ribe','',1),(913,40,'Ribeira Grande','',1),(4134,199,'Ribnica','',1),(4135,199,'Ribnica na Pohorju','',1),(2231,114,'Rift Valley','',1),(998,59,'Ringkbing','',1),(533,31,'Rio Grande do Norte','',1),(534,31,'Rio Grande do Sul','',1),(532,31,'Rio de Janeiro','',1),(864,48,'Risaralda','',1),(3141,159,'Rivas','',1),(2449,124,'River Cess','',1),(2453,124,'River Gee','',1),(4680,233,'Rivera','',1),(3118,161,'Rivers','',1),(2895,140,'Rivire du Rempart','',1),(4584,228,'Rivnens\'ka Oblast\'','',1),(3461,174,'Rizal','',1),(4479,223,'Rize','',1),(3787,182,'Rjazan','',1),(4681,233,'Rocha','',1),(1442,230,'Rochdale','',1),(3901,195,'Roche Caiman','',1),(562,17,'Rock Sound','',1),(2899,140,'Rodrigues','',1),(1718,84,'Rodpi','',1),(3171,165,'Rogaland','',1),(4048,199,'Rogatec','',1),(4047,199,'Rogaka Slatina','',1),(4046,199,'Rogaovci','',1),(4337,216,'Roi Et','',1),(3462,174,'Romblon','',1),(535,31,'Rondnia','',1),(536,31,'Roraima','',1),(999,59,'Roskilde','',1),(2775,130,'Rosoman','',1),(3786,182,'Rostov','',1),(2776,130,'Rostua','',1),(1443,230,'Rotherham','',1),(1271,72,'Rotuma','',1),(3528,174,'Roxas','',1),(2419,126,'Ruggell','',1),(2460,123,'Ruggell Commune','',1),(3828,183,'Ruhengeri','',1),(4631,227,'Rukungiri','',1),(4662,227,'Rukungiri','',1),(4561,215,'Rukwa','',1),(2958,132,'Rumphi','',1),(421,34,'Ruse','',1),(3727,182,'Russia (general)','',1),(1623,80,'Rust\'avi','',1),(462,36,'Rutana','',1),(1444,230,'Rutland','',1),(4551,215,'Ruvuma','',1),(463,36,'Ruyigi','',1),(4136,199,'Rue','',1),(3818,183,'Rwanda (general)','',1),(3588,176,'Rzeszow','',1),(194,11,'Ro Negro','',1),(4679,233,'Ro Negro','',1),(3140,159,'Ro San Juan','',1),(2266,37,'Rtnh Kiri','',1),(2006,101,'Rjasthn','',1),(314,19,'Rjshhi','',1),(3190,154,'Rpt','',1),(2510,121,'Rzekne','',1),(2511,121,'Rzeknes Rajons','',1),(4256,212,'Rf Dimashq','',1),(2512,121,'Rga','',1),(2513,121,'Rgas Rajons','',1),(4392,216,'Sa Kaeo','',1),(1139,68,'Saaremaa','',1),(973,81,'Saarland','',1),(267,16,'Saatl','',1),(3016,133,'Sabah','',1),(2430,205,'Sabaragamuwa','',1),(2546,125,'Sabh','',1),(268,16,'Sabirabad','',1),(1785,89,'Sacatepquez','',1),(977,81,'Sachsen','',1),(978,81,'Sachsen-Anhalt','',1),(1624,80,'Sachkheris Raioni','',1),(2596,149,'Safi','',1),(2209,110,'Saga','',1),(2833,151,'Sagain','',1),(1625,80,'Sagarejos Raioni','',1),(3191,154,'Sagarmth','',1),(2148,109,'Saint Andrew','',1),(1572,86,'Saint Andrew','',1),(4524,221,'Saint Andrew','',1),(4705,188,'Saint Andrew','',1),(300,20,'Saint Andrew','',1),(1012,61,'Saint Andrew','',1),(2149,109,'Saint Ann','',1),(2284,185,'Saint Anne Sandy Point','',1),(2883,148,'Saint Anthony','',1),(2150,109,'Saint Catherine','',1),(1573,86,'Saint David','',1),(1013,61,'Saint David','',1),(4525,221,'Saint David','',1),(4706,188,'Saint David','',1),(2151,109,'Saint Elizabeth','',1),(1574,86,'Saint George','',1),(4526,221,'Saint George','',1),(4707,188,'Saint George','',1),(125,10,'Saint George','',1),(491,25,'Saint George','',1),(301,20,'Saint George','',1),(1014,61,'Saint George','',1),(2285,185,'Saint George Basseterre','',1),(2286,185,'Saint George Gingerland','',1),(2884,148,'Saint Georges','',1),(492,25,'Saint Georges','',1),(3964,184,'Saint Helena','',1),(3962,184,'Saint Helena (general)','',1),(302,20,'Saint James','',1),(2152,109,'Saint James','',1),(2287,185,'Saint James Windwa','',1),(1575,86,'Saint John','',1),(303,20,'Saint John','',1),(126,10,'Saint John','',1),(1015,61,'Saint John','',1),(2288,185,'Saint John Capesterre','',1),(2289,185,'Saint John Figtree','',1),(304,20,'Saint Joseph','',1),(1016,61,'Saint Joseph','',1),(2282,185,'Saint Kitts and Nevis (general)','',1),(3880,195,'Saint Louis','',1),(2401,186,'Saint Lucia (general)','',1),(305,20,'Saint Lucy','',1),(1017,61,'Saint Luke','',1),(1018,61,'Saint Mark','',1),(1576,86,'Saint Mark','',1),(2153,109,'Saint Mary','',1),(127,10,'Saint Mary','',1),(2290,185,'Saint Mary Cayon','',1),(306,20,'Saint Michael','',1),(1019,61,'Saint Patrick','',1),(1577,86,'Saint Patrick','',1),(4527,221,'Saint Patrick','',1),(4708,188,'Saint Patrick','',1),(1020,61,'Saint Paul','',1),(128,10,'Saint Paul','',1),(2291,185,'Saint Paul Capesterre','',1),(2292,185,'Saint Paul Charlestown','',1),(2885,148,'Saint Peter','',1),(1021,61,'Saint Peter','',1),(129,10,'Saint Peter','',1),(307,20,'Saint Peter','',1),(2293,185,'Saint Peter Basseterre','',1),(308,20,'Saint Philip','',1),(130,10,'Saint Philip','',1),(309,20,'Saint Thomas','',1),(2154,109,'Saint Thomas','',1),(2294,185,'Saint Thomas Lowland','',1),(2295,185,'Saint Thomas Middle Island','',1),(3871,195,'Saint Thomas Middle Island Parish','',1),(4703,188,'Saint Vincent and The Grenadines (general)','',1),(4197,193,'Saint-Louis','',1),(4188,193,'Saint-Louis','',1),(2210,110,'Saitama','',1),(4480,223,'Sakarya Province','',1),(737,54,'Sakassou','',1),(3788,182,'Sakha','',1),(3789,182,'Sakhalin','',1),(4332,216,'Sakon Nakhon','',1),(914,40,'Sal','',1),(4282,43,'Salamat','',1),(2380,120,'Salavan','',1),(1037,62,'Salcedo','',1),(2514,121,'Saldus Rajons','',1),(1445,230,'Salford','',1),(1906,99,'SalgtarjnMegyei Vros','',1),(2959,132,'Salima','',1),(195,11,'Salta','',1),(4682,233,'Salto','',1),(271,16,'Salyan','',1),(208,15,'Salzburg','',1),(112,1,'Samangn','',1),(1038,62,'Saman','',1),(3463,174,'Samar','',1),(3790,182,'Samara','',1),(4696,234,'Samarqand','',1),(577,26,'Samchi','',1),(578,26,'Samdrup Jongkhar District','',1),(4840,189,'Samoa (general)','',1),(2777,130,'Samokov','',1),(4481,223,'Samsun Province','',1),(1626,80,'Samtrediis Raioni','',1),(4354,216,'Samut Prakan','',1),(4367,216,'Samut Sakhon','',1),(4366,216,'Samut Songkhram','',1),(274,16,'Samux','',1),(3359,170,'San Blas','',1),(3529,174,'San Carlos, Negros Occidental','',1),(3530,174,'San Carlos, Pangasinan','',1),(1050,62,'San Cristbal','',1),(4528,221,'San Fernando','',1),(3531,174,'San Jose','',1),(886,53,'San Jos','',1),(4683,233,'San Jos','',1),(196,11,'San Juan','',1),(1040,62,'San Juan','',1),(197,11,'San Luis','',1),(2992,142,'San Luis Potos','',1),(1786,89,'San Marcos','',1),(4182,190,'San Marino','',1),(4175,190,'San Marino (general)','',1),(3383,173,'San Martn','',1),(4242,65,'San Miguel','',1),(3532,174,'San Pablo','',1),(3662,172,'San Pedro','',1),(738,54,'San Pedro','',1),(1041,62,'San Pedro de Macors','',1),(4243,65,'San Salvador','',1),(564,17,'San Salvador and Rum Cay','',1),(352,35,'San Salvador and Rum Cay District','',1),(4245,65,'San Vicente','',1),(4210,201,'Sanaag','',1),(903,56,'Sancti Spritus','',1),(3406,171,'Sandaun','',1),(1447,230,'Sandwell','',1),(563,17,'Sandy Point','',1),(493,25,'Sandys','',1),(665,50,'Sangha','',1),(654,42,'Sangha-Mbar','',1),(353,35,'Sangui','',1),(686,211,'Sankt Gallen','',1),(3791,182,'Sankt-Peterburg','',1),(4833,235,'Sanma','',1),(387,35,'Sanmatenga','',1),(72,6,'Sant Juli de Lria','',1),(4244,65,'Santa Ana','',1),(1830,97,'Santa Brbara','',1),(537,31,'Santa Catarina','',1),(921,40,'Santa Catarina','',1),(915,40,'Santa Catarina','',1),(198,11,'Santa Cruz','',1),(510,27,'Santa Cruz','',1),(922,40,'Santa Cruz','',1),(199,11,'Santa Fe','',1),(1787,89,'Santa Rosa','',1),(866,48,'Santander','',1),(3640,177,'Santarm','',1),(1042,62,'Santiago','',1),(705,54,'Santiago Metropolitan Region','',1),(1043,62,'Santiago Rodrguez','',1),(904,56,'Santiago de Cuba','',1),(200,11,'Santiago del Estero','',1),(4858,242,'Sana','',1),(113,1,'Sar-e Pol','',1),(4349,216,'Sara Buri','',1),(2778,130,'Saraj','',1),(4227,207,'Saramacca','',1),(3792,182,'Saratov','',1),(2371,120,'Saravan','',1),(3011,133,'Sarawak','',1),(2136,108,'Sardinia','',1),(621,39,'Saskatchewan','SK',1),(739,54,'Sassandra','',1),(3712,181,'Satu Mare','',1),(4379,216,'Satun','',1),(4849,189,'Satupaitea','',1),(2101,100,'Saudarkrokur','',1),(3834,192,'Saudi Arabia (general)','',1),(4311,218,'Savanes','',1),(775,54,'Savanes','',1),(2381,120,'Savannahkht','',1),(2372,120,'Savannakhet','',1),(2896,140,'Savanne','',1),(2568,125,'Sawfajjn','',1),(1062,4,'Sada','',1),(2420,126,'Schaan','',1),(687,211,'Schaffhausen','',1),(2421,126,'Schellenberg','',1),(974,81,'Schleswig-Holstein','',1),(689,211,'Schwyz','',1),(2901,134,'Seenu','',1),(1448,230,'Sefton','',1),(713,54,'Seguela','',1),(3012,133,'Selangor','',1),(2856,146,'Selenge','',1),(4138,199,'Selnica ob Dravi','',1),(4643,227,'Sembabule','',1),(1230,69,'Semen Gonder','',1),(1231,69,'Semen Shewa','',1),(1232,69,'Semen Welo','',1),(948,58,'Semily','',1),(4049,199,'Semi','',1),(2063,103,'Semnn','',1),(2057,103,'Semnn Province','',1),(1178,67,'Semnaw Keyih Bahr','',1),(1627,80,'Senakis Raioni','',1),(4185,193,'Senegal (general)','',1),(3724,194,'Serbia (general)','',1),(887,53,'Serbia and Montenegro (general)','',1),(539,31,'Sergipe','',1),(4184,190,'Serravalle','',1),(2597,149,'Settat','',1),(3641,177,'Setbal','',1),(3192,154,'Set','',1),(3793,182,'Severnaya Osetiya-Alaniya','',1),(4053,199,'Sevnica','',1),(3858,195,'Seychelles (general)','',1),(2102,100,'Seydisfjordur','',1),(4054,199,'Seana','',1),(833,45,'Shaanxi','',1),(4211,201,'Shabeellaha Dhexe','',1),(4212,201,'Shabeellaha Hoose','',1),(4857,242,'Shabwah','',1),(3931,206,'Shaml Bar al Ghazl','',1),(3932,206,'Shaml Drfr','',1),(3933,206,'Shaml Kurdufn','',1),(1170,64,'Shaml Sn','',1),(2834,151,'Shan State','',1),(832,45,'Shandong','',1),(830,45,'Shanghai','',1),(831,45,'Shanxi','',1),(3934,206,'Sharq al Istiwyah','',1),(2935,134,'Shaviyani','',1),(2914,134,'Shaviyani Atholhu','',1),(4838,235,'Shefa','',1),(1449,230,'Sheffield','',1),(579,26,'Shemgang','',1),(4834,235,'Shepherd','',1),(1542,230,'Shetland','',1),(2211,110,'Shiga','',1),(2212,110,'Shimane','',1),(4552,215,'Shinyanga','',1),(152,12,'Shirak','',1),(4267,209,'Shiselweni','',1),(2213,110,'Shizuoka','',1),(142,3,'Shkodr','',1),(1446,230,'Shropshire','',1),(422,34,'Shumen','',1),(2359,113,'Shyghys Qazaqstan','',1),(3713,181,'Sibiu','',1),(838,45,'Sichuan','',1),(2137,108,'Sicily','',1),(1238,69,'Sidamo','',1),(1209,69,'Sidamo','',1),(1078,4,'Sidi Bel Abbs','',1),(2607,149,'Sidi Kacem','',1),(3589,176,'Siedlce','',1),(3590,176,'Sieradz','',1),(4170,196,'Sierra Leone (general)','',1),(1628,80,'Sighnaghis Raioni','',1),(2103,100,'Siglufjordur','',1),(1706,91,'Siguiri','',1),(4498,223,'Siirt Province','',1),(2818,135,'Sikasso','',1),(2011,101,'Sikkim','',1),(3533,174,'Silay','',1),(3615,176,'Silesian Voivodship','',1),(423,34,'Silistra','',1),(4416,222,'Silynah','',1),(2993,142,'Sinaloa','',1),(3550,167,'Sindh','',1),(740,54,'Sinfra','',1),(4345,216,'Sing Buri','',1),(3961,197,'Singapore (general)','',1),(4553,215,'Singida','',1),(3935,206,'Sinnr','',1),(2441,124,'Sinoe','',1),(4482,223,'Sinop Province','',1),(4228,207,'Sipaliwini','',1),(3477,174,'Siquijor','',1),(4701,234,'Sirdaryo','',1),(4663,227,'Sironko','',1),(4342,216,'Sisaket','',1),(1847,55,'Sisako-Moslavaka','',1),(389,35,'Sissili','',1),(439,18,'Sitrah','',1),(4483,223,'Sivas Province','',1),(275,16,'Siyzn','',1),(2267,37,'Sim Rab','',1),(2104,100,'Skagafjardarsysla','',1),(3591,176,'Skierniewice','',1),(1079,4,'Skikda','',1),(3959,210,'Skne Ln','',1),(424,34,'Sliven','',1),(1450,230,'Slough','',1),(4161,198,'Slovakia (general)','',1),(4058,199,'Slovenj Gradec','',1),(4141,199,'Slovenska Bistrica','',1),(4059,199,'Slovenska Konjice','',1),(3592,176,'Slupsk','',1),(494,25,'Smiths','',1),(3794,182,'Smolensk','',1),(425,34,'Smolyan','',1),(2105,100,'Snafellsnes- og Hnappadalssysla','',1),(4143,199,'Sodraica','',1),(3023,150,'Sofala','',1),(426,34,'Sofiya','',1),(410,34,'Sofiya-Grad','',1),(3172,165,'Sogn og Fjordane','',1),(3119,161,'Sokoto','',1),(1451,230,'Solihull','',1),(1788,89,'Solol','',1),(688,211,'Solothurn','',1),(2360,113,'Soltstik Qazaqstan','',1),(4144,199,'Solava','',1),(4199,201,'Somalia (general)','',1),(1452,230,'Somerset','',1),(1882,99,'Somogy','',1),(4380,216,'Songkhla','',1),(2994,142,'Sonora','',1),(4246,65,'Sonsonate','',1),(4218,201,'Sool','',1),(2780,130,'Sopite','',1),(2781,130,'Sopotnica','',1),(1899,99,'Sopron','',1),(4684,233,'Soriano Department','',1),(2640,144,'Soroca','',1),(4664,227,'Soroti','',1),(4632,227,'Soroti','',1),(4644,227,'Soroti','',1),(3466,174,'Sorsogon','',1),(4301,218,'Sotouboua','',1),(720,54,'Soubre','',1),(2410,186,'Soufrire','',1),(1099,4,'Souk Ahras','',1),(357,35,'Soum','',1),(390,35,'Sourou','',1),(2624,149,'Souss-Massa-Dra','',1),(2118,100,'South','',1),(4879,202,'South Africa (general)','',1),(218,14,'South Australia','SA',1),(1543,230,'South Ayrshire','',1),(54,231,'South Carolina','SC',1),(3478,174,'South Cotabato','',1),(55,231,'South Dakota','SD',1),(593,29,'South East','',1),(1768,203,'South Georgia and The South Sandwich Islands (general)','',1),(1340,230,'South Glamorgan','',1),(1455,230,'South Gloucestershire','',1),(2854,146,'South Gobi Aimak','',1),(2855,146,'South Hangay','',1),(3155,155,'South Holland','',1),(1920,102,'South Kalimantan','',1),(2312,117,'South Korea (general)','',1),(1544,230,'South Lanarkshire','',1),(951,58,'South Moravian Region','',1),(806,38,'South Province','',1),(1945,102,'South Sulawesi','',1),(1939,102,'South Sumatra','',1),(2339,41,'South Town','',1),(1456,230,'South Tyneside','',1),(801,38,'South-West Province','',1),(495,25,'Southampton','',1),(1453,230,'Southampton','',1),(1454,230,'Southend-on-Sea','',1),(2431,205,'Southern','',1),(4895,243,'Southern','',1),(4173,196,'Southern','',1),(594,29,'Southern','',1),(3393,171,'Southern Highlands','',1),(3467,174,'Southern Leyte','',1),(2119,100,'Southern Peninsula','',1),(3833,183,'Southern Province','',1),(4883,202,'Southern Province','',1),(3328,158,'Southland','',1),(1457,230,'Southwark','',1),(1179,204,'Spain (general)','',1),(1848,55,'Splitsko-Dalmatinska','',1),(2340,41,'Spot Bay','',1),(889,53,'Srbija (Serbia)','',1),(2782,130,'Srbinovo','',1),(2425,205,'Sri Lanka (general)','',1),(1458,230,'Staffordshire','',1),(1459,230,'Staffordshire','',1),(2341,41,'Stake Bay','',1),(609,23,'Stann Creek','',1),(2784,130,'Star Dojran','',1),(427,34,'Stara Zagora','',1),(2783,130,'Staravina','',1),(2785,130,'Staro Nagoriane','',1),(4063,199,'Stare','',1),(2021,101,'State of Uttarakhand','',1),(3795,182,'Stavropol\'skiy Kray','',1),(209,15,'Steiermark','',1),(2635,144,'Stinga Nistrului','',1),(1545,230,'Stirling','',1),(3958,210,'Stockholms Ln','',1),(1460,230,'Stockport','',1),(1461,230,'Stockton-on-Tees','',1),(1462,230,'Stoke-on-Trent','',1),(1001,59,'Storstrm','',1),(1516,230,'Strabane','',1),(2106,100,'Strandasysla','',1),(1333,230,'Strathclyde','',1),(2787,130,'Struga','',1),(2788,130,'Strumica','',1),(2789,130,'Studeniani','',1),(2644,144,'Stnga Nistrului','',1),(2260,37,'Stng Trng','',1),(961,58,'Stedoesk Kraj','',1),(3612,176,'Subcarpathian Voivodeship','',1),(3714,181,'Suceava','',1),(1789,89,'Suchitepquez','',1),(4729,236,'Sucre','',1),(867,48,'Sucre','',1),(1125,63,'Sucumbios','',1),(1862,94,'Sud','',1),(776,54,'Sud-Bandama','',1),(777,54,'Sud-Como','',1),(1863,94,'Sud-Est','',1),(638,51,'Sud-Kivu','',1),(3902,206,'Sudan (general)','',1),(2107,100,'Sudur-Mulasysla','',1),(2108,100,'Sudur-Tingeyjarsysla','',1),(1463,230,'Suffolk','',1),(4321,216,'Sukhothai','',1),(1948,102,'Sulawesi Barat','',1),(1930,102,'Sulawesi Tenggara','',1),(1931,102,'Sulawesi Utara','',1),(3479,174,'Sultan Kudarat','',1),(3468,174,'Sulu','',1),(1248,69,'Sumal','',1),(1933,102,'Sumatera Selatan','',1),(276,16,'Sumqayit','',1),(4586,228,'Sumy Oblast','',1),(1464,230,'Sunderland','',1),(4363,216,'Suphan Buri','',1),(4372,216,'Surat Thani','',1),(3534,174,'Surigao','',1),(3469,174,'Surigao del Norte','',1),(3470,174,'Surigao del Sur','',1),(4341,216,'Surin','',1),(4219,207,'Suriname (general)','',1),(1465,230,'Surrey','',1),(2569,125,'Surt','',1),(4697,234,'Surxondaryo','',1),(1466,230,'Sutton','',1),(3593,176,'Suwalki','',1),(4160,208,'Svalbard','',1),(2261,37,'Svay Ring','',1),(3796,182,'Sverdlovsk','',1),(4145,199,'Sveta Ana','',1),(4146,199,'Sveti Andra v Slovenskih Goricah','',1),(4065,199,'Sveti Jurij','',1),(2791,130,'Sveti Nikole','',1),(3047,152,'Swakopmund','',1),(1567,230,'Swansea','',1),(4263,209,'Swaziland (general)','',1),(3937,210,'Sweden (general)','',1),(1467,230,'Swindon','',1),(670,211,'Switzerland (general)','',1),(317,19,'Sylhet','',1),(4248,212,'Syria (general)','',1),(153,12,'Syunik','',1),(1883,99,'Szabolcs-Szatmr-Bereg','',1),(3594,176,'Szczecin','',1),(1884,99,'Szeged','',1),(1907,99,'SzekszrdMegyei Vros','',1),(1901,99,'Szolnok','',1),(1902,99,'Szombathely','',1),(1900,99,'Szkesfehrvr','',1),(1764,84,'Smos','',1),(1039,62,'Snchez Ramrez','',1),(923,40,'So Domingos','',1),(924,40,'So Filipe','',1),(925,40,'So Miguel','',1),(916,40,'So Nicolau','',1),(538,31,'So Paulo','',1),(4232,191,'So Tom','',1),(917,40,'So Vicente','',1),(2817,135,'Sgou','',1),(388,35,'Sno','',1),(1721,84,'Srrai','',1),(1063,4,'Stif','',1),(4802,237,'Sc Trng','',1),(4769,237,'Sng B T?nh','',1),(3952,210,'Sdermanlands Ln','',1),(1000,59,'Snderjylland','',1),(3173,165,'Sr-Trndelag','',1),(2857,146,'Shbaatar','',1),(3711,181,'Slaj','',1),(4425,222,'Sd B Zayd','',1),(2045,103,'Sstn va Balchestn','',1),(2318,117,'Sul-t\'kpylsi','',1),(1168,64,'Shj','',1),(4417,222,'Ssah','',1),(4770,237,'Sn La','',1),(4535,213,'T\'ai-pei','',1),(4536,213,'T\'ai-wan','',1),(1629,80,'T\'bilisi','',1),(2995,142,'Tabasco','',1),(4302,218,'Tabligbo','',1),(4147,199,'Tabor','',1),(4554,215,'Tabora','',1),(741,54,'Tabou','',1),(3846,192,'Tabk','',1),(3535,174,'Tacloban','',1),(3384,173,'Tacna','',1),(4685,233,'Tacuaremb','',1),(986,60,'Tadjourah','',1),(2625,149,'Tadla-Azilal','',1),(2322,117,'Taegu-gwangyksi','',1),(2326,117,'Taejn-gwangyksi','',1),(4835,235,'Tafea','',1),(2878,139,'Tagant','',1),(3536,174,'Tagaytay','',1),(3537,174,'Tagbilaran','',1),(3077,160,'Tahoua','',1),(4532,213,'Taiwan (general)','',1),(2550,125,'Tajura','',1),(4320,216,'Tak','',1),(3898,195,'Takamaka','',1),(3881,195,'Takamaka','',1),(106,1,'Takhr','',1),(2262,37,'Takv','',1),(2239,119,'Talas','',1),(2515,121,'Talsu Rajons','',1),(1100,4,'Tamanghasset','',1),(2996,142,'Tamaulipas','',1),(4189,193,'Tambacounda','',1),(3797,182,'Tambov','',1),(1468,230,'Tameside','',1),(2007,101,'Tamil Ndu','',1),(2605,149,'Tan-Tan','',1),(742,54,'Tanda','',1),(4283,43,'Tandjil','',1),(4555,215,'Tanga','',1),(2598,149,'Tanger','',1),(2626,149,'Tanger-Ttouan','',1),(3538,174,'Tangub','',1),(2835,151,'Tanintharyi','',1),(4537,215,'Tanzania (general)','',1),(2606,149,'Taounate','',1),(359,35,'Tapoa','',1),(3111,161,'Taraba','',1),(3329,158,'Taranaki','',1),(795,44,'Tarapac','',1),(2551,125,'Tarhnah','',1),(511,27,'Tarija','',1),(3471,174,'Tarlac','',1),(3595,176,'Tarnobrzeg','',1),(3596,176,'Tarnow','',1),(2608,149,'Taroudannt','',1),(918,40,'Tarrafal','',1),(926,40,'Tarrafal','',1),(1140,68,'Tartumaa','',1),(580,26,'Tashigang','',1),(219,14,'Tasmania','TAS',1),(2599,149,'Tata','',1),(1903,99,'Tatabnya','',1),(3798,182,'Tatarstan','',1),(2479,127,'Taurags Apskritis','',1),(154,12,'Tavush','',1),(3480,174,'Tawi-Tawi','',1),(4427,222,'Tawzar','',1),(3799,182,'Taymyrskiy (Dolgano-Nenetskiy) Avtonomnyy Okrug','',1),(1334,230,'Tayside','',1),(2600,149,'Taza','',1),(2627,149,'Taza-Al Hoceima-Taounate','',1),(4426,222,'Tawn','',1),(4877,242,'Taizz','',1),(4859,242,'Taizz','',1),(4304,218,'Tchamba','',1),(4305,218,'Tchaoudjo','',1),(2792,130,'Tearce','',1),(2064,103,'Tehrn','',1),(4484,223,'Tekirda Province','',1),(1981,107,'Tel Aviv','',1),(3174,165,'Telemark','',1),(3715,181,'Teleorman','',1),(1469,230,'Telford and Wrekin','',1),(2480,127,'Teli Apskritis','',1),(500,33,'Temburong','',1),(3855,200,'Temotu','',1),(4746,237,'Ten Bai','',1),(56,231,'Tennessee','TN',1),(3013,133,'Terengganu','',1),(4587,228,'Ternopil\'s\'ka Oblast\'','',1),(3620,187,'Territorial Collectivity of Saint Pierre and Miquelon','',1),(3387,76,'Territory of French Polynesia','',1),(3070,157,'Territory of New Caledonia and Dependencies','',1),(4284,77,'Territory of the French Southern and Antarctic Lands','',1),(3026,150,'Tete','',1),(2609,149,'Tetouan','',1),(2793,130,'Tetovo','',1),(57,231,'Texas','TX',1),(2936,134,'Thaa','',1),(2907,134,'Thaa Atholhu','',1),(2470,123,'Thaba-Tseka District','',1),(4312,216,'Thailand (general)','',1),(4772,237,'Thanh Ha','',1),(2977,142,'The Federal District','',1),(2132,108,'The Marches','',1),(1521,230,'The Scottish Borders','',1),(1734,84,'Thesprotia','',1),(1729,84,'Thessalonki','',1),(581,26,'Thimphu','',1),(4190,193,'This','',1),(4764,237,'Thua Thien-Hue','',1),(690,211,'Thurgau','',1),(1470,230,'Thurrock','',1),(2942,132,'Thyolo','',1),(4773,237,'Thi Bnh','',1),(4822,237,'Thi Nguyn','',1),(979,81,'Thringen','',1),(4803,237,'Tha Thin-Hu','',1),(834,45,'Tianjin','',1),(1064,4,'Tiaret','',1),(743,54,'Tiassale','',1),(691,211,'Ticino','',1),(759,54,'Tiebissou','',1),(201,11,'Tierra del Fuego, Antrtida e Islas del Atlntico Sur','',1),(2641,144,'Tighina','',1),(1249,69,'Tigray','',1),(1233,69,'Tigray','',1),(1210,69,'Tigray','',1),(3080,160,'Tillabri','',1),(3716,181,'Timi','',1),(1101,4,'Tindouf','',1),(721,54,'Tingrela','',1),(1102,4,'Tipaza','',1),(1971,105,'Tipperary','',1),(143,3,'Tiran','',1),(2880,139,'Tiris Zemmour','',1),(210,15,'Tirol','',1),(1103,4,'Tissemsilt','',1),(1065,4,'Tizi Ouzou','',1),(2601,149,'Tiznit','',1),(4148,199,'Tiina','',1),(4775,237,'Tin Giang','',1),(3803,182,'Tjumen','',1),(2997,142,'Tlaxcala','',1),(1066,4,'Tlemcen','',1),(2684,131,'Toamasina','',1),(2575,149,'Toamasina Province','',1),(4529,221,'Tobago','',1),(542,31,'Tocantins','',1),(2214,110,'Tochigi','',1),(4215,201,'Togdheer','',1),(4285,218,'Togo (general)','',1),(4485,223,'Tokat','',1),(4398,219,'Tokelau (general)','',1),(2215,110,'Tokushima','',1),(3539,174,'Toledo','',1),(610,23,'Toledo','',1),(2686,131,'Toliara','',1),(2577,149,'Toliara Province','',1),(868,48,'Tolima','',1),(4066,199,'Tolmin','',1),(1886,99,'Tolna','',1),(1798,92,'Tombali','',1),(2820,135,'Tombouctou','',1),(3800,182,'Tomsk','',1),(4432,220,'Tonga (general)','',1),(4434,220,'Tongatapu','',1),(582,26,'Tongsa','',1),(2794,130,'Topolani','',1),(4827,235,'Torba','',1),(1471,230,'Torbay','',1),(1568,230,'Torfaen','',1),(4645,227,'Tororo','',1),(4633,227,'Tororo','',1),(3597,176,'Torufi','',1),(4699,234,'Toshkent','',1),(4698,234,'Toshkent Shahri','',1),(1790,89,'Totonicapn','',1),(2217,110,'Tottori','',1),(714,54,'Touba','',1),(1695,91,'Tougu','',1),(760,54,'Toulepleu','',1),(744,54,'Toumodi','',1),(280,16,'Tovuz','',1),(1472,230,'Tower Hamlets','',1),(2218,110,'Toyama','',1),(1634,80,'Tqibuli','',1),(4486,223,'Trabzon Province','',1),(1473,230,'Trafford','',1),(4377,216,'Trang','',1),(2875,139,'Trarza','',1),(4361,216,'Trat','',1),(4067,199,'Trbovlje','',1),(4068,199,'Trebnje','',1),(3540,174,'Trece Martires','',1),(4686,233,'Treinta y Tres','',1),(2155,109,'Trelawny','',1),(2139,108,'Trentino','',1),(4167,198,'Treniansky','',1),(2422,126,'Triesen','',1),(2423,126,'Triesenberg','',1),(4518,221,'Trinidad and Tobago (general)','',1),(2296,185,'Trinity Palmetto Point','',1),(3873,195,'Trinity Palmetto Point Parish','',1),(2008,101,'Tripura','',1),(3965,184,'Tristan da Cunha','',1),(4168,198,'Trnavsk','',1),(4149,199,'Trnovska Vas','',1),(3175,165,'Troms','',1),(4731,236,'Trujillo','',1),(949,58,'Trutnov','',1),(4150,199,'Trzin','',1),(4804,237,'Tr Vinh','',1),(1738,84,'Trkala','',1),(4069,199,'Tri','',1),(1636,80,'Tsalenjikhis Raioni','',1),(1637,80,'Tsalkis Raioni','',1),(4303,218,'Tsevie','',1),(3739,182,'Tsjeljabinsk','',1),(3740,182,'Tsjita','',1),(1638,80,'Tsqaltubo','',1),(3048,152,'Tsumeb','',1),(1635,80,'Tsageris Raioni','',1),(4850,189,'Tuamasaga','',1),(202,11,'Tucumn','',1),(2516,121,'Tukuma Rajons','',1),(3801,182,'Tula','',1),(3717,181,'Tulcea','',1),(3385,173,'Tumbes','',1),(4487,223,'Tunceli Province','',1),(1123,63,'Tungurahua','',1),(4406,222,'Tunis al Janubiyah Wilayat','',1),(4436,223,'Turkey (general)','',1),(4400,224,'Turkmenistan (general)','',1),(4268,225,'Turks and Caicos Islands (general)','',1),(1261,73,'Turku ja Pori','',1),(4070,199,'Turnie','',1),(2138,108,'Tuscany','',1),(501,33,'Tutong','',1),(4531,226,'Tuvalu (general)','',1),(391,35,'Tuy','',1),(4805,237,'Tuyn Quang','',1),(3802,182,'Tver','',1),(3804,182,'Tyva','',1),(4730,236,'Tchira','',1),(4771,237,'Ty Ninh','',1),(1080,4,'Tbessa','',1),(1694,91,'Tliml','',1),(2216,110,'Tky','',1),(4428,222,'Tnis','',1),(428,34,'Trgovishte','',1),(279,16,'Trtr','',1),(1630,80,'Telavis Raioni','',1),(1631,80,'Terjolis Raioni','',1),(1632,80,'Tetritsqaros Raioni','',1),(1633,80,'Tianetis Raioni','',1),(3206,153,'Uaboe','',1),(4387,216,'Ubon Ratchathani','',1),(4383,216,'Ubon Ratchathani Changwat','',1),(281,16,'Ucar','',1),(3386,173,'Ucayali','',1),(3805,182,'Udmurtiya','',1),(4388,216,'Udon Thani','',1),(4331,216,'Udon Thani Changwat','',1),(4565,228,'Ukraine (general)','',1),(2860,146,'Ulaanbaatar','',1),(3806,182,'Uljanovsk','',1),(2328,117,'Ulsan-gwangyksi','',1),(2140,108,'Umbria','',1),(3679,179,'Umm Sad','',1),(82,229,'Umm al Qaywayn','',1),(3676,179,'Umm all','',1),(2642,144,'Ungheni','',1),(2630,144,'Ungheni Judetul','',1),(75,229,'United Arab Emirates (general)','',1),(1811,93,'Upper Demerara-Berbice','',1),(1653,82,'Upper East','',1),(1664,79,'Upper River','',1),(1812,93,'Upper Takutu-Upper Essequibo','',1),(1654,82,'Upper West','',1),(3953,210,'Uppsala Ln','',1),(692,211,'Uri','',1),(4667,233,'Uruguay (general)','',1),(3807,182,'Ust\'-Ordynskiy Buryatskiy Avtonomnyy Okrug','',1),(4247,65,'Usulutn','',1),(58,231,'Utah','UT',1),(2481,127,'Utenos Apskritis','',1),(4327,216,'Uthai Thani','',1),(3153,155,'Utrecht','',1),(2018,101,'Uttar Pradesh','',1),(2009,101,'Uttar Pradesh','',1),(4322,216,'Uttaradit','',1),(1262,73,'Uusimaa','',1),(2432,205,'Uva','',1),(2859,146,'Uvs','',1),(4687,234,'Uzbekistan (general)','',1),(172,7,'Uge','',1),(4489,223,'Uak Province','',1),(1263,73,'Vaasa','',1),(2937,134,'Vaavu','',1),(2904,134,'Vaavu Atholhu','',1),(2424,126,'Vaduz','',1),(4851,189,'Vaisigano','',1),(652,42,'Vakaga','',1),(694,211,'Valais','',1),(2795,130,'Valandovo','',1),(1569,230,'Vale of Glamorgan','',1),(1197,204,'Valencian Community','',1),(1141,68,'Valgamaa','',1),(2517,121,'Valkas Rajons','',1),(1831,97,'Valle','',1),(869,48,'Valle del Cauca','',1),(778,54,'Valle du Bandama','',1),(2518,121,'Valmieras Rajons','',1),(783,44,'Valparaso','',1),(698,54,'Valparaso Region','',1),(1044,62,'Valverde','',1),(4490,223,'Van Province','',1),(1639,80,'Vanis Raioni','',1),(4824,235,'Vanuatu (general)','',1),(1849,55,'Varadinska','',1),(107,1,'Vardak','',1),(4736,236,'Vargas','',1),(429,34,'Varna','',1),(1887,99,'Vas','',1),(2796,130,'Vasilevo','',1),(3718,181,'Vaslui','',1),(4702,96,'Vatican City (general)','',1),(693,211,'Vaud','',1),(870,48,'Vaups','',1),(4435,220,'Vavau','',1),(745,54,'Vavoua','',1),(155,12,'Vayots Dzor','',1),(4846,189,'Vaa-o-Fonoti','',1),(1002,59,'Vejle','',1),(4071,199,'Velenje','',1),(2797,130,'Veles','',1),(2798,130,'Veleta','',1),(4151,199,'Velika Polana','',1),(4072,199,'Velike Lae','',1),(430,34,'Veliko Trnovo','',1),(2142,108,'Veneto','',1),(4710,236,'Venezuela (general)','',1),(2519,121,'Ventspils','',1),(2520,121,'Ventspils Rajons','',1),(2998,142,'Veracruz-Llave','',1),(3360,170,'Veraguas','',1),(59,231,'Vermont','VT',1),(4152,199,'Verej','',1),(3176,165,'Vest-Agder','',1),(3177,165,'Vestfold','',1),(1659,85,'Vestgrnland','',1),(2109,100,'Vestmannaeyjar','',1),(1003,59,'Vestsjlland','',1),(2110,100,'Vestur-Bardastrandarsysla','',1),(2111,100,'Vestur-Hunavatnssysla','',1),(2112,100,'Vestur-Isafjardarsysla','',1),(2113,100,'Vestur-Skaftafellssysla','',1),(1888,99,'Veszprm','',1),(1904,99,'Veszprm','',1),(2799,130,'Vevani','',1),(3642,177,'Viana do Castelo','',1),(2388,120,'Viangchan','',1),(2385,120,'Viangchan','',1),(1004,59,'Viborg','',1),(871,48,'Vichada','',1),(220,14,'Victoria','VIC',1),(4530,221,'Victoria','',1),(4153,199,'Videm','',1),(431,34,'Vidin','',1),(2373,120,'Vientiane','',1),(4740,237,'Vietnam (general)','',1),(2411,186,'Vieux-Fort','',1),(3643,177,'Vila Real','',1),(1142,68,'Viljandimaa','',1),(905,56,'Villa Clara','',1),(2482,127,'Vilniaus Apskritis','',1),(4776,237,'Vinh Ph T?nh','',1),(2800,130,'Vinica','',1),(4588,228,'Vinnyts\'ka Oblast\'','',1),(4073,199,'Vipava','',1),(60,231,'Virgin Islands','VI',1),(4739,239,'Virgin Islands (general)','',1),(61,231,'Virginia','VA',1),(1850,55,'Virovitik-Podravska','',1),(3644,177,'Viseu','',1),(4074,199,'Vitanje','',1),(2801,130,'Vitolite','',1),(603,21,'Vitsyebskaya Voblasts','',1),(330,22,'Vlaams-Brabant','',1),(3808,182,'Vladimir','',1),(144,3,'Vlor','',1),(4075,199,'Vodice','',1),(4306,218,'Vogan','',1),(1749,84,'Voiota','',1),(4154,199,'Vojnik','',1),(3809,182,'Volgograd','',1),(3810,182,'Vologda','',1),(1651,82,'Volta','',1),(4589,228,'Volyns\'ka Oblast\'','',1),(211,15,'Vorarlberg','',1),(3811,182,'Voronezj','',1),(3720,181,'Vrancea','',1),(2802,130,'Vranetica','',1),(4155,199,'Vransko','',1),(2803,130,'Vrapite','',1),(2804,130,'Vratnica','',1),(432,34,'Vratsa','',1),(4076,199,'Vrhnika','',1),(2805,130,'Vrutok','',1),(1851,55,'Vukovarsko-Srijemska','',1),(4077,199,'Vuzenica','',1),(953,58,'Vysoina','',1),(3719,181,'Vlcea','',1),(3954,210,'Vrmlands Ln','',1),(3955,210,'Vsterbottens Ln','',1),(3956,210,'Vsternorrlands Ln','',1),(3957,210,'Vstmanlands Ln','',1),(3960,210,'Vstra Gtaland','',1),(1143,68,'Vrumaa','',1),(4806,237,'Vnh Long','',1),(4823,237,'Vnh Phc','',1),(3330,158,'Waikato','',1),(3291,158,'Wairarapa','',1),(2219,110,'Wakayama','',1),(1474,230,'Wakefield','',1),(4665,227,'Wakiso','',1),(3598,176,'Walbrzych','',1),(4839,240,'Wallis and Futuna','',1),(1475,230,'Walsall','',1),(1477,230,'Wandsworth','',1),(3323,158,'Wanganui','',1),(583,26,'Wangdi Phodrang','',1),(4229,207,'Wanica','',1),(3936,206,'Warab','',1),(3617,176,'Warmian-Masurian Voivodeship','',1),(1478,230,'Warrington','',1),(3599,176,'Warszawa','',1),(496,25,'Warwick','',1),(1479,230,'Warwickshire','',1),(62,231,'Washington','WA',1),(1715,66,'Wele-Nzas','',1),(1239,69,'Welega','',1),(1211,69,'Welega Kifle Hger','',1),(3331,158,'Wellington','',1),(1212,69,'Welo','',1),(2121,100,'West','',1),(3624,169,'West Bank','',1),(1480,230,'West Berkshire','',1),(3332,158,'West Coast','',1),(1546,230,'West Dunbartonshire','',1),(2342,41,'West End','',1),(1937,102,'West Java','',1),(1919,102,'West Kalimantan','',1),(1548,230,'West Lothian','',1),(3405,171,'West New Britain','',1),(3619,176,'West Pomeranian Voivodeship','',1),(1932,102,'West Sumatra','',1),(1482,230,'West Sussex','',1),(63,231,'West Virginia','WV',1),(327,22,'West-Vlaanderen','',1),(1272,72,'Western','',1),(2343,41,'Western','',1),(2433,205,'Western','',1),(1652,82,'Western','',1),(2232,114,'Western','',1),(1665,79,'Western','',1),(4894,243,'Western','',1),(3850,200,'Western','',1),(3394,171,'Western','',1),(4174,196,'Western Area','',1),(221,14,'Western Australia','WA',1),(4890,202,'Western Cape','',1),(3404,171,'Western Highlands','',1),(1547,230,'Western Isles','',1),(3832,183,'Western Province','',1),(1171,241,'Western Sahara (general)','',1),(2120,100,'Westfjords','',1),(1481,230,'Westminster','',1),(2156,109,'Westmoreland','',1),(212,15,'Wien','',1),(1483,230,'Wigan','',1),(1484,230,'Wiltshire','',1),(1485,230,'Windsor and Maidenhead','',1),(1486,230,'Wirral','',1),(64,231,'Wisconsin','WI',1),(3600,176,'Wloclawek','',1),(1487,230,'Wokingham','',1),(1313,78,'Woleu-Ntem','',1),(1488,230,'Wolverhampton','',1),(4216,201,'Woqooyi Galbeed','',1),(1489,230,'Worcestershire','',1),(779,54,'Worodougou','',1),(1570,230,'Wrexham','',1),(3601,176,'Wroclaw','',1),(65,231,'Wyoming','WY',1),(2038,104,'Wsi','',1),(2386,120,'Xaismboun','',1),(283,16,'Xankndi','',1),(284,16,'Xanlar','',1),(282,16,'Xamaz','',1),(2374,120,'Xiagnabouli','',1),(2375,120,'Xiangkhoang','',1),(821,45,'Xinjiang','',1),(822,45,'Xizang','',1),(286,16,'Xocal','',1),(287,16,'Xocavnd','',1),(4691,234,'Xorazm','',1),(1719,84,'Xnthi','',1),(2387,120,'Xkong','',1),(285,16,'Xz','',1),(2571,125,'Yafran','',1),(392,35,'Yagha','',1),(4382,216,'Yala','',1),(4516,223,'Yalova Province','',1),(2220,110,'Yamagata','',1),(2221,110,'Yamaguchi','',1),(3812,182,'Yamalo-Nenetskiy Avtonomnyy Okrug','',1),(2222,110,'Yamanashi','',1),(433,34,'Yambol','',1),(761,54,'Yamoussoukro','',1),(2306,116,'Yanggang-do','',1),(2840,151,'Yangon','',1),(1278,143,'Yap','',1),(4732,236,'Yaracuy','',1),(288,16,'Yardml','',1),(3207,153,'Yaren','',1),(4384,216,'Yasothon','',1),(393,35,'Yatenga','',1),(2078,103,'Yazd','',1),(2069,103,'Yazd','',1),(1250,69,'YeDebub Bihroch Bihreseboch na Hizboch','',1),(156,12,'Yerevan','',1),(1982,107,'Yerushalayim','',1),(290,16,'Yevlax','',1),(289,16,'Yevlax','',1),(3112,161,'Yobe','',1),(1918,102,'Yogyakarta','',1),(1696,91,'Yomou','',1),(1490,230,'York City','',1),(1832,97,'Yoro','',1),(4491,223,'Yozgat Province','',1),(2240,119,'Ysyk-Kl','',1),(2999,142,'Yucatn','',1),(622,39,'Yukon Territory','YT',1),(4666,227,'Yumbe','',1),(835,45,'Yunnan Province','',1),(4807,237,'Yn Bi','',1),(108,1,'Zabul Province','',1),(1791,89,'Zacapa','',1),(3000,142,'Zacatecas','',1),(1852,55,'Zadarska','',1),(4429,222,'Zaghwn','',1),(4078,199,'Zagorje ob Savi','',1),(1853,55,'Zagrebaka','',1),(173,7,'Zaire','',1),(2806,130,'Zajas','',1),(4590,228,'Zakarpats\'ka Oblast\'','',1),(1889,99,'Zala','',1),(1905,99,'Zalaegerszeg','',1),(3472,174,'Zambales','',1),(4891,243,'Zambia (general)','',1),(3541,174,'Zamboanga City','',1),(3473,174,'Zamboanga del Norte','',1),(3474,174,'Zamboanga del Sur','',1),(3027,150,'Zambzia','',1),(3125,161,'Zamfara','',1),(1124,63,'Zamora-Chinchipe','',1),(3602,176,'Zamosc','',1),(2059,103,'Zanjan','',1),(2065,103,'Zanjan','',1),(2074,103,'Zanjan Province','',1),(780,54,'Zanzan','',1),(4558,215,'Zanzibar Central/South','',1),(4559,215,'Zanzibar North','',1),(4562,215,'Zanzibar Urban/West','',1),(4591,228,'Zaporiz\'ka Oblast\'','',1),(292,16,'Zaqatala','',1),(4079,199,'Zavr','',1),(3154,155,'Zeeland','',1),(2807,130,'Zelenikovo','',1),(1640,80,'Zestaponis Raioni','',1),(2361,113,'Zhambyl','',1),(809,45,'Zhejiang','',1),(2344,113,'Zhezqazghan Oblysy','',1),(4592,228,'Zhytomyrs\'ka Oblast\'','',1),(3603,176,'Zielona Gora','',1),(4195,193,'Ziguinchor','',1),(4901,244,'Zimbabwe (general)','',1),(3078,160,'Zinder','',1),(394,35,'Ziro','',1),(2810,130,'Zletovo','',1),(963,58,'Zlnsk Kraj','',1),(2554,125,'Zlan','',1),(2960,132,'Zomba','',1),(395,35,'Zondoma','',1),(4509,223,'Zonguldak','',1),(484,24,'Zou','',1),(472,24,'Zou','',1),(361,35,'Zoundwogo','',1),(4082,199,'Zree','',1),(2811,130,'Zrnovci','',1),(722,54,'Zuenoula','',1),(695,211,'Zug','',1),(1641,80,'Zugdidi','',1),(1642,80,'Zugdidis Raioni','',1),(4733,236,'Zulia','',1),(1744,84,'Zkynthos','',1),(696,211,'Zrich','',1),(291,16,'Zngilan','',1),(293,16,'Zrdab','',1),(3349,166,'Zufr','',1),(817,45,'disputed','',1),(1736,84,'rta','',1),(990,59,'rhus','',1),(4451,223,'anakkale Province','',1),(4506,223,'ankr Province','',1),(4452,223,'orum Province','',1),(4828,235,'fat','',1),(4829,235,'pi','',1),(628,51,'quateur','',1),(3632,177,'vora','',1),(1717,84,'vros','',1),(1750,84,'vvoia','',1),(1292,74,'le-de-France','',1),(2717,130,'ore Petrov','',1),(4815,237,' Nng','',1),(4747,237,'c Lk','',1),(4780,237,'ng Nai','',1),(4748,237,'ng Thp','',1),(3659,172,'eembuc','',1),(3950,210,'rebro Ln','',1),(3951,210,'stergtlands Ln','',1),(3170,165,'stfold','',1),(1658,85,'stgrnland','',1),(962,58,'steck Kraj','',1),(1240,69,'ds beba','',1),(1241,69,'far','',1),(1242,69,'mara','',1),(1173,67,'nseba','',1),(2042,103,'zrbyjn-e Gharb','',1),(2071,103,'zrbyjn-e Sharq','',1),(2701,130,'air','',1),(2703,130,'aka','',1),(2704,130,'egrana','',1),(2707,130,'einovo','',1),(3980,199,'renovci','',1),(3981,199,'rna na Korokem','',1),(3982,199,'rnomelj','',1),(2708,130,'uer-Sandevo','',1),(2050,103,'lm','',1),(246,16,'mili','',1),(247,16,'smayll','',1),(4464,223,'stanbul','',1),(4465,223,'zmir','',1),(3606,176,'d Voivodeship','',1),(2206,110,'ita','',1),(2208,110,'saka','',1),(2270,37,'tdr Man Chey','',1),(3616,176,'witokrzyskie Voivodship','',1),(4424,222,'afqis','',1),(2040,104,'al ad Dn','',1),(272,16,'amax','',1),(4488,223,'anlurfa Province','',1),(4868,242,'an','',1),(4867,242,'adah','',1),(2674,144,'tefan-Vod','',1),(278,16,'ua','',1),(277,16,'ua','',1),(4504,223,'rnak Province','',1),(269,16,'ki','',1),(270,16,'ki','',1),(273,16,'mkir','',1),(4137,199,'alovci','',1),(4139,199,'empeter-Vrtojba','',1),(4051,199,'entilj','',1),(4052,199,'entjernej','',1),(4140,199,'entjur pri Celju','',1),(4050,199,'enur','',1),(2478,127,'iauli Apskritis','',1),(1846,55,'ibensko-Kniniska','',1),(2779,130,'ipkovica','',1),(4055,199,'kocjan','',1),(4056,199,'kofja Loka','',1),(4057,199,'kofljica','',1),(4060,199,'marje pri Jelah','',1),(4061,199,'martno ob Paki','',1),(4142,199,'martno pri Litiji','',1),(4062,199,'otanj','',1),(2786,130,'tip','',1),(4064,199,'tore','',1),(2790,130,'uto Orizari','',1),(2570,125,'arbulus','',1),(4262,212,'ars','',1),(2552,125,'ubruq','',1),(4156,199,'alec','',1),(4080,199,'elezniki','',1),(2808,130,'elino','',1),(4157,199,'etale','',1),(4169,198,'ilinsk','',1),(4081,199,'iri','',1),(4158,199,'irovnica','',1),(2809,130,'itoe','',1),(4159,199,'uemberk','',1),(229,16,'li Bayramli','',1),(4874,242,'ajjah','',1),(4257,212,'alab','',1),(4258,212,'amh','',1),(2331,118,'awall','',1),(4856,242,'aramawt','',1),(4259,212,'im','',1),(3841,192,'il','',1),(4854,242,'Adan','',1),(2172,112,'Ajln','',1),(77,229,'Ajmn','',1),(2168,112,'Ammn','',1),(4871,242,'Amrn','',1),(3840,192,'Asr','',1),(4912,158,'East Cape','',1),(4913,158,'Tasman','',1);
/*!40000 ALTER TABLE `l10n_adminarea` ENABLE KEYS */;
UNLOCK TABLES;

--
-- Table structure for table `l10n_country`
--

DROP TABLE IF EXISTS `l10n_country`;
SET @saved_cs_client     = @@character_set_client;
SET character_set_client = utf8;
CREATE TABLE `l10n_country` (
  `id` int(11) NOT NULL auto_increment,
  `iso2_code` varchar(2) NOT NULL,
  `name` varchar(128) NOT NULL,
  `printable_name` varchar(128) NOT NULL,
  `iso3_code` varchar(3) NOT NULL,
  `numcode` smallint(5) unsigned default NULL,
  `active` tinyint(1) NOT NULL,
  `continent` varchar(2) NOT NULL,
  `admin_area` varchar(2) default NULL,
  PRIMARY KEY  (`id`),
  UNIQUE KEY `iso2_code` (`iso2_code`),
  UNIQUE KEY `iso3_code` (`iso3_code`)
) ENGINE=MyISAM AUTO_INCREMENT=245 DEFAULT CHARSET=utf8;
SET character_set_client = @saved_cs_client;

--
-- Dumping data for table `l10n_country`
--

LOCK TABLES `l10n_country` WRITE;
/*!40000 ALTER TABLE `l10n_country` DISABLE KEYS */;
INSERT INTO `l10n_country` VALUES (1,'AF','AFGHANISTAN','Afghanistan','AFG',4,1,'AS',NULL),(2,'AX','ALAND ISLANDS','land Islands','ALA',248,1,'EU',NULL),(3,'AL','ALBANIA','Albania','ALB',8,1,'EU',NULL),(4,'DZ','ALGERIA','Algeria','DZA',12,1,'AF',NULL),(5,'AS','AMERICAN SAMOA','American Samoa','ASM',16,1,'OC',NULL),(6,'AD','ANDORRA','Andorra','AND',20,1,'EU',NULL),(7,'AO','ANGOLA','Angola','AGO',24,1,'AF',NULL),(8,'AI','ANGUILLA','Anguilla','AIA',660,1,'NA',NULL),(9,'AQ','ANTARCTICA','Antarctica','ATA',10,1,'AN',NULL),(10,'AG','ANTIGUA AND BARBUDA','Antigua and Barbuda','ATG',28,1,'NA',NULL),(11,'AR','ARGENTINA','Argentina','ARG',32,1,'SA',NULL),(12,'AM','ARMENIA','Armenia','ARM',51,1,'AS',NULL),(13,'AW','ARUBA','Aruba','ABW',533,1,'NA',NULL),(14,'AU','AUSTRALIA','Australia','AUS',36,1,'OC',NULL),(15,'AT','AUSTRIA','Austria','AUT',40,1,'EU',NULL),(16,'AZ','AZERBAIJAN','Azerbaijan','AZE',31,1,'AS',NULL),(17,'BS','BAHAMAS','Bahamas','BHS',44,1,'NA',NULL),(18,'BH','BAHRAIN','Bahrain','BHR',48,1,'AS',NULL),(19,'BD','BANGLADESH','Bangladesh','BGD',50,1,'AS',NULL),(20,'BB','BARBADOS','Barbados','BRB',52,1,'NA',NULL),(21,'BY','BELARUS','Belarus','BLR',112,1,'EU',NULL),(22,'BE','BELGIUM','Belgium','BEL',56,1,'EU',NULL),(23,'BZ','BELIZE','Belize','BLZ',84,1,'NA',NULL),(24,'BJ','BENIN','Benin','BEN',204,1,'AF',NULL),(25,'BM','BERMUDA','Bermuda','BMU',60,1,'NA',NULL),(26,'BT','BHUTAN','Bhutan','BTN',64,1,'AS',NULL),(27,'BO','BOLIVIA','Bolivia','BOL',68,1,'SA',NULL),(28,'BA','BOSNIA AND HERZEGOVINA','Bosnia and Herzegovina','BIH',70,1,'EU',NULL),(29,'BW','BOTSWANA','Botswana','BWA',72,1,'AF',NULL),(30,'BV','BOUVET ISLAND','Bouvet Island','BVT',74,1,'AN',NULL),(31,'BR','BRAZIL','Brazil','BRA',76,1,'SA',NULL),(32,'IO','BRITISH INDIAN OCEAN TERRITORY','British Indian Ocean Territory','IOT',86,1,'AS',NULL),(33,'BN','BRUNEI DARUSSALAM','Brunei Darussalam','BRN',96,1,'AS',NULL),(34,'BG','BULGARIA','Bulgaria','BGR',100,1,'EU',NULL),(35,'BF','BURKINA FASO','Burkina Faso','BFA',854,1,'AF',NULL),(36,'BI','BURUNDI','Burundi','BDI',108,1,'AF',NULL),(37,'KH','CAMBODIA','Cambodia','KHM',116,1,'AS',NULL),(38,'CM','CAMEROON','Cameroon','CMR',120,1,'AF',NULL),(39,'CA','CANADA','Canada','CAN',124,1,'NA',NULL),(40,'CV','CAPE VERDE','Cape Verde','CPV',132,1,'AF',NULL),(41,'KY','CAYMAN ISLANDS','Cayman Islands','CYM',136,1,'NA',NULL),(42,'CF','CENTRAL AFRICAN REPUBLIC','Central African Republic','CAF',140,1,'AF',NULL),(43,'TD','CHAD','Chad','TCD',148,1,'AF',NULL),(44,'CL','CHILE','Chile','CHL',152,1,'SA',NULL),(45,'CN','CHINA','China','CHN',156,1,'AS',NULL),(46,'CX','CHRISTMAS ISLAND','Christmas Island','CXR',162,1,'AS',NULL),(47,'CC','COCOS (KEELING) ISLANDS','Cocos (Keeling) Islands','CCK',166,1,'AS',NULL),(48,'CO','COLOMBIA','Colombia','COL',170,1,'SA',NULL),(49,'KM','COMOROS','Comoros','COM',174,1,'AF',NULL),(50,'CG','CONGO','Congo','COG',178,1,'AF',NULL),(51,'CD','CONGO, THE DEMOCRATIC REPUBLIC OF THE','Democratic Republic of the Congo','COD',180,1,'AF',NULL),(52,'CK','COOK ISLANDS','Cook Islands','COK',184,1,'OC',NULL),(53,'CR','COSTA RICA','Costa Rica','CRI',188,1,'NA',NULL),(54,'CI','COTE D\'IVOIRE','Cte d\'Ivoire','CIV',384,1,'AF',NULL),(55,'HR','CROATIA','Croatia','HRV',191,1,'EU',NULL),(56,'CU','CUBA','Cuba','CUB',192,1,'NA',NULL),(57,'CY','CYPRUS','Cyprus','CYP',196,1,'EU',NULL),(58,'CZ','CZECH REPUBLIC','Czech Republic','CZE',203,1,'EU',NULL),(59,'DK','DENMARK','Denmark','DNK',208,1,'EU',NULL),(60,'DJ','DJIBOUTI','Djibouti','DJI',262,1,'AF',NULL),(61,'DM','DOMINICA','Dominica','DMA',212,1,'NA',NULL),(62,'DO','DOMINICAN REPUBLIC','Dominican Republic','DOM',214,1,'NA',NULL),(63,'EC','ECUADOR','Ecuador','ECU',218,1,'SA',NULL),(64,'EG','EGYPT','Egypt','EGY',818,1,'AF',NULL),(65,'SV','EL SALVADOR','El Salvador','SLV',222,1,'NA',NULL),(66,'GQ','EQUATORIAL GUINEA','Equatorial Guinea','GNQ',226,1,'AF',NULL),(67,'ER','ERITREA','Eritrea','ERI',232,1,'AF',NULL),(68,'EE','ESTONIA','Estonia','EST',233,1,'EU',NULL),(69,'ET','ETHIOPIA','Ethiopia','ETH',231,1,'AF',NULL),(70,'FK','FALKLAND ISLANDS (MALVINAS)','Falkland Islands (Malvinas)','FLK',238,1,'SA',NULL),(71,'FO','FAROE ISLANDS','Faeroe Islands','FRO',234,1,'EU',NULL),(72,'FJ','FIJI','Fiji','FJI',242,1,'OC',NULL),(73,'FI','FINLAND','Finland','FIN',246,1,'EU',NULL),(74,'FR','FRANCE','France','FRA',250,1,'EU',NULL),(75,'GF','FRENCH GUIANA','French Guiana','GUF',254,1,'SA',NULL),(76,'PF','FRENCH POLYNESIA','French Polynesia','PYF',258,1,'OC',NULL),(77,'TF','FRENCH SOUTHERN TERRITORIES','French Southern Territories','ATF',260,1,'AN',NULL),(78,'GA','GABON','Gabon','GAB',266,1,'AF',NULL),(79,'GM','GAMBIA','Gambia','GMB',270,1,'AF',NULL),(80,'GE','GEORGIA','Georgia','GEO',268,1,'AS',NULL),(81,'DE','GERMANY','Germany','DEU',276,1,'EU',NULL),(82,'GH','GHANA','Ghana','GHA',288,1,'AF',NULL),(83,'GI','GIBRALTAR','Gibraltar','GIB',292,1,'EU',NULL),(84,'GR','GREECE','Greece','GRC',300,1,'EU',NULL),(85,'GL','GREENLAND','Greenland','GRL',304,1,'NA',NULL),(86,'GD','GRENADA','Grenada','GRD',308,1,'NA',NULL),(87,'GP','GUADELOUPE','Guadeloupe','GLP',312,1,'NA',NULL),(88,'GU','GUAM','Guam','GUM',316,1,'OC',NULL),(89,'GT','GUATEMALA','Guatemala','GTM',320,1,'NA',NULL),(90,'GG','GUERNSEY','Guernsey','GGY',831,1,'EU',NULL),(91,'GN','GUINEA','Guinea','GIN',324,1,'AF',NULL),(92,'GW','GUINEA-BISSAU','Guinea-Bissau','GNB',624,1,'AF',NULL),(93,'GY','GUYANA','Guyana','GUY',328,1,'SA',NULL),(94,'HT','HAITI','Haiti','HTI',332,1,'NA',NULL),(95,'HM','HEARD ISLAND AND MCDONALD ISLANDS','Heard Island and Mcdonald Islands','HMD',334,1,'AN',NULL),(96,'VA','HOLY SEE (VATICAN CITY STATE)','Holy See','VAT',336,1,'EU',NULL),(97,'HN','HONDURAS','Honduras','HND',340,1,'NA',NULL),(98,'HK','HONG KONG','Hong Kong Special Administrative Region of China','HKG',344,1,'AS',NULL),(99,'HU','HUNGARY','Hungary','HUN',348,1,'EU',NULL),(100,'IS','ICELAND','Iceland','ISL',352,1,'EU',NULL),(101,'IN','INDIA','India','IND',356,1,'AS',NULL),(102,'ID','INDONESIA','Indonesia','IDN',360,1,'AS',NULL),(103,'IR','IRAN, ISLAMIC REPUBLIC OF','Iran, Islamic Republic of','IRN',364,1,'AS',NULL),(104,'IQ','IRAQ','Iraq','IRQ',368,1,'AS',NULL),(105,'IE','IRELAND','Ireland','IRL',372,1,'EU',NULL),(106,'IM','ISLE OF MAN','Isle of Man','IMN',833,1,'EU',NULL),(107,'IL','ISRAEL','Israel','ISR',376,1,'AS',NULL),(108,'IT','ITALY','Italy','ITA',380,1,'EU',NULL),(109,'JM','JAMAICA','Jamaica','JAM',388,1,'NA',NULL),(110,'JP','JAPAN','Japan','JPN',392,1,'AS',NULL),(111,'JE','JERSEY','Jersey','JEY',832,1,'EU',NULL),(112,'JO','JORDAN','Jordan','JOR',400,1,'AS',NULL),(113,'KZ','KAZAKHSTAN','Kazakhstan','KAZ',398,1,'AS',NULL),(114,'KE','KENYA','Kenya','KEN',404,1,'AF',NULL),(115,'KI','KIRIBATI','Kiribati','KIR',296,1,'OC',NULL),(116,'KP','KOREA, DEMOCRATIC PEOPLE\'S REPUBLIC OF','Democratic People\'s Republic of Korea','PRK',408,1,'AS',NULL),(117,'KR','KOREA, REPUBLIC OF','Republic of Korea','KOR',410,1,'AS',NULL),(118,'KW','KUWAIT','Kuwait','KWT',414,1,'AS',NULL),(119,'KG','KYRGYZSTAN','Kyrgyzstan','KGZ',417,1,'AS',NULL),(120,'LA','LAO PEOPLE\'S DEMOCRATIC REPUBLIC','Lao People\'s Democratic Republic','LAO',418,1,'AS',NULL),(121,'LV','LATVIA','Latvia','LVA',428,1,'EU',NULL),(122,'LB','LEBANON','Lebanon','LBN',422,1,'AS',NULL),(123,'LS','LESOTHO','Lesotho','LSO',426,1,'AF',NULL),(124,'LR','LIBERIA','Liberia','LBR',430,1,'AF',NULL),(125,'LY','LIBYAN ARAB JAMAHIRIYA','Libyan Arab Jamahiriya','LBY',434,1,'AF',NULL),(126,'LI','LIECHTENSTEIN','Liechtenstein','LIE',438,1,'EU',NULL),(127,'LT','LITHUANIA','Lithuania','LTU',440,1,'EU',NULL),(128,'LU','LUXEMBOURG','Luxembourg','LUX',442,1,'EU',NULL),(129,'MO','MACAO','Macao Special Administrative Region of China','MAC',446,1,'AS',NULL),(130,'MK','MACEDONIA, THE FORMER YUGOSLAV REPUBLIC OF','The former Yugoslav Republic of Macedonia','MKD',807,1,'EU',NULL),(131,'MG','MADAGASCAR','Madagascar','MDG',450,1,'AF',NULL),(132,'MW','MALAWI','Malawi','MWI',454,1,'AF',NULL),(133,'MY','MALAYSIA','Malaysia','MYS',458,1,'AS',NULL),(134,'MV','MALDIVES','Maldives','MDV',462,1,'AS',NULL),(135,'ML','MALI','Mali','MLI',466,1,'AF',NULL),(136,'MT','MALTA','Malta','MLT',470,1,'EU',NULL),(137,'MH','MARSHALL ISLANDS','Marshall Islands','MHL',584,1,'OC',NULL),(138,'MQ','MARTINIQUE','Martinique','MTQ',474,1,'NA',NULL),(139,'MR','MAURITANIA','Mauritania','MRT',478,1,'AF',NULL),(140,'MU','MAURITIUS','Mauritius','MUS',480,1,'AF',NULL),(141,'YT','MAYOTTE','Mayotte','MYT',175,1,'AF',NULL),(142,'MX','MEXICO','Mexico','MEX',484,1,'NA',NULL),(143,'FM','MICRONESIA, FEDERATED STATES OF','Micronesia, Federated States of','FSM',583,1,'OC',NULL),(144,'MD','MOLDOVA, REPUBLIC OF','Republic of Moldova','MDA',498,1,'EU',NULL),(145,'MC','MONACO','Monaco','MCO',492,1,'EU',NULL),(146,'MN','MONGOLIA','Mongolia','MNG',496,1,'AS',NULL),(147,'ME','MONTENEGRO','Montenegro','MNE',499,1,'EU',NULL),(148,'MS','MONTSERRAT','Montserrat','MSR',500,1,'NA',NULL),(149,'MA','MOROCCO','Morocco','MAR',504,1,'AF',NULL),(150,'MZ','MOZAMBIQUE','Mozambique','MOZ',508,1,'AF',NULL),(151,'MM','MYANMAR','Myanmar','MMR',104,1,'AS',NULL),(152,'NA','NAMIBIA','Namibia','NAM',516,1,'AF',NULL),(153,'NR','NAURU','Nauru','NRU',520,1,'OC',NULL),(154,'NP','NEPAL','Nepal','NPL',524,1,'AS',NULL),(155,'NL','NETHERLANDS','Netherlands','NLD',528,1,'EU',NULL),(156,'AN','NETHERLANDS ANTILLES','Netherlands Antilles','ANT',530,1,'NA',NULL),(157,'NC','NEW CALEDONIA','New Caledonia','NCL',540,1,'OC',NULL),(158,'NZ','NEW ZEALAND','New Zealand','NZL',554,1,'OC',NULL),(159,'NI','NICARAGUA','Nicaragua','NIC',558,1,'NA',NULL),(160,'NE','NIGER','Niger','NER',562,1,'AF',NULL),(161,'NG','NIGERIA','Nigeria','NGA',566,1,'AF',NULL),(162,'NU','NIUE','Niue','NIU',570,1,'OC',NULL),(163,'NF','NORFOLK ISLAND','Norfolk Island','NFK',574,1,'OC',NULL),(164,'MP','NORTHERN MARIANA ISLANDS','Northern Mariana Islands','MNP',580,1,'OC',NULL),(165,'NO','NORWAY','Norway','NOR',578,1,'EU',NULL),(166,'OM','OMAN','Oman','OMN',512,1,'AS',NULL),(167,'PK','PAKISTAN','Pakistan','PAK',586,1,'AS',NULL),(168,'PW','PALAU','Palau','PLW',585,1,'OC',NULL),(169,'PS','PALESTINIAN TERRITORY, OCCUPIED','Occupied Palestinian Territory','PSE',275,1,'AS',NULL),(170,'PA','PANAMA','Panama','PAN',591,1,'NA',NULL),(171,'PG','PAPUA NEW GUINEA','Papua New Guinea','PNG',598,1,'OC',NULL),(172,'PY','PARAGUAY','Paraguay','PRY',600,1,'SA',NULL),(173,'PE','PERU','Peru','PER',604,1,'SA',NULL),(174,'PH','PHILIPPINES','Philippines','PHL',608,1,'AS',NULL),(175,'PN','PITCAIRN','Pitcairn','PCN',612,1,'OC',NULL),(176,'PL','POLAND','Poland','POL',616,1,'EU',NULL),(177,'PT','PORTUGAL','Portugal','PRT',620,1,'EU',NULL),(178,'PR','PUERTO RICO','Puerto Rico','PRI',630,1,'NA',NULL),(179,'QA','QATAR','Qatar','QAT',634,1,'AS',NULL),(180,'RE','REUNION','Runion','REU',638,1,'AF',NULL),(181,'RO','ROMANIA','Romania','ROU',642,1,'EU',NULL),(182,'RU','RUSSIAN FEDERATION','Russian Federation','RUS',643,1,'EU',NULL),(183,'RW','RWANDA','Rwanda','RWA',646,1,'AF',NULL),(184,'SH','SAINT HELENA','Saint Helena','SHN',654,1,'AF',NULL),(185,'KN','SAINT KITTS AND NEVIS','Saint Kitts and Nevis','KNA',659,1,'NA',NULL),(186,'LC','SAINT LUCIA','Saint Lucia','LCA',662,1,'NA',NULL),(187,'PM','SAINT PIERRE AND MIQUELON','Saint Pierre and Miquelon','SPM',666,1,'NA',NULL),(188,'VC','SAINT VINCENT AND THE GRENADINES','Saint Vincent and the Grenadines','VCT',670,1,'NA',NULL),(189,'WS','SAMOA','Samoa','WSM',882,1,'OC',NULL),(190,'SM','SAN MARINO','San Marino','SMR',674,1,'EU',NULL),(191,'ST','SAO TOME AND PRINCIPE','Sao Tome and Principe','STP',678,1,'AF',NULL),(192,'SA','SAUDI ARABIA','Saudi Arabia','SAU',682,1,'AS',NULL),(193,'SN','SENEGAL','Senegal','SEN',686,1,'AF',NULL),(194,'RS','SERBIA','Serbia','SRB',688,1,'EU',NULL),(195,'SC','SEYCHELLES','Seychelles','SYC',690,1,'AF',NULL),(196,'SL','SIERRA LEONE','Sierra Leone','SLE',694,1,'AF',NULL),(197,'SG','SINGAPORE','Singapore','SGP',702,1,'AS',NULL),(198,'SK','SLOVAKIA','Slovakia','SVK',703,1,'EU',NULL),(199,'SI','SLOVENIA','Slovenia','SVN',705,1,'EU',NULL),(200,'SB','SOLOMON ISLANDS','Solomon Islands','SLB',90,1,'OC',NULL),(201,'SO','SOMALIA','Somalia','SOM',706,1,'AF',NULL),(202,'ZA','SOUTH AFRICA','South Africa','ZAF',710,1,'AF',NULL),(203,'GS','SOUTH GEORGIA AND THE SOUTH SANDWICH ISLANDS','South Georgia and the South Sandwich Islands','SGS',239,1,'AN',NULL),(204,'ES','SPAIN','Spain','ESP',724,1,'EU',NULL),(205,'LK','SRI LANKA','Sri Lanka','LKA',144,1,'AS',NULL),(206,'SD','SUDAN','Sudan','SDN',736,1,'AF',NULL),(207,'SR','SURINAME','Suriname','SUR',740,1,'SA',NULL),(208,'SJ','SVALBARD AND JAN MAYEN','Svalbard and Jan Mayen Islands','SJM',744,1,'EU',NULL),(209,'SZ','SWAZILAND','Swaziland','SWZ',748,1,'AF',NULL),(210,'SE','SWEDEN','Sweden','SWE',752,1,'EU',NULL),(211,'CH','SWITZERLAND','Switzerland','CHE',756,1,'EU',NULL),(212,'SY','SYRIAN ARAB REPUBLIC','Syrian Arab Republic','SYR',760,1,'AS',NULL),(213,'TW','TAIWAN, PROVINCE OF CHINA','Taiwan, Province of China','TWN',158,1,'AS',NULL),(214,'TJ','TAJIKISTAN','Tajikistan','TJK',762,1,'AS',NULL),(215,'TZ','TANZANIA, UNITED REPUBLIC OF','United Republic of Tanzania','TZA',834,1,'AF',NULL),(216,'TH','THAILAND','Thailand','THA',764,1,'AS',NULL),(217,'TL','TIMOR-LESTE','Timor-Leste','TLS',626,1,'OC',NULL),(218,'TG','TOGO','Togo','TGO',768,1,'AF',NULL),(219,'TK','TOKELAU','Tokelau','TKL',772,1,'OC',NULL),(220,'TO','TONGA','Tonga','TON',776,1,'OC',NULL),(221,'TT','TRINIDAD AND TOBAGO','Trinidad and Tobago','TTO',780,1,'NA',NULL),(222,'TN','TUNISIA','Tunisia','TUN',788,1,'AF',NULL),(223,'TR','TURKEY','Turkey','TUR',792,1,'AS',NULL),(224,'TM','TURKMENISTAN','Turkmenistan','TKM',795,1,'AS',NULL),(225,'TC','TURKS AND CAICOS ISLANDS','Turks and Caicos Islands','TCA',796,1,'NA',NULL),(226,'TV','TUVALU','Tuvalu','TUV',798,1,'OC',NULL),(227,'UG','UGANDA','Uganda','UGA',800,1,'AF',NULL),(228,'UA','UKRAINE','Ukraine','UKR',804,1,'EU',NULL),(229,'AE','UNITED ARAB EMIRATES','United Arab Emirates','ARE',784,1,'AS',NULL),(230,'GB','UNITED KINGDOM','United Kingdom of Great Britain and Northern Ireland','GBR',826,1,'EU',NULL),(231,'US','UNITED STATES','United States of America','USA',840,1,'NA','st'),(232,'UM','UNITED STATES MINOR OUTLYING ISLANDS','United States Minor Outlying Islands','UMI',581,1,'OC',NULL),(233,'UY','URUGUAY','Uruguay','URY',858,1,'SA',NULL),(234,'UZ','UZBEKISTAN','Uzbekistan','UZB',860,1,'AS',NULL),(235,'VU','VANUATU','Vanuatu','VUT',548,1,'OC',NULL),(236,'VE','VENEZUELA','Venezuela (Bolivarian Republic of)','VEN',862,1,'SA',NULL),(237,'VN','VIET NAM','Viet Nam','VNM',704,1,'AS',NULL),(238,'VG','VIRGIN ISLANDS, BRITISH','British Virgin Islands','VGB',92,1,'NA',NULL),(239,'VI','VIRGIN ISLANDS, U.S.','United States Virgin Islands','VIR',850,1,'NA',NULL),(240,'WF','WALLIS AND FUTUNA','Wallis and Futuna Islands','WLF',876,1,'OC',NULL),(241,'EH','WESTERN SAHARA','Western Sahara','ESH',732,1,'AF',NULL),(242,'YE','YEMEN','Yemen','YEM',887,1,'AS',NULL),(243,'ZM','ZAMBIA','Zambia','ZMB',894,1,'AF',NULL),(244,'ZW','ZIMBABWE','Zimbabwe','ZWE',716,1,'AF',NULL);
/*!40000 ALTER TABLE `l10n_country` ENABLE KEYS */;
UNLOCK TABLES;

--
-- Table structure for table `payment_creditcarddetail`
--

DROP TABLE IF EXISTS `payment_creditcarddetail`;
SET @saved_cs_client     = @@character_set_client;
SET character_set_client = utf8;
CREATE TABLE `payment_creditcarddetail` (
  `id` int(11) NOT NULL auto_increment,
  `orderpayment_id` int(11) NOT NULL,
  `credit_type` varchar(16) NOT NULL,
  `display_cc` varchar(4) NOT NULL,
  `encrypted_cc` varchar(40) default NULL,
  `expire_month` int(11) NOT NULL,
  `expire_year` int(11) NOT NULL,
  `card_holder` varchar(60) NOT NULL,
  `start_month` int(11) default NULL,
  `start_year` int(11) default NULL,
  `issue_num` varchar(2) default NULL,
  PRIMARY KEY  (`id`),
  UNIQUE KEY `orderpayment_id` (`orderpayment_id`)
) ENGINE=MyISAM DEFAULT CHARSET=utf8;
SET character_set_client = @saved_cs_client;

--
-- Dumping data for table `payment_creditcarddetail`
--

LOCK TABLES `payment_creditcarddetail` WRITE;
/*!40000 ALTER TABLE `payment_creditcarddetail` DISABLE KEYS */;
/*!40000 ALTER TABLE `payment_creditcarddetail` ENABLE KEYS */;
UNLOCK TABLES;

--
-- Table structure for table `payment_paymentoption`
--

DROP TABLE IF EXISTS `payment_paymentoption`;
SET @saved_cs_client     = @@character_set_client;
SET character_set_client = utf8;
CREATE TABLE `payment_paymentoption` (
  `id` int(11) NOT NULL auto_increment,
  `description` varchar(20) NOT NULL,
  `active` tinyint(1) NOT NULL,
  `optionName` varchar(20) NOT NULL,
  `sortOrder` int(11) NOT NULL,
  PRIMARY KEY  (`id`),
  UNIQUE KEY `optionName` (`optionName`)
) ENGINE=MyISAM DEFAULT CHARSET=utf8;
SET character_set_client = @saved_cs_client;

--
-- Dumping data for table `payment_paymentoption`
--

LOCK TABLES `payment_paymentoption` WRITE;
/*!40000 ALTER TABLE `payment_paymentoption` DISABLE KEYS */;
/*!40000 ALTER TABLE `payment_paymentoption` ENABLE KEYS */;
UNLOCK TABLES;

--
-- Table structure for table `product_category`
--

DROP TABLE IF EXISTS `product_category`;
SET @saved_cs_client     = @@character_set_client;
SET character_set_client = utf8;
CREATE TABLE `product_category` (
  `id` int(11) NOT NULL auto_increment,
  `site_id` int(11) NOT NULL,
  `name` varchar(200) NOT NULL,
  `slug` varchar(50) NOT NULL,
  `parent_id` int(11) default NULL,
  `meta` longtext,
  `description` longtext NOT NULL,
  `ordering` int(11) NOT NULL,
  PRIMARY KEY  (`id`),
  KEY `product_category_site_id` (`site_id`),
  KEY `product_category_slug` (`slug`),
  KEY `product_category_parent_id` (`parent_id`)
) ENGINE=MyISAM AUTO_INCREMENT=23 DEFAULT CHARSET=utf8;
SET character_set_client = @saved_cs_client;

--
-- Dumping data for table `product_category`
--

LOCK TABLES `product_category` WRITE;
/*!40000 ALTER TABLE `product_category` DISABLE KEYS */;
INSERT INTO `product_category` VALUES (8,1,'Bridal Collection','bridal-collection',NULL,NULL,'',0),(9,1,'Bustiers/Corsets','bustiers-corsets',NULL,NULL,'',0),(10,1,'Babydolls','babydolls',NULL,NULL,'',0),(11,1,'Match Sets','match-sets',NULL,NULL,'',0),(12,1,'Robes','robes',NULL,NULL,'',0),(13,1,'Valentine\'s Day Collection','valentines-day-collection',NULL,NULL,'',0),(14,1,'Chainmail/Rhinestone','chainmail-rhinestone',NULL,NULL,'',0),(15,1,'Costumes','costumes',NULL,NULL,'',0),(16,1,'Panties/Thongs','panties-thongs',NULL,NULL,'',0),(17,1,'Chemises/Mini Dresses','chemises-mini-dresses',NULL,NULL,'',0),(18,1,'Gowns','gowns',NULL,NULL,'',0),(19,1,'Plus Sizes','plus-sizes',NULL,NULL,'',0),(20,1,'Garter Belts','garter-belts',NULL,NULL,'',0),(21,1,'Camisoles','camisoles',NULL,NULL,'',0),(22,1,'Teddies','teddies',NULL,NULL,'',0);
/*!40000 ALTER TABLE `product_category` ENABLE KEYS */;
UNLOCK TABLES;

--
-- Table structure for table `product_category_related_categories`
--

DROP TABLE IF EXISTS `product_category_related_categories`;
SET @saved_cs_client     = @@character_set_client;
SET character_set_client = utf8;
CREATE TABLE `product_category_related_categories` (
  `id` int(11) NOT NULL auto_increment,
  `from_category_id` int(11) NOT NULL,
  `to_category_id` int(11) NOT NULL,
  PRIMARY KEY  (`id`),
  UNIQUE KEY `from_category_id` (`from_category_id`,`to_category_id`),
  KEY `to_category_id_refs_id_5b6546b1` (`to_category_id`)
) ENGINE=MyISAM DEFAULT CHARSET=utf8;
SET character_set_client = @saved_cs_client;

--
-- Dumping data for table `product_category_related_categories`
--

LOCK TABLES `product_category_related_categories` WRITE;
/*!40000 ALTER TABLE `product_category_related_categories` DISABLE KEYS */;
/*!40000 ALTER TABLE `product_category_related_categories` ENABLE KEYS */;
UNLOCK TABLES;

--
-- Table structure for table `product_categoryimage`
--

DROP TABLE IF EXISTS `product_categoryimage`;
SET @saved_cs_client     = @@character_set_client;
SET character_set_client = utf8;
CREATE TABLE `product_categoryimage` (
  `id` int(11) NOT NULL auto_increment,
  `category_id` int(11) default NULL,
  `picture` varchar(200) NOT NULL,
  `caption` varchar(100) default NULL,
  `sort` int(11) NOT NULL,
  PRIMARY KEY  (`id`),
  UNIQUE KEY `category_id` (`category_id`,`sort`),
  KEY `product_categoryimage_category_id` (`category_id`)
) ENGINE=MyISAM DEFAULT CHARSET=utf8;
SET character_set_client = @saved_cs_client;

--
-- Dumping data for table `product_categoryimage`
--

LOCK TABLES `product_categoryimage` WRITE;
/*!40000 ALTER TABLE `product_categoryimage` DISABLE KEYS */;
/*!40000 ALTER TABLE `product_categoryimage` ENABLE KEYS */;
UNLOCK TABLES;

--
-- Table structure for table `product_categoryimagetranslation`
--

DROP TABLE IF EXISTS `product_categoryimagetranslation`;
SET @saved_cs_client     = @@character_set_client;
SET character_set_client = utf8;
CREATE TABLE `product_categoryimagetranslation` (
  `id` int(11) NOT NULL auto_increment,
  `categoryimage_id` int(11) NOT NULL,
  `languagecode` varchar(10) NOT NULL,
  `caption` varchar(255) NOT NULL,
  `version` int(11) NOT NULL,
  `active` tinyint(1) NOT NULL,
  PRIMARY KEY  (`id`),
  UNIQUE KEY `categoryimage_id` (`categoryimage_id`,`languagecode`,`version`),
  KEY `product_categoryimagetranslation_categoryimage_id` (`categoryimage_id`)
) ENGINE=MyISAM DEFAULT CHARSET=utf8;
SET character_set_client = @saved_cs_client;

--
-- Dumping data for table `product_categoryimagetranslation`
--

LOCK TABLES `product_categoryimagetranslation` WRITE;
/*!40000 ALTER TABLE `product_categoryimagetranslation` DISABLE KEYS */;
/*!40000 ALTER TABLE `product_categoryimagetranslation` ENABLE KEYS */;
UNLOCK TABLES;

--
-- Table structure for table `product_categorytranslation`
--

DROP TABLE IF EXISTS `product_categorytranslation`;
SET @saved_cs_client     = @@character_set_client;
SET character_set_client = utf8;
CREATE TABLE `product_categorytranslation` (
  `id` int(11) NOT NULL auto_increment,
  `category_id` int(11) NOT NULL,
  `languagecode` varchar(10) NOT NULL,
  `name` varchar(255) NOT NULL,
  `description` longtext NOT NULL,
  `version` int(11) NOT NULL,
  `active` tinyint(1) NOT NULL,
  PRIMARY KEY  (`id`),
  UNIQUE KEY `category_id` (`category_id`,`languagecode`,`version`),
  KEY `product_categorytranslation_category_id` (`category_id`)
) ENGINE=MyISAM DEFAULT CHARSET=utf8;
SET character_set_client = @saved_cs_client;

--
-- Dumping data for table `product_categorytranslation`
--

LOCK TABLES `product_categorytranslation` WRITE;
/*!40000 ALTER TABLE `product_categorytranslation` DISABLE KEYS */;
/*!40000 ALTER TABLE `product_categorytranslation` ENABLE KEYS */;
UNLOCK TABLES;

--
-- Table structure for table `product_configurableproduct`
--

DROP TABLE IF EXISTS `product_configurableproduct`;
SET @saved_cs_client     = @@character_set_client;
SET character_set_client = utf8;
CREATE TABLE `product_configurableproduct` (
  `product_id` int(11) NOT NULL,
  `create_subs` tinyint(1) NOT NULL,
  PRIMARY KEY  (`product_id`)
) ENGINE=MyISAM DEFAULT CHARSET=utf8;
SET character_set_client = @saved_cs_client;

--
-- Dumping data for table `product_configurableproduct`
--

LOCK TABLES `product_configurableproduct` WRITE;
/*!40000 ALTER TABLE `product_configurableproduct` DISABLE KEYS */;
INSERT INTO `product_configurableproduct` VALUES (1,0),(3,0),(4,0);
/*!40000 ALTER TABLE `product_configurableproduct` ENABLE KEYS */;
UNLOCK TABLES;

--
-- Table structure for table `product_configurableproduct_option_group`
--

DROP TABLE IF EXISTS `product_configurableproduct_option_group`;
SET @saved_cs_client     = @@character_set_client;
SET character_set_client = utf8;
CREATE TABLE `product_configurableproduct_option_group` (
  `id` int(11) NOT NULL auto_increment,
  `configurableproduct_id` int(11) NOT NULL,
  `optiongroup_id` int(11) NOT NULL,
  PRIMARY KEY  (`id`),
  UNIQUE KEY `configurableproduct_id` (`configurableproduct_id`,`optiongroup_id`),
  KEY `optiongroup_id_refs_id_695af5ba` (`optiongroup_id`)
) ENGINE=MyISAM AUTO_INCREMENT=5 DEFAULT CHARSET=utf8;
SET character_set_client = @saved_cs_client;

--
-- Dumping data for table `product_configurableproduct_option_group`
--

LOCK TABLES `product_configurableproduct_option_group` WRITE;
/*!40000 ALTER TABLE `product_configurableproduct_option_group` DISABLE KEYS */;
INSERT INTO `product_configurableproduct_option_group` VALUES (1,1,1),(2,1,2),(3,3,3),(4,4,3);
/*!40000 ALTER TABLE `product_configurableproduct_option_group` ENABLE KEYS */;
UNLOCK TABLES;

--
-- Table structure for table `product_customproduct`
--

DROP TABLE IF EXISTS `product_customproduct`;
SET @saved_cs_client     = @@character_set_client;
SET character_set_client = utf8;
CREATE TABLE `product_customproduct` (
  `product_id` int(11) NOT NULL,
  `downpayment` int(11) NOT NULL,
  `deferred_shipping` tinyint(1) NOT NULL,
  PRIMARY KEY  (`product_id`)
) ENGINE=MyISAM DEFAULT CHARSET=utf8;
SET character_set_client = @saved_cs_client;

--
-- Dumping data for table `product_customproduct`
--

LOCK TABLES `product_customproduct` WRITE;
/*!40000 ALTER TABLE `product_customproduct` DISABLE KEYS */;
/*!40000 ALTER TABLE `product_customproduct` ENABLE KEYS */;
UNLOCK TABLES;

--
-- Table structure for table `product_customproduct_option_group`
--

DROP TABLE IF EXISTS `product_customproduct_option_group`;
SET @saved_cs_client     = @@character_set_client;
SET character_set_client = utf8;
CREATE TABLE `product_customproduct_option_group` (
  `id` int(11) NOT NULL auto_increment,
  `customproduct_id` int(11) NOT NULL,
  `optiongroup_id` int(11) NOT NULL,
  PRIMARY KEY  (`id`),
  UNIQUE KEY `customproduct_id` (`customproduct_id`,`optiongroup_id`),
  KEY `optiongroup_id_refs_id_477b46a2` (`optiongroup_id`)
) ENGINE=MyISAM DEFAULT CHARSET=utf8;
SET character_set_client = @saved_cs_client;

--
-- Dumping data for table `product_customproduct_option_group`
--

LOCK TABLES `product_customproduct_option_group` WRITE;
/*!40000 ALTER TABLE `product_customproduct_option_group` DISABLE KEYS */;
/*!40000 ALTER TABLE `product_customproduct_option_group` ENABLE KEYS */;
UNLOCK TABLES;

--
-- Table structure for table `product_customtextfield`
--

DROP TABLE IF EXISTS `product_customtextfield`;
SET @saved_cs_client     = @@character_set_client;
SET character_set_client = utf8;
CREATE TABLE `product_customtextfield` (
  `id` int(11) NOT NULL auto_increment,
  `name` varchar(40) NOT NULL,
  `slug` varchar(50) NOT NULL,
  `products_id` int(11) NOT NULL,
  `sort_order` int(11) NOT NULL,
  `price_change` decimal(14,6) default NULL,
  PRIMARY KEY  (`id`),
  KEY `product_customtextfield_slug` (`slug`),
  KEY `product_customtextfield_products_id` (`products_id`)
) ENGINE=MyISAM DEFAULT CHARSET=utf8;
SET character_set_client = @saved_cs_client;

--
-- Dumping data for table `product_customtextfield`
--

LOCK TABLES `product_customtextfield` WRITE;
/*!40000 ALTER TABLE `product_customtextfield` DISABLE KEYS */;
/*!40000 ALTER TABLE `product_customtextfield` ENABLE KEYS */;
UNLOCK TABLES;

--
-- Table structure for table `product_customtextfieldtranslation`
--

DROP TABLE IF EXISTS `product_customtextfieldtranslation`;
SET @saved_cs_client     = @@character_set_client;
SET character_set_client = utf8;
CREATE TABLE `product_customtextfieldtranslation` (
  `id` int(11) NOT NULL auto_increment,
  `customtextfield_id` int(11) NOT NULL,
  `languagecode` varchar(10) NOT NULL,
  `name` varchar(255) NOT NULL,
  `version` int(11) NOT NULL,
  `active` tinyint(1) NOT NULL,
  PRIMARY KEY  (`id`),
  UNIQUE KEY `customtextfield_id` (`customtextfield_id`,`languagecode`,`version`),
  KEY `product_customtextfieldtranslation_customtextfield_id` (`customtextfield_id`)
) ENGINE=MyISAM DEFAULT CHARSET=utf8;
SET character_set_client = @saved_cs_client;

--
-- Dumping data for table `product_customtextfieldtranslation`
--

LOCK TABLES `product_customtextfieldtranslation` WRITE;
/*!40000 ALTER TABLE `product_customtextfieldtranslation` DISABLE KEYS */;
/*!40000 ALTER TABLE `product_customtextfieldtranslation` ENABLE KEYS */;
UNLOCK TABLES;

--
-- Table structure for table `product_downloadableproduct`
--

DROP TABLE IF EXISTS `product_downloadableproduct`;
SET @saved_cs_client     = @@character_set_client;
SET character_set_client = utf8;
CREATE TABLE `product_downloadableproduct` (
  `product_id` int(11) NOT NULL,
  `file` varchar(100) NOT NULL,
  `num_allowed_downloads` int(11) NOT NULL,
  `expire_minutes` int(11) NOT NULL,
  `active` tinyint(1) NOT NULL,
  PRIMARY KEY  (`product_id`)
) ENGINE=MyISAM DEFAULT CHARSET=utf8;
SET character_set_client = @saved_cs_client;

--
-- Dumping data for table `product_downloadableproduct`
--

LOCK TABLES `product_downloadableproduct` WRITE;
/*!40000 ALTER TABLE `product_downloadableproduct` DISABLE KEYS */;
/*!40000 ALTER TABLE `product_downloadableproduct` ENABLE KEYS */;
UNLOCK TABLES;

--
-- Table structure for table `product_option`
--

DROP TABLE IF EXISTS `product_option`;
SET @saved_cs_client     = @@character_set_client;
SET character_set_client = utf8;
CREATE TABLE `product_option` (
  `id` int(11) NOT NULL auto_increment,
  `option_group_id` int(11) NOT NULL,
  `name` varchar(50) NOT NULL,
  `value` varchar(50) NOT NULL,
  `price_change` decimal(14,6) default NULL,
  `sort_order` int(11) NOT NULL,
  PRIMARY KEY  (`id`),
  UNIQUE KEY `option_group_id` (`option_group_id`,`value`),
  KEY `product_option_option_group_id` (`option_group_id`)
) ENGINE=MyISAM AUTO_INCREMENT=12 DEFAULT CHARSET=utf8;
SET character_set_client = @saved_cs_client;

--
-- Dumping data for table `product_option`
--

LOCK TABLES `product_option` WRITE;
/*!40000 ALTER TABLE `product_option` DISABLE KEYS */;
INSERT INTO `product_option` VALUES (1,1,'Small','S',NULL,1),(2,1,'Medium','M',NULL,2),(3,1,'Large','L','1.000000',3),(4,2,'Black','B',NULL,1),(5,2,'White','W',NULL,2),(6,2,'Blue','BL','2.000000',3),(7,3,'Hard cover','hard',NULL,1),(8,3,'Soft cover','soft','1.000000',2),(9,3,'On tape','tape',NULL,3),(10,4,'Full Version','full',NULL,1),(11,4,'Upgrade Version','upgrade',NULL,2);
/*!40000 ALTER TABLE `product_option` ENABLE KEYS */;
UNLOCK TABLES;

--
-- Table structure for table `product_optiongroup`
--

DROP TABLE IF EXISTS `product_optiongroup`;
SET @saved_cs_client     = @@character_set_client;
SET character_set_client = utf8;
CREATE TABLE `product_optiongroup` (
  `id` int(11) NOT NULL auto_increment,
  `site_id` int(11) NOT NULL,
  `name` varchar(50) NOT NULL,
  `description` varchar(100) NOT NULL,
  `sort_order` int(11) NOT NULL,
  PRIMARY KEY  (`id`),
  KEY `product_optiongroup_site_id` (`site_id`)
) ENGINE=MyISAM AUTO_INCREMENT=5 DEFAULT CHARSET=utf8;
SET character_set_client = @saved_cs_client;

--
-- Dumping data for table `product_optiongroup`
--

LOCK TABLES `product_optiongroup` WRITE;
/*!40000 ALTER TABLE `product_optiongroup` DISABLE KEYS */;
INSERT INTO `product_optiongroup` VALUES (1,1,'sizes','',1),(2,1,'colors','',2),(3,1,'Book type','',1),(4,1,'Full/Upgrade','',5);
/*!40000 ALTER TABLE `product_optiongroup` ENABLE KEYS */;
UNLOCK TABLES;

--
-- Table structure for table `product_optiongrouptranslation`
--

DROP TABLE IF EXISTS `product_optiongrouptranslation`;
SET @saved_cs_client     = @@character_set_client;
SET character_set_client = utf8;
CREATE TABLE `product_optiongrouptranslation` (
  `id` int(11) NOT NULL auto_increment,
  `optiongroup_id` int(11) NOT NULL,
  `languagecode` varchar(10) NOT NULL,
  `name` varchar(255) NOT NULL,
  `description` longtext NOT NULL,
  `version` int(11) NOT NULL,
  `active` tinyint(1) NOT NULL,
  PRIMARY KEY  (`id`),
  UNIQUE KEY `optiongroup_id` (`optiongroup_id`,`languagecode`,`version`),
  KEY `product_optiongrouptranslation_optiongroup_id` (`optiongroup_id`)
) ENGINE=MyISAM DEFAULT CHARSET=utf8;
SET character_set_client = @saved_cs_client;

--
-- Dumping data for table `product_optiongrouptranslation`
--

LOCK TABLES `product_optiongrouptranslation` WRITE;
/*!40000 ALTER TABLE `product_optiongrouptranslation` DISABLE KEYS */;
/*!40000 ALTER TABLE `product_optiongrouptranslation` ENABLE KEYS */;
UNLOCK TABLES;

--
-- Table structure for table `product_optiontranslation`
--

DROP TABLE IF EXISTS `product_optiontranslation`;
SET @saved_cs_client     = @@character_set_client;
SET character_set_client = utf8;
CREATE TABLE `product_optiontranslation` (
  `id` int(11) NOT NULL auto_increment,
  `option_id` int(11) NOT NULL,
  `languagecode` varchar(10) NOT NULL,
  `name` varchar(255) NOT NULL,
  `version` int(11) NOT NULL,
  `active` tinyint(1) NOT NULL,
  PRIMARY KEY  (`id`),
  UNIQUE KEY `option_id` (`option_id`,`languagecode`,`version`),
  KEY `product_optiontranslation_option_id` (`option_id`)
) ENGINE=MyISAM DEFAULT CHARSET=utf8;
SET character_set_client = @saved_cs_client;

--
-- Dumping data for table `product_optiontranslation`
--

LOCK TABLES `product_optiontranslation` WRITE;
/*!40000 ALTER TABLE `product_optiontranslation` DISABLE KEYS */;
/*!40000 ALTER TABLE `product_optiontranslation` ENABLE KEYS */;
UNLOCK TABLES;

--
-- Table structure for table `product_price`
--

DROP TABLE IF EXISTS `product_price`;
SET @saved_cs_client     = @@character_set_client;
SET character_set_client = utf8;
CREATE TABLE `product_price` (
  `id` int(11) NOT NULL auto_increment,
  `product_id` int(11) NOT NULL,
  `price` decimal(14,6) NOT NULL,
  `quantity` int(11) NOT NULL,
  `expires` date default NULL,
  PRIMARY KEY  (`id`),
  UNIQUE KEY `product_id` (`product_id`,`quantity`,`expires`),
  KEY `product_price_product_id` (`product_id`)
) ENGINE=MyISAM AUTO_INCREMENT=5 DEFAULT CHARSET=utf8;
SET character_set_client = @saved_cs_client;

--
-- Dumping data for table `product_price`
--

LOCK TABLES `product_price` WRITE;
/*!40000 ALTER TABLE `product_price` DISABLE KEYS */;
INSERT INTO `product_price` VALUES (1,1,'20.000000',1,NULL),(2,2,'19.500000',1,NULL),(3,3,'5.000000',1,NULL),(4,4,'7.990000',1,NULL);
/*!40000 ALTER TABLE `product_price` ENABLE KEYS */;
UNLOCK TABLES;

--
-- Table structure for table `product_product`
--

DROP TABLE IF EXISTS `product_product`;
SET @saved_cs_client     = @@character_set_client;
SET character_set_client = utf8;
CREATE TABLE `product_product` (
  `id` int(11) NOT NULL auto_increment,
  `site_id` int(11) NOT NULL,
  `name` varchar(255) NOT NULL,
  `slug` varchar(80) NOT NULL,
  `sku` varchar(255) default NULL,
  `short_description` longtext NOT NULL,
  `description` longtext NOT NULL,
  `items_in_stock` int(11) NOT NULL,
  `meta` longtext,
  `date_added` date default NULL,
  `active` tinyint(1) NOT NULL,
  `featured` tinyint(1) NOT NULL,
  `ordering` int(11) NOT NULL,
  `weight` decimal(8,2) default NULL,
  `weight_units` varchar(3) default NULL,
  `length` decimal(6,2) default NULL,
  `length_units` varchar(3) default NULL,
  `width` decimal(6,2) default NULL,
  `width_units` varchar(3) default NULL,
  `height` decimal(6,2) default NULL,
  `height_units` varchar(3) default NULL,
  `total_sold` int(11) NOT NULL,
  `taxable` tinyint(1) NOT NULL,
  `taxClass_id` int(11) default NULL,
  `shipclass` varchar(10) NOT NULL,
  PRIMARY KEY  (`id`),
  UNIQUE KEY `site_id_2` (`site_id`,`slug`),
  UNIQUE KEY `site_id` (`site_id`,`sku`),
  KEY `product_product_site_id` (`site_id`),
  KEY `product_product_slug` (`slug`),
  KEY `product_product_taxClass_id` (`taxClass_id`)
) ENGINE=MyISAM AUTO_INCREMENT=648 DEFAULT CHARSET=utf8;
SET character_set_client = @saved_cs_client;

--
-- Dumping data for table `product_product`
--

LOCK TABLES `product_product` WRITE;
/*!40000 ALTER TABLE `product_product` DISABLE KEYS */;
INSERT INTO `product_product` VALUES (24,1,'Marabou feathers babydoll.  Adjustable straps and comes with g-string','80085','80085','Black -:- One Size->Black -:- XL','Marabou feathers babydoll.  Adjustable straps and comes with g-string',0,'Marabou feathers babydoll.  Adjustable straps and comes with g-string','2009-07-11',1,0,0,NULL,NULL,NULL,NULL,NULL,NULL,NULL,NULL,0,1,NULL,'DEFAULT'),(22,1,'Beautiful soft cup babydoll edged with lace trim.  Thong included','80067','80067','Light Pink -:- XL->Light Pink -:- 1X/2X','Beautiful soft cup babydoll edged with lace trim.  Thong included',0,'Beautiful soft cup babydoll edged with lace trim.  Thong included','2009-07-11',1,0,0,NULL,NULL,NULL,NULL,NULL,NULL,NULL,NULL,0,1,NULL,'DEFAULT'),(23,1,'Sheer net and lace babydoll with shirred lace and netting on cups&comma; lace ruffle hem&comma; adjustable straps and comes with g-string','80083','80083','Red/Black -:- XL','Sheer net and lace babydoll with shirred lace and netting on cups&comma; lace ruffle hem&comma; adjustable straps and comes with g-string',0,'Sheer net and lace babydoll with shirred lace and netting on cups&comma; lace ruffle hem&comma; adjustable straps and comes with g-string','2009-07-11',1,0,0,NULL,NULL,NULL,NULL,NULL,NULL,NULL,NULL,0,1,NULL,'DEFAULT'),(25,1,'2 piece lace babydoll with satin bow and matching tanga','80070','80070','Red -:- One Size->Red -:- XL','2 piece lace babydoll with satin bow and matching tanga',0,'2 piece lace babydoll with satin bow and matching tanga','2009-07-11',1,0,0,NULL,NULL,NULL,NULL,NULL,NULL,NULL,NULL,0,1,NULL,'DEFAULT'),(26,1,'Sheer underwire ruffled babydoll and matching thong','80038','80038','Black -:- S->Black -:- L','Sheer underwire ruffled babydoll and matching thong',0,'Sheer underwire ruffled babydoll and matching thong','2009-07-11',1,0,0,NULL,NULL,NULL,NULL,NULL,NULL,NULL,NULL,0,1,NULL,'DEFAULT'),(27,1,'Stretch lace and chiffon babydoll with matching thong','80042','80042','Black -:- S->Black -:- M->Black -:- L->Black -:- X','Stretch lace and chiffon babydoll with matching thong',0,'Stretch lace and chiffon babydoll with matching thong','2009-07-11',1,0,0,NULL,NULL,NULL,NULL,NULL,NULL,NULL,NULL,0,1,NULL,'DEFAULT'),(28,1,'Floral embroidery underwire babydoll with cup strap detail includes matching thong','80043','80043','Black -:- S->Black -:- M->Black -:- L->Black -:- X','Floral embroidery underwire babydoll with cup strap detail includes matching thong',0,'Floral embroidery underwire babydoll with cup strap detail includes matching thong','2009-07-11',1,0,0,NULL,NULL,NULL,NULL,NULL,NULL,NULL,NULL,0,1,NULL,'DEFAULT'),(29,1,'Cross dye stretch lace underwire babydoll with side slits. Includes matching thong panty','80040','80040','Mint -:- S->Mint -:- M->Mint -:- L->Mint -:- XL->L','Cross dye stretch lace underwire babydoll with side slits. Includes matching thong panty',0,'Cross dye stretch lace underwire babydoll with side slits. Includes matching thong panty','2009-07-11',1,0,0,NULL,NULL,NULL,NULL,NULL,NULL,NULL,NULL,0,1,NULL,'DEFAULT'),(30,1,'Sheer babydoll trimmed with ruffles and bows.  Panty included','80069','80069','Pink -:- S->Pink -:- M->Pink -:- L','Sheer babydoll trimmed with ruffles and bows.  Panty included',0,'Sheer babydoll trimmed with ruffles and bows.  Panty included','2009-07-11',1,0,0,NULL,NULL,NULL,NULL,NULL,NULL,NULL,NULL,0,1,NULL,'DEFAULT'),(31,1,'Soft nylon embroidered netting babydoll has satin lined underwire cups.  Include thong','80046','80046','Pink -:- S->Pink -:- M->Pink -:- L->Pink -:- XL','Soft nylon embroidered netting babydoll has satin lined underwire cups.  Include thong',0,'Soft nylon embroidered netting babydoll has satin lined underwire cups.  Include thong','2009-07-11',1,0,0,NULL,NULL,NULL,NULL,NULL,NULL,NULL,NULL,0,1,NULL,'DEFAULT'),(32,1,'Knit chiffon babydoll with tattoo lace cups. Includes matching thong','80077','80077','Black/Red -:- S->Black/Red -:- L->Black/Red -:- XL','Knit chiffon babydoll with tattoo lace cups. Includes matching thong',0,'Knit chiffon babydoll with tattoo lace cups. Includes matching thong','2009-07-11',1,0,0,NULL,NULL,NULL,NULL,NULL,NULL,NULL,NULL,0,1,NULL,'DEFAULT'),(33,1,'Stretch satin soft cup babydoll with lace trim. Includes matching thong','80050','80050','Pink/Black -:- S->Pink/Black -:- M->Pink/Black -:-','Stretch satin soft cup babydoll with lace trim. Includes matching thong',0,'Stretch satin soft cup babydoll with lace trim. Includes matching thong','2009-07-11',1,0,0,NULL,NULL,NULL,NULL,NULL,NULL,NULL,NULL,0,1,NULL,'DEFAULT'),(34,1,'Chiffon cowl neck babydoll with rhinestone halter straps and matching thong','80048','80048','Black -:- M','Chiffon cowl neck babydoll with rhinestone halter straps and matching thong',0,'Chiffon cowl neck babydoll with rhinestone halter straps and matching thong','2009-07-11',1,0,0,NULL,NULL,NULL,NULL,NULL,NULL,NULL,NULL,0,1,NULL,'DEFAULT'),(35,1,'Sexy sheer net babydoll with slightly padded  cups&comma; marabou feather trim&comma; tie closure front and adjustable straps. Comes with a matching g-string panty','80071','80071','Red -:- S->Red -:- L->Red -:- XL','Sexy sheer net babydoll with slightly padded  cups&comma; marabou feather trim&comma; tie closure front and adjustable straps. Comes with a matching g-string panty',0,'Sexy sheer net babydoll with slightly padded  cups&comma; marabou feather trim&comma; tie closure front and adjustable straps. Comes with a matching g-string panty','2009-07-11',1,0,0,NULL,NULL,NULL,NULL,NULL,NULL,NULL,NULL,0,1,NULL,'DEFAULT'),(36,1,'Sheer net underwire babydoll with cute ostrich feather trimmed marabou&comma; adjustable straps and comes with matching g-string','80068','80068','Red -:- XL','Sheer net underwire babydoll with cute ostrich feather trimmed marabou&comma; adjustable straps and comes with matching g-string',0,'Sheer net underwire babydoll with cute ostrich feather trimmed marabou&comma; adjustable straps and comes with matching g-string','2009-07-11',1,0,0,NULL,NULL,NULL,NULL,NULL,NULL,NULL,NULL,0,1,NULL,'DEFAULT'),(37,1,'Charmeuse and matching lace babydoll with sexy side&comma; cut-away front&comma; adjustable straps and comes with tie side thong panty','80041','80041','Pink -:- S->Pink -:- M','Charmeuse and matching lace babydoll with sexy side&comma; cut-away front&comma; adjustable straps and comes with tie side thong panty',0,'Charmeuse and matching lace babydoll with sexy side&comma; cut-away front&comma; adjustable straps and comes with tie side thong panty','2009-07-11',1,0,0,NULL,NULL,NULL,NULL,NULL,NULL,NULL,NULL,0,1,NULL,'DEFAULT'),(38,1,'2 piece babydoll with satin bow and matching thong','80100','80100','Red -:- One Size->Red -:- XL','2 piece babydoll with satin bow and matching thong',0,'2 piece babydoll with satin bow and matching thong','2009-07-11',1,0,0,NULL,NULL,NULL,NULL,NULL,NULL,NULL,NULL,0,1,NULL,'DEFAULT'),(39,1,'Pink stripe microfiber&comma; open back&comma; underwire babydoll trimmed in pink ruffled lace. Includes matching ruffle back panty','80029','80029','Black/Pink -:- XL','Pink stripe microfiber&comma; open back&comma; underwire babydoll trimmed in pink ruffled lace. Includes matching ruffle back panty',0,'Pink stripe microfiber&comma; open back&comma; underwire babydoll trimmed in pink ruffled lace. Includes matching ruffle back panty','2009-07-11',1,0,0,NULL,NULL,NULL,NULL,NULL,NULL,NULL,NULL,0,1,NULL,'DEFAULT'),(40,1,'Microfiber underwire babydoll with stretch lace cups trimmed in fur. Includes matching thong','80049','80049','White -:- M->White -:- L->White -:- XL','Microfiber underwire babydoll with stretch lace cups trimmed in fur. Includes matching thong',0,'Microfiber underwire babydoll with stretch lace cups trimmed in fur. Includes matching thong','2009-07-11',1,0,0,NULL,NULL,NULL,NULL,NULL,NULL,NULL,NULL,0,1,NULL,'DEFAULT'),(41,1,'Sexy lycra/mesh slip with matching g-string','80081','80081','Red -:- 32','Sexy lycra/mesh slip with matching g-string',0,'Sexy lycra/mesh slip with matching g-string','2009-07-11',1,0,0,NULL,NULL,NULL,NULL,NULL,NULL,NULL,NULL,0,1,NULL,'DEFAULT'),(42,1,'4 piece lace trim lycra bodysuit with gloves&comma; adjustable garters and matching thong','80036','80036','Rose Pink -:- S->Rose Pink -:- M->Rose Pink -:- L','4 piece lace trim lycra bodysuit with gloves&comma; adjustable garters and matching thong',0,'4 piece lace trim lycra bodysuit with gloves&comma; adjustable garters and matching thong','2009-07-11',1,0,0,NULL,NULL,NULL,NULL,NULL,NULL,NULL,NULL,0,1,NULL,'DEFAULT'),(43,1,'Lace cupless bustier has lace up front and is trimmed with ruffles.  G-string also included','80007','80007','Black -:- S->Black -:- M->Black -:- L->Black -:- X','Lace cupless bustier has lace up front and is trimmed with ruffles.  G-string also included',0,'Lace cupless bustier has lace up front and is trimmed with ruffles.  G-string also included','2009-07-11',1,0,0,NULL,NULL,NULL,NULL,NULL,NULL,NULL,NULL,0,1,NULL,'DEFAULT'),(44,1,'Stretch lace corset has underwire padded cups&comma; hook & eye front&comma; adjustable shoulder and garter straps.  G-string included','80003','80003','Red -:- S->Red -:- M->Red -:- L->Red -:- XL->Black','Stretch lace corset has underwire padded cups&comma; hook & eye front&comma; adjustable shoulder and garter straps.  G-string included',0,'Stretch lace corset has underwire padded cups&comma; hook & eye front&comma; adjustable shoulder and garter straps.  G-string included','2009-07-11',1,0,0,NULL,NULL,NULL,NULL,NULL,NULL,NULL,NULL,0,1,NULL,'DEFAULT'),(45,1,'Crochet rose lace corset. Corset has satin lined cups&comma; boning all around&comma; hook & eye back closure&comma; and includes g-string','80055','80055','Pink -:- S->Pink -:- M->Pink -:- L->Pink -:- XL->B','Crochet rose lace corset. Corset has satin lined cups&comma; boning all around&comma; hook & eye back closure&comma; and includes g-string',0,'Crochet rose lace corset. Corset has satin lined cups&comma; boning all around&comma; hook & eye back closure&comma; and includes g-string','2009-07-11',1,0,0,NULL,NULL,NULL,NULL,NULL,NULL,NULL,NULL,0,1,NULL,'DEFAULT'),(46,1,'V-cut front corset with a thong and adjustable garter belt','80091','80091','Black/Lavender -:- S','V-cut front corset with a thong and adjustable garter belt',0,'V-cut front corset with a thong and adjustable garter belt','2009-07-11',1,0,0,NULL,NULL,NULL,NULL,NULL,NULL,NULL,NULL,0,1,NULL,'DEFAULT'),(47,1,'Satin and lace 3 piece set. Bustier has underwire cups&comma; boning&comma; adjustable shoulder and garter straps.  Includes short sheer coat with lace trim and g-string','80009','80009','Black -:- S->Black -:- L->Black -:- XL','Satin and lace 3 piece set. Bustier has underwire cups&comma; boning&comma; adjustable shoulder and garter straps.  Includes short sheer coat with lace trim and g-string',0,'Satin and lace 3 piece set. Bustier has underwire cups&comma; boning&comma; adjustable shoulder and garter straps.  Includes short sheer coat with lace trim and g-string','2009-07-11',1,0,0,NULL,NULL,NULL,NULL,NULL,NULL,NULL,NULL,0,1,NULL,'DEFAULT'),(48,1,'','80052','80052','Peach -:- M','',0,'','2009-07-11',1,0,0,NULL,NULL,NULL,NULL,NULL,NULL,NULL,NULL,0,1,NULL,'DEFAULT'),(49,1,'Beautiful chinese jacquard&comma; strapless corset with lace-up back&comma; slimming waist and detachable garters.  Comes with a matching g-string','80051','80051','Pink -:- 32->Pink -:- 34->Pink -:- 36->Pink -:- 38','Beautiful chinese jacquard&comma; strapless corset with lace-up back&comma; slimming waist and detachable garters.  Comes with a matching g-string',0,'Beautiful chinese jacquard&comma; strapless corset with lace-up back&comma; slimming waist and detachable garters.  Comes with a matching g-string','2009-07-11',1,0,0,NULL,NULL,NULL,NULL,NULL,NULL,NULL,NULL,0,1,NULL,'DEFAULT'),(50,1,'Slimming jacquard tapestry&comma; strapless corset.  Come with gorgeous venice trim&comma; hook and eye front&comma; waist cinching lace-up back&comma; removable&comma; adjustable garters. comes with thong panty','80054','80054','White -:- 32->White -:- 34->White -:- 36','Slimming jacquard tapestry&comma; strapless corset.  Come with gorgeous venice trim&comma; hook and eye front&comma; waist cinching lace-up back&comma; removable&comma; adjustable garters. comes with thong panty',0,'Slimming jacquard tapestry&comma; strapless corset.  Come with gorgeous venice trim&comma; hook and eye front&comma; waist cinching lace-up back&comma; removable&comma; adjustable garters. comes with thong panty','2009-07-11',1,0,0,NULL,NULL,NULL,NULL,NULL,NULL,NULL,NULL,0,1,NULL,'DEFAULT'),(51,1,'','80057','80057','Light Blue -:- XL','',0,'','2009-07-11',1,0,0,NULL,NULL,NULL,NULL,NULL,NULL,NULL,NULL,0,1,NULL,'DEFAULT'),(52,1,'Long-line bustier in satin jacquard tapestry.  Features lightly padded underwire cups&comma; hook & eye front&comma; boning throughout&comma; and lace-up back.  Includes adjustable garters and matching g-string','80053','80053','Red -:- 32/Small->Red -:- 34/Medium->Red -:- 36/La','Long-line bustier in satin jacquard tapestry.  Features lightly padded underwire cups&comma; hook & eye front&comma; boning throughout&comma; and lace-up back.  Includes adjustable garters and matching g-string',0,'Long-line bustier in satin jacquard tapestry.  Features lightly padded underwire cups&comma; hook & eye front&comma; boning throughout&comma; and lace-up back.  Includes adjustable garters and matching g-string','2009-07-11',1,0,0,NULL,NULL,NULL,NULL,NULL,NULL,NULL,NULL,0,1,NULL,'DEFAULT'),(53,1,'','80056','80056','Black/Gold -:- L','',0,'','2009-07-11',1,0,0,NULL,NULL,NULL,NULL,NULL,NULL,NULL,NULL,0,1,NULL,'DEFAULT'),(54,1,'Stretch spandex mesh camisole with adjustable&comma; elasticized straps and a matching thong panty with polka dots','80015','80015','Black/White -:- XL','Stretch spandex mesh camisole with adjustable&comma; elasticized straps and a matching thong panty with polka dots',0,'Stretch spandex mesh camisole with adjustable&comma; elasticized straps and a matching thong panty with polka dots','2009-07-11',1,0,0,NULL,NULL,NULL,NULL,NULL,NULL,NULL,NULL,0,1,NULL,'DEFAULT'),(55,1,'Beautiful bands of stretch.  Cami top has soft cups&comma; and adjustable straps.  Includes matching thongs','80011','80011','White -:- S->White -:- M->White -:- L->White -:- X','Beautiful bands of stretch.  Cami top has soft cups&comma; and adjustable straps.  Includes matching thongs',0,'Beautiful bands of stretch.  Cami top has soft cups&comma; and adjustable straps.  Includes matching thongs','2009-07-11',1,0,0,NULL,NULL,NULL,NULL,NULL,NULL,NULL,NULL,0,1,NULL,'DEFAULT'),(56,1,'Embroidered soft net cami with shorts. Cami has adjustable straps&comma; and shorts have side ties','80021','80021','Black -:- S->Black -:- L','Embroidered soft net cami with shorts. Cami has adjustable straps&comma; and shorts have side ties',0,'Embroidered soft net cami with shorts. Cami has adjustable straps&comma; and shorts have side ties','2009-07-11',1,0,0,NULL,NULL,NULL,NULL,NULL,NULL,NULL,NULL,0,1,NULL,'DEFAULT'),(57,1,'','80075','80075','Silver -:- One Size','',0,'','2009-07-11',1,0,0,NULL,NULL,NULL,NULL,NULL,NULL,NULL,NULL,0,1,NULL,'DEFAULT'),(58,1,'','80076','80076','Silver -:- One Size','',0,'','2009-07-11',1,0,0,NULL,NULL,NULL,NULL,NULL,NULL,NULL,NULL,0,1,NULL,'DEFAULT'),(59,1,'','80074','80074','Silver -:- One Size','',0,'','2009-07-11',1,0,0,NULL,NULL,NULL,NULL,NULL,NULL,NULL,NULL,0,1,NULL,'DEFAULT'),(60,1,'','80089','80089','Black -:- XL','',0,'','2009-07-11',1,0,0,NULL,NULL,NULL,NULL,NULL,NULL,NULL,NULL,0,1,NULL,'DEFAULT'),(61,1,'Stretch spandex mesh chemise with strappy open back adorned with floral applique. Comes with adjustable straps and matching g-string','80045','80045','Black -:- S->Black -:- M->Black -:- L->Black -:- X','Stretch spandex mesh chemise with strappy open back adorned with floral applique. Comes with adjustable straps and matching g-string',0,'Stretch spandex mesh chemise with strappy open back adorned with floral applique. Comes with adjustable straps and matching g-string','2009-07-11',1,0,0,NULL,NULL,NULL,NULL,NULL,NULL,NULL,NULL,0,1,NULL,'DEFAULT'),(62,1,'Sexy stretch spandex mesh chemise is adorned with an embroidered fan with floral applique&comma; has elasticized straps that criss-cross all the way down an open tie back&comma; and comes with a g-string','80044','80044','White -:- S->White -:- M->White -:- L->White -:- X','Sexy stretch spandex mesh chemise is adorned with an embroidered fan with floral applique&comma; has elasticized straps that criss-cross all the way down an open tie back&comma; and comes with a g-string',0,'Sexy stretch spandex mesh chemise is adorned with an embroidered fan with floral applique&comma; has elasticized straps that criss-cross all the way down an open tie back&comma; and comes with a g-string','2009-07-11',1,0,0,NULL,NULL,NULL,NULL,NULL,NULL,NULL,NULL,0,1,NULL,'DEFAULT'),(63,1,'Beautiful floral embroidery silky charmeuse chemise with side split leg&comma; open tie adjustable back and adjustable straps','80039','80039','Pink -:- S','Beautiful floral embroidery silky charmeuse chemise with side split leg&comma; open tie adjustable back and adjustable straps',0,'Beautiful floral embroidery silky charmeuse chemise with side split leg&comma; open tie adjustable back and adjustable straps','2009-07-11',1,0,0,NULL,NULL,NULL,NULL,NULL,NULL,NULL,NULL,0,1,NULL,'DEFAULT'),(64,1,'','80037','80037','Champagne -:- L->Champagne -:- XL','',0,'','2009-07-11',1,0,0,NULL,NULL,NULL,NULL,NULL,NULL,NULL,NULL,0,1,NULL,'DEFAULT'),(65,1,'3 piece bunny costume set.  Include bunny ears&comma; top bra with front ribbon and matching thong','80097','80097','White/Pink -:- XL','3 piece bunny costume set.  Include bunny ears&comma; top bra with front ribbon and matching thong',0,'3 piece bunny costume set.  Include bunny ears&comma; top bra with front ribbon and matching thong','2009-07-11',1,0,0,NULL,NULL,NULL,NULL,NULL,NULL,NULL,NULL,0,1,NULL,'DEFAULT'),(66,1,'Sexy secretary costume.  Stripe microfiber underwire bra and lace pleated skirt.','80030','80030','Black/White -:- XL','Sexy secretary costume.  Stripe microfiber underwire bra and lace pleated skirt.',0,'Sexy secretary costume.  Stripe microfiber underwire bra and lace pleated skirt.','2009-07-11',1,0,0,NULL,NULL,NULL,NULL,NULL,NULL,NULL,NULL,0,1,NULL,'DEFAULT'),(67,1,'French maid costume with underwire cup','80096','80096','Black/White -:- S->Black/White -:- M->Black/White ','French maid costume with underwire cup',0,'French maid costume with underwire cup','2009-07-11',1,0,0,NULL,NULL,NULL,NULL,NULL,NULL,NULL,NULL,0,1,NULL,'DEFAULT'),(68,1,'Stylish stripe top with attached tie. Shorts with satin bows. Matching g-string included','80032','80032','Black/White -:- S/M->Black/White -:- M/L->Black/Wh','Stylish stripe top with attached tie. Shorts with satin bows. Matching g-string included',0,'Stylish stripe top with attached tie. Shorts with satin bows. Matching g-string included','2009-07-11',1,0,0,NULL,NULL,NULL,NULL,NULL,NULL,NULL,NULL,0,1,NULL,'DEFAULT'),(69,1,'','80031','80031','White/Red -:- XL','',0,'','2009-07-11',1,0,0,NULL,NULL,NULL,NULL,NULL,NULL,NULL,NULL,0,1,NULL,'DEFAULT'),(70,1,'Leopard print dress with vinyl collars and sleeves','80078','80078','Leopard -:- L','Leopard print dress with vinyl collars and sleeves',0,'Leopard print dress with vinyl collars and sleeves','2009-07-11',1,0,0,NULL,NULL,NULL,NULL,NULL,NULL,NULL,NULL,0,1,NULL,'DEFAULT'),(71,1,'Sexy stretch mesh garterbelt with floral embroidery','60003','60003','White -:- XL','Sexy stretch mesh garterbelt with floral embroidery',0,'Sexy stretch mesh garterbelt with floral embroidery','2009-07-11',1,0,0,NULL,NULL,NULL,NULL,NULL,NULL,NULL,NULL,0,1,NULL,'DEFAULT'),(72,1,'2 piece lace garter belt set with matching g-string','60001','60001','Black -:- One Size->Black -:- XL->Red -:- One Size','2 piece lace garter belt set with matching g-string',0,'2 piece lace garter belt set with matching g-string','2009-07-11',1,0,0,NULL,NULL,NULL,NULL,NULL,NULL,NULL,NULL,0,1,NULL,'DEFAULT'),(73,1,'2 piece garter belt set with matching g-string','60002','60002','Red -:- One Size->Red -:- XL->Black -:- One Size','2 piece garter belt set with matching g-string',0,'2 piece garter belt set with matching g-string','2009-07-11',1,0,0,NULL,NULL,NULL,NULL,NULL,NULL,NULL,NULL,0,1,NULL,'DEFAULT'),(74,1,'','80064','80064','Black -:- One Size->Black -:- XL','',0,'','2009-07-11',1,0,0,NULL,NULL,NULL,NULL,NULL,NULL,NULL,NULL,0,1,NULL,'DEFAULT'),(75,1,'Stretch lace and chiffon gown with side slits. Includes matching thong','80060','80060','Mint -:- 3X/4X','Stretch lace and chiffon gown with side slits. Includes matching thong',0,'Stretch lace and chiffon gown with side slits. Includes matching thong','2009-07-11',1,0,0,NULL,NULL,NULL,NULL,NULL,NULL,NULL,NULL,0,1,NULL,'DEFAULT'),(76,1,'Beautiful stretch lace long gown with flirty cascading ruffles. Comes with a matching g-string','80065','80065','Black -:- S->Black -:- XL->Red -:- S->Red -:- XL','Beautiful stretch lace long gown with flirty cascading ruffles. Comes with a matching g-string',0,'Beautiful stretch lace long gown with flirty cascading ruffles. Comes with a matching g-string','2009-07-11',1,0,0,NULL,NULL,NULL,NULL,NULL,NULL,NULL,NULL,0,1,NULL,'DEFAULT'),(77,1,'Super soft&comma; supple&comma; shiny lace long gown with scalloped&comma; open front adjustable straps and comes with g-string','80059','80059','Black -:- S','Super soft&comma; supple&comma; shiny lace long gown with scalloped&comma; open front adjustable straps and comes with g-string',0,'Super soft&comma; supple&comma; shiny lace long gown with scalloped&comma; open front adjustable straps and comes with g-string','2009-07-11',1,0,0,NULL,NULL,NULL,NULL,NULL,NULL,NULL,NULL,0,1,NULL,'DEFAULT'),(78,1,'','80062','80062','White -:- XL','',0,'','2009-07-11',1,0,0,NULL,NULL,NULL,NULL,NULL,NULL,NULL,NULL,0,1,NULL,'DEFAULT'),(79,1,'Padded push up chopper bra lace and luxurious charmeuse long gown with adjustable straps and high cut sexy front opening','80058','80058','Black -:- S','Padded push up chopper bra lace and luxurious charmeuse long gown with adjustable straps and high cut sexy front opening',0,'Padded push up chopper bra lace and luxurious charmeuse long gown with adjustable straps and high cut sexy front opening','2009-07-11',1,0,0,NULL,NULL,NULL,NULL,NULL,NULL,NULL,NULL,0,1,NULL,'DEFAULT'),(80,1,'','80063','80063','White/Light Blue -:- S->White/Light Blue -:- M->Wh','',0,'','2009-07-11',1,0,0,NULL,NULL,NULL,NULL,NULL,NULL,NULL,NULL,0,1,NULL,'DEFAULT'),(81,1,'2 piece lace open cup bra and matching g-string','80027','80027','Pink -:- One Size->Pink -:- XL->Black -:- One Size','2 piece lace open cup bra and matching g-string',0,'2 piece lace open cup bra and matching g-string','2009-07-11',1,0,0,NULL,NULL,NULL,NULL,NULL,NULL,NULL,NULL,0,1,NULL,'DEFAULT'),(82,1,'Sexy stretch mesh soft cup bra with floral embroidery. Double spaghetti adjustable straps. A hook & eye back closure','80024','80024','White -:- 32->White -:- 38','Sexy stretch mesh soft cup bra with floral embroidery. Double spaghetti adjustable straps. A hook & eye back closure',0,'Sexy stretch mesh soft cup bra with floral embroidery. Double spaghetti adjustable straps. A hook & eye back closure','2009-07-11',1,0,0,NULL,NULL,NULL,NULL,NULL,NULL,NULL,NULL,0,1,NULL,'DEFAULT'),(83,1,'2 piece ruffle trim lace bra with matching thong','80061','80061','Red -:- M','2 piece ruffle trim lace bra with matching thong',0,'2 piece ruffle trim lace bra with matching thong','2009-07-11',1,0,0,NULL,NULL,NULL,NULL,NULL,NULL,NULL,NULL,0,1,NULL,'DEFAULT'),(84,1,'2 piece oriental dragon print top and g-string','80047','80047','Red -:- S->Red -:- L->Red -:- XL','2 piece oriental dragon print top and g-string',0,'2 piece oriental dragon print top and g-string','2009-07-11',1,0,0,NULL,NULL,NULL,NULL,NULL,NULL,NULL,NULL,0,1,NULL,'DEFAULT'),(85,1,'2 piece floral lace bra top with matching thong','80010','80010','Black -:- One Size->Black -:- XL','2 piece floral lace bra top with matching thong',0,'2 piece floral lace bra top with matching thong','2009-07-11',1,0,0,NULL,NULL,NULL,NULL,NULL,NULL,NULL,NULL,0,1,NULL,'DEFAULT'),(86,1,'Stretch lace 2 piece set includes bra-top with adjustable straps&comma; and low-rise boyshort','80018','80018','Red -:- S->Red -:- M->Red -:- L->Red -:- XL->Light','Stretch lace 2 piece set includes bra-top with adjustable straps&comma; and low-rise boyshort',0,'Stretch lace 2 piece set includes bra-top with adjustable straps&comma; and low-rise boyshort','2009-07-11',1,0,0,NULL,NULL,NULL,NULL,NULL,NULL,NULL,NULL,0,1,NULL,'DEFAULT'),(87,1,'Strapless lace top with matching ribbon side tanga short','80023','80023','Red -:- XL','Strapless lace top with matching ribbon side tanga short',0,'Strapless lace top with matching ribbon side tanga short','2009-07-11',1,0,0,NULL,NULL,NULL,NULL,NULL,NULL,NULL,NULL,0,1,NULL,'DEFAULT'),(88,1,'Sheer bra top with butterfly applique and matching thong','80016','80016','Red -:- XL','Sheer bra top with butterfly applique and matching thong',0,'Sheer bra top with butterfly applique and matching thong','2009-07-11',1,0,0,NULL,NULL,NULL,NULL,NULL,NULL,NULL,NULL,0,1,NULL,'DEFAULT'),(89,1,'Stretch satin open cup bra and open crotch thong with lace trim','80028','80028','Pink/Black -:- S->Pink/Black -:- M->Pink/Black -:-','Stretch satin open cup bra and open crotch thong with lace trim',0,'Stretch satin open cup bra and open crotch thong with lace trim','2009-07-11',1,0,0,NULL,NULL,NULL,NULL,NULL,NULL,NULL,NULL,0,1,NULL,'DEFAULT'),(90,1,'Stretch lace keyhole tube top with adjustable straps and micro miniskirt','80033','80033','Red -:- S->Red -:- M->Red -:- L->Red -:- XL','Stretch lace keyhole tube top with adjustable straps and micro miniskirt',0,'Stretch lace keyhole tube top with adjustable straps and micro miniskirt','2009-07-11',1,0,0,NULL,NULL,NULL,NULL,NULL,NULL,NULL,NULL,0,1,NULL,'DEFAULT'),(91,1,'Stretch lace bra top and  skirt','80034','80034','Mint -:- S->Mint -:- L->Mint -:- XL','Stretch lace bra top and  skirt',0,'Stretch lace bra top and  skirt','2009-07-11',1,0,0,NULL,NULL,NULL,NULL,NULL,NULL,NULL,NULL,0,1,NULL,'DEFAULT'),(92,1,'','80099','80099','Black/Red -:- S/M->Black/Red -:- M/L->Black/Red -:','',0,'','2009-07-11',1,0,0,NULL,NULL,NULL,NULL,NULL,NULL,NULL,NULL,0,1,NULL,'DEFAULT'),(93,1,'2 piece lace bra top with matching side-cut short','80013','80013','Pink/Black -:- S/M->Pink/Black -:- M/L->Pink/Black','2 piece lace bra top with matching side-cut short',0,'2 piece lace bra top with matching side-cut short','2009-07-11',1,0,0,NULL,NULL,NULL,NULL,NULL,NULL,NULL,NULL,0,1,NULL,'DEFAULT'),(94,1,'Sequined floral applique strappy 2 piece set includes underwire bra with adjustable straps and a thong panty','80072','80072','Red -:- XL','Sequined floral applique strappy 2 piece set includes underwire bra with adjustable straps and a thong panty',0,'Sequined floral applique strappy 2 piece set includes underwire bra with adjustable straps and a thong panty','2009-07-11',1,0,0,NULL,NULL,NULL,NULL,NULL,NULL,NULL,NULL,0,1,NULL,'DEFAULT'),(95,1,'2 piece set includes cami-garter and matching thong','80001','80001','Black -:- XL','2 piece set includes cami-garter and matching thong',0,'2 piece set includes cami-garter and matching thong','2009-07-11',1,0,0,NULL,NULL,NULL,NULL,NULL,NULL,NULL,NULL,0,1,NULL,'DEFAULT'),(96,1,'Embroidered daisy tattoo.  Bra has underwire cups&comma; adjustable straps&comma; back closure&comma; and cute multi colored bow accents.  Thong ties on both sides with multi colored ribbons','80079','80079','White/Pink/Red -:- XL','Embroidered daisy tattoo.  Bra has underwire cups&comma; adjustable straps&comma; back closure&comma; and cute multi colored bow accents.  Thong ties on both sides with multi colored ribbons',0,'Embroidered daisy tattoo.  Bra has underwire cups&comma; adjustable straps&comma; back closure&comma; and cute multi colored bow accents.  Thong ties on both sides with multi colored ribbons','2009-07-11',1,0,0,NULL,NULL,NULL,NULL,NULL,NULL,NULL,NULL,0,1,NULL,'DEFAULT'),(97,1,'','80088','80088','Light Blue -:- S->Light Blue -:- M->Light Blue -:-','',0,'','2009-07-11',1,0,0,NULL,NULL,NULL,NULL,NULL,NULL,NULL,NULL,0,1,NULL,'DEFAULT'),(98,1,'2 piece lace underwire bra with matching g-string','80073','80073','Black -:- XL','2 piece lace underwire bra with matching g-string',0,'2 piece lace underwire bra with matching g-string','2009-07-11',1,0,0,NULL,NULL,NULL,NULL,NULL,NULL,NULL,NULL,0,1,NULL,'DEFAULT'),(99,1,'Lace trimmed underwire bra and matching brief','80020','80020','White -:- S','Lace trimmed underwire bra and matching brief',0,'Lace trimmed underwire bra and matching brief','2009-07-11',1,0,0,NULL,NULL,NULL,NULL,NULL,NULL,NULL,NULL,0,1,NULL,'DEFAULT'),(100,1,'','80090','80090','Black/Pink -:- S->Black/Pink -:- L->Black/Pink -:-','',0,'','2009-07-11',1,0,0,NULL,NULL,NULL,NULL,NULL,NULL,NULL,NULL,0,1,NULL,'DEFAULT'),(101,1,'','80017','80017','Pink -:- One Size->Pink -:- XL','',0,'','2009-07-11',1,0,0,NULL,NULL,NULL,NULL,NULL,NULL,NULL,NULL,0,1,NULL,'DEFAULT'),(102,1,'3 piece delicate lace flower trim triangle bra&comma; garterbelt and g-string','80012','80012','Red/White -:- XL','3 piece delicate lace flower trim triangle bra&comma; garterbelt and g-string',0,'3 piece delicate lace flower trim triangle bra&comma; garterbelt and g-string','2009-07-11',1,0,0,NULL,NULL,NULL,NULL,NULL,NULL,NULL,NULL,0,1,NULL,'DEFAULT'),(103,1,'3 piece set includes open cup lace bra&comma; split crotch panty&comma; and matching coat','80006','80006','White -:- One Size->White -:- XL','3 piece set includes open cup lace bra&comma; split crotch panty&comma; and matching coat',0,'3 piece set includes open cup lace bra&comma; split crotch panty&comma; and matching coat','2009-07-11',1,0,0,NULL,NULL,NULL,NULL,NULL,NULL,NULL,NULL,0,1,NULL,'DEFAULT'),(104,1,'2 piece flower embroidered bra top and matching short','80014','80014','Pink -:- L','2 piece flower embroidered bra top and matching short',0,'2 piece flower embroidered bra top and matching short','2009-07-11',1,0,0,NULL,NULL,NULL,NULL,NULL,NULL,NULL,NULL,0,1,NULL,'DEFAULT'),(105,1,'','80035','80035','White -:- S/M->White -:- M/L->White -:- XL','',0,'','2009-07-11',1,0,0,NULL,NULL,NULL,NULL,NULL,NULL,NULL,NULL,0,1,NULL,'DEFAULT'),(106,1,'Stretch lace tanga','70012','70012','Black -:- XL->Red -:- XL->White -:- XL','Stretch lace tanga',0,'Stretch lace tanga','2009-07-11',1,0,0,NULL,NULL,NULL,NULL,NULL,NULL,NULL,NULL,0,1,NULL,'DEFAULT'),(107,1,'Lace trimmed thong','70030','70030','Black/Lavender -:- XL','Lace trimmed thong',0,'Lace trimmed thong','2009-07-11',1,0,0,NULL,NULL,NULL,NULL,NULL,NULL,NULL,NULL,0,1,NULL,'DEFAULT'),(108,1,'Flower applique g-string','70021','70021','Red -:- XL','Flower applique g-string',0,'Flower applique g-string','2009-07-11',1,0,0,NULL,NULL,NULL,NULL,NULL,NULL,NULL,NULL,0,1,NULL,'DEFAULT'),(109,1,'G-string with applique lace front','70018','70018','White -:- XL','G-string with applique lace front',0,'G-string with applique lace front','2009-07-11',1,0,0,NULL,NULL,NULL,NULL,NULL,NULL,NULL,NULL,0,1,NULL,'DEFAULT'),(110,1,'Crotchless butterfly applique g-string','70022','70022','Black -:- One Size->Black -:- XL->Red -:- One Size','Crotchless butterfly applique g-string',0,'Crotchless butterfly applique g-string','2009-07-11',1,0,0,NULL,NULL,NULL,NULL,NULL,NULL,NULL,NULL,0,1,NULL,'DEFAULT'),(111,1,'Lace sheer g-string with beautiful pattern in the front','70020','70020','Pink -:- XL','Lace sheer g-string with beautiful pattern in the front',0,'Lace sheer g-string with beautiful pattern in the front','2009-07-11',1,0,0,NULL,NULL,NULL,NULL,NULL,NULL,NULL,NULL,0,1,NULL,'DEFAULT'),(112,1,'Crotchless butterfly applique g-string','70023','70023','Red -:- One Size->Red -:- XL->Black -:- One Size->','Crotchless butterfly applique g-string',0,'Crotchless butterfly applique g-string','2009-07-11',1,0,0,NULL,NULL,NULL,NULL,NULL,NULL,NULL,NULL,0,1,NULL,'DEFAULT'),(113,1,'Mesh thong with beautiful flower pattern','70002','70002','Pink -:- XL','Mesh thong with beautiful flower pattern',0,'Mesh thong with beautiful flower pattern','2009-07-11',1,0,0,NULL,NULL,NULL,NULL,NULL,NULL,NULL,NULL,0,1,NULL,'DEFAULT'),(114,1,'O-ring rhinestone g-string','70032','70032','Lavender -:- XL','O-ring rhinestone g-string',0,'O-ring rhinestone g-string','2009-07-11',1,0,0,NULL,NULL,NULL,NULL,NULL,NULL,NULL,NULL,0,1,NULL,'DEFAULT'),(115,1,'Jeweled rhinestone T-back fashion g-string','70033','70033','Black -:- XL','Jeweled rhinestone T-back fashion g-string',0,'Jeweled rhinestone T-back fashion g-string','2009-07-11',1,0,0,NULL,NULL,NULL,NULL,NULL,NULL,NULL,NULL,0,1,NULL,'DEFAULT'),(116,1,'Bow design rhinestone g-string','70031','70031','Pink -:- XL','Bow design rhinestone g-string',0,'Bow design rhinestone g-string','2009-07-11',1,0,0,NULL,NULL,NULL,NULL,NULL,NULL,NULL,NULL,0,1,NULL,'DEFAULT'),(117,1,'Marabou pompoms g-string','70014','70014','Red -:- XL','Marabou pompoms g-string',0,'Marabou pompoms g-string','2009-07-11',1,0,0,NULL,NULL,NULL,NULL,NULL,NULL,NULL,NULL,0,1,NULL,'DEFAULT'),(118,1,'Flower applique side ribbon panty','70005','70005','Red/White -:- One Size->Red/White -:- XL','Flower applique side ribbon panty',0,'Flower applique side ribbon panty','2009-07-11',1,0,0,NULL,NULL,NULL,NULL,NULL,NULL,NULL,NULL,0,1,NULL,'DEFAULT'),(119,1,'Sexy g-string with floral embroidery','70015','70015','Green/White -:- XL','Sexy g-string with floral embroidery',0,'Sexy g-string with floral embroidery','2009-07-11',1,0,0,NULL,NULL,NULL,NULL,NULL,NULL,NULL,NULL,0,1,NULL,'DEFAULT'),(120,1,'Rose applique tie on the side panty','70004','70004','Yellow -:- XL','Rose applique tie on the side panty',0,'Rose applique tie on the side panty','2009-07-11',1,0,0,NULL,NULL,NULL,NULL,NULL,NULL,NULL,NULL,0,1,NULL,'DEFAULT'),(121,1,'Spider string g-string','70027','70027','Red -:- XL','Spider string g-string',0,'Spider string g-string','2009-07-11',1,0,0,NULL,NULL,NULL,NULL,NULL,NULL,NULL,NULL,0,1,NULL,'DEFAULT'),(122,1,'Butterfly applique g-string','70017','70017','Red -:- One Size->Red -:- XL','Butterfly applique g-string',0,'Butterfly applique g-string','2009-07-11',1,0,0,NULL,NULL,NULL,NULL,NULL,NULL,NULL,NULL,0,1,NULL,'DEFAULT'),(123,1,'Stretch lace g-string with floral pattern','70019','70019','Black -:- XL','Stretch lace g-string with floral pattern',0,'Stretch lace g-string with floral pattern','2009-07-11',1,0,0,NULL,NULL,NULL,NULL,NULL,NULL,NULL,NULL,0,1,NULL,'DEFAULT'),(124,1,'Lace thong with sheer flower pattern','70001','70001','Black -:- XL','Lace thong with sheer flower pattern',0,'Lace thong with sheer flower pattern','2009-07-11',1,0,0,NULL,NULL,NULL,NULL,NULL,NULL,NULL,NULL,0,1,NULL,'DEFAULT'),(125,1,'Stretch lace tanga short','70026','70026','Light Pink -:- M/L->Light Pink -:- XL','Stretch lace tanga short',0,'Stretch lace tanga short','2009-07-11',1,0,0,NULL,NULL,NULL,NULL,NULL,NULL,NULL,NULL,0,1,NULL,'DEFAULT'),(126,1,'Jeweled rhinestone fashion g-string','70035','70035','Fuchsia -:- XL','Jeweled rhinestone fashion g-string',0,'Jeweled rhinestone fashion g-string','2009-07-11',1,0,0,NULL,NULL,NULL,NULL,NULL,NULL,NULL,NULL,0,1,NULL,'DEFAULT'),(127,1,'Marabou pompoms front g-string','70013','70013','Red/White -:- XL','Marabou pompoms front g-string',0,'Marabou pompoms front g-string','2009-07-11',1,0,0,NULL,NULL,NULL,NULL,NULL,NULL,NULL,NULL,0,1,NULL,'DEFAULT'),(128,1,'Cross string front thong','70006','70006','Burgundy/Black -:- XL','Cross string front thong',0,'Cross string front thong','2009-07-11',1,0,0,NULL,NULL,NULL,NULL,NULL,NULL,NULL,NULL,0,1,NULL,'DEFAULT'),(129,1,'Lace open V thong','70007','70007','White -:- XL->Red -:- One Size->Red -:- XL->Black ','Lace open V thong',0,'Lace open V thong','2009-07-11',1,0,0,NULL,NULL,NULL,NULL,NULL,NULL,NULL,NULL,0,1,NULL,'DEFAULT'),(130,1,'Lace side ribbon thong','70008','70008','White -:- One Size->White -:- XL->Black -:- One Si','Lace side ribbon thong',0,'Lace side ribbon thong','2009-07-11',1,0,0,NULL,NULL,NULL,NULL,NULL,NULL,NULL,NULL,0,1,NULL,'DEFAULT'),(131,1,'Lace ruffle front g-string with ribbons','70016','70016','Pink -:- XL->Black -:- One Size->Black -:- XL','Lace ruffle front g-string with ribbons',0,'Lace ruffle front g-string with ribbons','2009-07-11',1,0,0,NULL,NULL,NULL,NULL,NULL,NULL,NULL,NULL,0,1,NULL,'DEFAULT'),(132,1,'Lace trim mesh brief with ribbons','70003','70003','Red/White -:- XL','Lace trim mesh brief with ribbons',0,'Lace trim mesh brief with ribbons','2009-07-11',1,0,0,NULL,NULL,NULL,NULL,NULL,NULL,NULL,NULL,0,1,NULL,'DEFAULT'),(133,1,'Stretch lace tanga short','70009','70009','White -:- XL','Stretch lace tanga short',0,'Stretch lace tanga short','2009-07-11',1,0,0,NULL,NULL,NULL,NULL,NULL,NULL,NULL,NULL,0,1,NULL,'DEFAULT'),(134,1,'Tanga short with corset ribbon lace up front','70010','70010','Red -:- XL->Pink -:- One Size->Pink -:- XL->White ','Tanga short with corset ribbon lace up front',0,'Tanga short with corset ribbon lace up front','2009-07-11',1,0,0,NULL,NULL,NULL,NULL,NULL,NULL,NULL,NULL,0,1,NULL,'DEFAULT'),(135,1,'Sexy stretch mesh thong panty with floral embroidery','70036','70036','White -:- One Size','Sexy stretch mesh thong panty with floral embroidery',0,'Sexy stretch mesh thong panty with floral embroidery','2009-07-11',1,0,0,NULL,NULL,NULL,NULL,NULL,NULL,NULL,NULL,0,1,NULL,'DEFAULT'),(136,1,'Crotchless oriental design thong','70011','70011','Fuchsia/Yellow -:- One Size->Fuchsia/Yellow -:- XL','Crotchless oriental design thong',0,'Crotchless oriental design thong','2009-07-11',1,0,0,NULL,NULL,NULL,NULL,NULL,NULL,NULL,NULL,0,1,NULL,'DEFAULT'),(137,1,'Sheer lace g-string with rhinestone back','70025','70025','Pink -:- XL','Sheer lace g-string with rhinestone back',0,'Sheer lace g-string with rhinestone back','2009-07-11',1,0,0,NULL,NULL,NULL,NULL,NULL,NULL,NULL,NULL,0,1,NULL,'DEFAULT'),(138,1,'Intricate lace tanga short with corset ribbon lace up back','70024','70024','Pink -:- M/L->Pink -:- XL->Black -:- S/M->Black -:','Intricate lace tanga short with corset ribbon lace up back',0,'Intricate lace tanga short with corset ribbon lace up back','2009-07-11',1,0,0,NULL,NULL,NULL,NULL,NULL,NULL,NULL,NULL,0,1,NULL,'DEFAULT'),(139,1,'Chiffon short robe','80019','80019','Black -:- XL','Chiffon short robe',0,'Chiffon short robe','2009-07-11',1,0,0,NULL,NULL,NULL,NULL,NULL,NULL,NULL,NULL,0,1,NULL,'DEFAULT'),(140,1,'Tie wrap satin robe','80022','80022','White -:- One Size->White -:- XL->Pink -:- One Siz','Tie wrap satin robe',0,'Tie wrap satin robe','2009-07-11',1,0,0,NULL,NULL,NULL,NULL,NULL,NULL,NULL,NULL,0,1,NULL,'DEFAULT'),(141,1,'Floral stretchable lace robe','80080','80080','Black -:- XL','Floral stretchable lace robe',0,'Floral stretchable lace robe','2009-07-11',1,0,0,NULL,NULL,NULL,NULL,NULL,NULL,NULL,NULL,0,1,NULL,'DEFAULT'),(142,1,'Sparkly sheer 15 denier and lace ruffle thong teddy with elasticized straps and open back','80086','80086','Black/Red -:- XL','Sparkly sheer 15 denier and lace ruffle thong teddy with elasticized straps and open back',0,'Sparkly sheer 15 denier and lace ruffle thong teddy with elasticized straps and open back','2009-07-11',1,0,0,NULL,NULL,NULL,NULL,NULL,NULL,NULL,NULL,0,1,NULL,'DEFAULT'),(143,1,'Stretch mesh open bust teddy with open strappy front and back','80084','80084','Hot Pink -:- One Size->Hot Pink -:- XL','Stretch mesh open bust teddy with open strappy front and back',0,'Stretch mesh open bust teddy with open strappy front and back','2009-07-11',1,0,0,NULL,NULL,NULL,NULL,NULL,NULL,NULL,NULL,0,1,NULL,'DEFAULT'),(144,1,'Deep-U halter one piece bodysuit','80095','80095','Red -:- S->Red -:- M->Red -:- L->Red -:- XL','Deep-U halter one piece bodysuit',0,'Deep-U halter one piece bodysuit','2009-07-11',1,0,0,NULL,NULL,NULL,NULL,NULL,NULL,NULL,NULL,0,1,NULL,'DEFAULT'),(145,1,'Pee-ka-boo ruffle trim lace teddy','80098','80098','Rose Pink -:- S/M','Pee-ka-boo ruffle trim lace teddy',0,'Pee-ka-boo ruffle trim lace teddy','2009-07-11',1,0,0,NULL,NULL,NULL,NULL,NULL,NULL,NULL,NULL,0,1,NULL,'DEFAULT'),(146,1,'Open front lace teddy','80005','80005','White -:- XL','Open front lace teddy',0,'Open front lace teddy','2009-07-11',1,0,0,NULL,NULL,NULL,NULL,NULL,NULL,NULL,NULL,0,1,NULL,'DEFAULT'),(147,1,'Soft cup full back teddyette.','80002','80002','Pink -:- S->Pink -:- M->Pink -:- L','Soft cup full back teddyette.',0,'Soft cup full back teddyette.','2009-07-11',1,0,0,NULL,NULL,NULL,NULL,NULL,NULL,NULL,NULL,0,1,NULL,'DEFAULT'),(148,1,'3 piece set includes lace teddy with split cups&comma; split crotch and thong back.  Sheer coat is included','80004','80004','Black -:- S->Black -:- M->Black -:- L->Black -:- X','3 piece set includes lace teddy with split cups&comma; split crotch and thong back.  Sheer coat is included',0,'3 piece set includes lace teddy with split cups&comma; split crotch and thong back.  Sheer coat is included','2009-07-11',1,0,0,NULL,NULL,NULL,NULL,NULL,NULL,NULL,NULL,0,1,NULL,'DEFAULT'),(149,1,'Satin and lace open bust teddiette 2 piece set with crotch opening&comma; lace-up back and comes with gloves','80008','80008','Red -:- S->Red -:- M','Satin and lace open bust teddiette 2 piece set with crotch opening&comma; lace-up back and comes with gloves',0,'Satin and lace open bust teddiette 2 piece set with crotch opening&comma; lace-up back and comes with gloves','2009-07-11',1,0,0,NULL,NULL,NULL,NULL,NULL,NULL,NULL,NULL,0,1,NULL,'DEFAULT'),(150,1,'Corset and matching g-string','80117','80117','Black -:- S->Black -:- M->Black -:- L->Black -:- X','Corset and matching g-string',0,'Corset and matching g-string','2009-07-11',1,0,0,NULL,NULL,NULL,NULL,NULL,NULL,NULL,NULL,0,1,NULL,'DEFAULT'),(151,1,'Luxe brocade and satin corset with satin g-string','80121','80121','Black -:- S->Black -:- M->Black -:- L->Black -:- X','Luxe brocade and satin corset with satin g-string',0,'Luxe brocade and satin corset with satin g-string','2009-07-11',1,0,0,NULL,NULL,NULL,NULL,NULL,NULL,NULL,NULL,0,1,NULL,'DEFAULT'),(152,1,'Embroidered mesh merry widow and matching g-string','80124','80124','Black/Red -:- S->Black/Red -:- M->Black/Red -:- L-','Embroidered mesh merry widow and matching g-string',0,'Embroidered mesh merry widow and matching g-string','2009-07-11',1,0,0,NULL,NULL,NULL,NULL,NULL,NULL,NULL,NULL,0,1,NULL,'DEFAULT'),(153,1,'Stretch velvet strapless short corset and thong','80128','80128','Red/Black -:- S/M->Red/Black -:- M/L->Red/Black -:','Stretch velvet strapless short corset and thong',0,'Stretch velvet strapless short corset and thong','2009-07-11',1,0,0,NULL,NULL,NULL,NULL,NULL,NULL,NULL,NULL,0,1,NULL,'DEFAULT'),(154,1,'Mesh cami with mini ruffle lace edges and matching bikini','80103','80103','Black/Red -:- XL','Mesh cami with mini ruffle lace edges and matching bikini',0,'Mesh cami with mini ruffle lace edges and matching bikini','2009-07-11',1,0,0,NULL,NULL,NULL,NULL,NULL,NULL,NULL,NULL,0,1,NULL,'DEFAULT'),(155,1,'Sheer and lace short ruffle cami and matching g-string','80106','80106','Red -:- XL','Sheer and lace short ruffle cami and matching g-string',0,'Sheer and lace short ruffle cami and matching g-string','2009-07-11',1,0,0,NULL,NULL,NULL,NULL,NULL,NULL,NULL,NULL,0,1,NULL,'DEFAULT'),(156,1,'Off the shoulder lace top with hook and eye back and matching boy short','80119','80119','White -:- M/L->White -:- XL','Off the shoulder lace top with hook and eye back and matching boy short',0,'Off the shoulder lace top with hook and eye back and matching boy short','2009-07-11',1,0,0,NULL,NULL,NULL,NULL,NULL,NULL,NULL,NULL,0,1,NULL,'DEFAULT'),(157,1,'Mesh cami and matching g-string','80125','80125','Black -:- One Size->Black -:- XL','Mesh cami and matching g-string',0,'Mesh cami and matching g-string','2009-07-11',1,0,0,NULL,NULL,NULL,NULL,NULL,NULL,NULL,NULL,0,1,NULL,'DEFAULT'),(158,1,'Sheer ruffle cami and matching g-string','80126','80126','Black -:- S/M->Black -:- M/L->Black -:- XL','Sheer ruffle cami and matching g-string',0,'Sheer ruffle cami and matching g-string','2009-07-11',1,0,0,NULL,NULL,NULL,NULL,NULL,NULL,NULL,NULL,0,1,NULL,'DEFAULT'),(159,1,'Sheer chemise with ruffle edge and matching side string bikini','80102','80102','Beige/Red -:- One Size->Beige/Red -:- XL','Sheer chemise with ruffle edge and matching side string bikini',0,'Sheer chemise with ruffle edge and matching side string bikini','2009-07-11',1,0,0,NULL,NULL,NULL,NULL,NULL,NULL,NULL,NULL,0,1,NULL,'DEFAULT'),(160,1,'Chemise with lace-up back and matching g-string','80105','80105','White -:- M/L->White -:- XL','Chemise with lace-up back and matching g-string',0,'Chemise with lace-up back and matching g-string','2009-07-11',1,0,0,NULL,NULL,NULL,NULL,NULL,NULL,NULL,NULL,0,1,NULL,'DEFAULT'),(161,1,'Deep v marabou mini dress','80107','80107','Black -:- XL','Deep v marabou mini dress',0,'Deep v marabou mini dress','2009-07-11',1,0,0,NULL,NULL,NULL,NULL,NULL,NULL,NULL,NULL,0,1,NULL,'DEFAULT'),(162,1,'Mesh chemise with lace and matching g-string','80110','80110','Red/Black -:- S/M->Red/Black -:- M/L->Red/Black -:','Mesh chemise with lace and matching g-string',0,'Mesh chemise with lace and matching g-string','2009-07-11',1,0,0,NULL,NULL,NULL,NULL,NULL,NULL,NULL,NULL,0,1,NULL,'DEFAULT'),(163,1,'Sheer front lace-up mini dress and matching g-string','80111','80111','Black/Pink -:- S->Black/Pink -:- M->Black/Pink -:-','Sheer front lace-up mini dress and matching g-string',0,'Sheer front lace-up mini dress and matching g-string','2009-07-11',1,0,0,NULL,NULL,NULL,NULL,NULL,NULL,NULL,NULL,0,1,NULL,'DEFAULT'),(164,1,'Tied front satin mini dress','80112','80112','Pink -:- S/M->Pink -:- M/L->Pink -:- XL','Tied front satin mini dress',0,'Tied front satin mini dress','2009-07-11',1,0,0,NULL,NULL,NULL,NULL,NULL,NULL,NULL,NULL,0,1,NULL,'DEFAULT'),(165,1,'Sheer chemise with lace embroidered edges and matching g-string','80113','80113','Ivory/Pink -:- XL','Sheer chemise with lace embroidered edges and matching g-string',0,'Sheer chemise with lace embroidered edges and matching g-string','2009-07-11',1,0,0,NULL,NULL,NULL,NULL,NULL,NULL,NULL,NULL,0,1,NULL,'DEFAULT'),(166,1,'Dotted sheer chemise with ruffle lace edges and matching g-string','80115','80115','Red/Black -:- S->Red/Black -:- L->Red/Black -:- XL','Dotted sheer chemise with ruffle lace edges and matching g-string',0,'Dotted sheer chemise with ruffle lace edges and matching g-string','2009-07-11',1,0,0,NULL,NULL,NULL,NULL,NULL,NULL,NULL,NULL,0,1,NULL,'DEFAULT'),(167,1,'Stretch velvet kimono mini dress','80129','80129','Red/Black -:- S/M->Red/Black -:- M/L->Red/Black -:','Stretch velvet kimono mini dress',0,'Stretch velvet kimono mini dress','2009-07-11',1,0,0,NULL,NULL,NULL,NULL,NULL,NULL,NULL,NULL,0,1,NULL,'DEFAULT'),(168,1,'French maid teddy','80104','80104','Black/White -:- S/M->Black/White -:- M/L->Black/Wh','French maid teddy',0,'French maid teddy','2009-07-11',1,0,0,NULL,NULL,NULL,NULL,NULL,NULL,NULL,NULL,0,1,NULL,'DEFAULT'),(169,1,'French maid ruffle dress and garter','80108','80108','Light Blue/White -:- S->Light Blue/White -:- M->Li','French maid ruffle dress and garter',0,'French maid ruffle dress and garter','2009-07-11',1,0,0,NULL,NULL,NULL,NULL,NULL,NULL,NULL,NULL,0,1,NULL,'DEFAULT'),(170,1,'Sheer ruffle lace edge top with garter skirt and string bikini','80122','80122','White/Red -:- One Size->White/Red -:- XL','Sheer ruffle lace edge top with garter skirt and string bikini',0,'Sheer ruffle lace edge top with garter skirt and string bikini','2009-07-11',1,0,0,NULL,NULL,NULL,NULL,NULL,NULL,NULL,NULL,0,1,NULL,'DEFAULT'),(171,1,'Ruffle bandeau and side strings thong','80127','80127','Pink -:- XL','Ruffle bandeau and side strings thong',0,'Ruffle bandeau and side strings thong','2009-07-11',1,0,0,NULL,NULL,NULL,NULL,NULL,NULL,NULL,NULL,0,1,NULL,'DEFAULT'),(172,1,'Off the shoulder lace top and matching skirted thong','80161','80161','Black -:- One Size->Black -:- XL','Off the shoulder lace top and matching skirted thong',0,'Off the shoulder lace top and matching skirted thong','2009-07-11',1,0,0,NULL,NULL,NULL,NULL,NULL,NULL,NULL,NULL,0,1,NULL,'DEFAULT'),(173,1,'Stretch marabou bodysuit','80101','80101','Aqua -:- One Size->Aqua -:- XL','Stretch marabou bodysuit',0,'Stretch marabou bodysuit','2009-07-11',1,0,0,NULL,NULL,NULL,NULL,NULL,NULL,NULL,NULL,0,1,NULL,'DEFAULT'),(174,1,'Satin edge turtleneck sheer teddy','80109','80109','Black -:- S/M->Black -:- M/L->Black -:- XL','Satin edge turtleneck sheer teddy',0,'Satin edge turtleneck sheer teddy','2009-07-11',1,0,0,NULL,NULL,NULL,NULL,NULL,NULL,NULL,NULL,0,1,NULL,'DEFAULT'),(175,1,'Halter cup less mesh teddy','80116','80116','Black -:- XL','Halter cup less mesh teddy',0,'Halter cup less mesh teddy','2009-07-11',1,0,0,NULL,NULL,NULL,NULL,NULL,NULL,NULL,NULL,0,1,NULL,'DEFAULT'),(176,1,'Sheer and lace baby doll with satin trim and matching thong','80130','80130','White -:- XL','Sheer and lace baby doll with satin trim and matching thong',0,'Sheer and lace baby doll with satin trim and matching thong','2009-07-11',1,0,0,NULL,NULL,NULL,NULL,NULL,NULL,NULL,NULL,0,1,NULL,'DEFAULT'),(177,1,'Sheer embroidered baby doll and matching g-string','80159','80159','Black/Red -:- XL','Sheer embroidered baby doll and matching g-string',0,'Sheer embroidered baby doll and matching g-string','2009-07-11',1,0,0,NULL,NULL,NULL,NULL,NULL,NULL,NULL,NULL,0,1,NULL,'DEFAULT'),(178,1,'Corset with lace-up front and non attached sleeves&comma; adjustable straps and garters and matching g-string','80148','80148','Black -:- S/M->Black -:- M/L->Black -:- XL','Corset with lace-up front and non attached sleeves&comma; adjustable straps and garters and matching g-string',0,'Corset with lace-up front and non attached sleeves&comma; adjustable straps and garters and matching g-string','2009-07-11',1,0,0,NULL,NULL,NULL,NULL,NULL,NULL,NULL,NULL,0,1,NULL,'DEFAULT'),(179,1,'Embroidered mesh corset with lace-up back and matching g-string','80160','80160','White/Pink -:- S->White/Pink -:- M->White/Pink -:-','Embroidered mesh corset with lace-up back and matching g-string',0,'Embroidered mesh corset with lace-up back and matching g-string','2009-07-11',1,0,0,NULL,NULL,NULL,NULL,NULL,NULL,NULL,NULL,0,1,NULL,'DEFAULT'),(180,1,'Flower baby doll and matching thong','80114','80114','Black -:- One Size->Black -:- XL','Flower baby doll and matching thong',0,'Flower baby doll and matching thong','2009-07-11',1,0,0,NULL,NULL,NULL,NULL,NULL,NULL,NULL,NULL,0,1,NULL,'DEFAULT'),(181,1,'Embroidered corset with underwire cups&comma; garter with front lace-up&comma; hook and eye back.   includes g-string','80120','80120','White/Black -:- S->White/Black -:- M->White/Black ','Embroidered corset with underwire cups&comma; garter with front lace-up&comma; hook and eye back.   includes g-string',0,'Embroidered corset with underwire cups&comma; garter with front lace-up&comma; hook and eye back.   includes g-string','2009-07-11',1,0,0,NULL,NULL,NULL,NULL,NULL,NULL,NULL,NULL,0,1,NULL,'DEFAULT'),(182,1,'Deep v ring teddy','80131','80131','White -:- One Size->White -:- XL','Deep v ring teddy',0,'Deep v ring teddy','2009-07-11',1,0,0,NULL,NULL,NULL,NULL,NULL,NULL,NULL,NULL,0,1,NULL,'DEFAULT'),(183,1,'Sheer cami with 2 front side satin lace-up and matching side bow g-string','80132','80132','Black/White -:- XL','Sheer cami with 2 front side satin lace-up and matching side bow g-string',0,'Sheer cami with 2 front side satin lace-up and matching side bow g-string','2009-07-11',1,0,0,NULL,NULL,NULL,NULL,NULL,NULL,NULL,NULL,0,1,NULL,'DEFAULT'),(184,1,'Embroidered sheer underwire cami corset and matching g-string','80136','80136','White -:- S->White -:- M->White -:- L->White -:- X','Embroidered sheer underwire cami corset and matching g-string',0,'Embroidered sheer underwire cami corset and matching g-string','2009-07-11',1,0,0,NULL,NULL,NULL,NULL,NULL,NULL,NULL,NULL,0,1,NULL,'DEFAULT'),(185,1,'Mesh bow with lace trim cami and matching g-string','80137','80137','Black/Light Blue -:- XL','Mesh bow with lace trim cami and matching g-string',0,'Mesh bow with lace trim cami and matching g-string','2009-07-11',1,0,0,NULL,NULL,NULL,NULL,NULL,NULL,NULL,NULL,0,1,NULL,'DEFAULT'),(186,1,'Satin cami with trim lace and matching boy short','80139','80139','White -:- XL','Satin cami with trim lace and matching boy short',0,'Satin cami with trim lace and matching boy short','2009-07-11',1,0,0,NULL,NULL,NULL,NULL,NULL,NULL,NULL,NULL,0,1,NULL,'DEFAULT'),(187,1,'Sheer metallic dots no wire triangle bra and thong tiny skirt','80140','80140','White -:- XL','Sheer metallic dots no wire triangle bra and thong tiny skirt',0,'Sheer metallic dots no wire triangle bra and thong tiny skirt','2009-07-11',1,0,0,NULL,NULL,NULL,NULL,NULL,NULL,NULL,NULL,0,1,NULL,'DEFAULT'),(188,1,'Satin ruffle chemise','80142','80142','White/Pink -:- S/M->White/Pink -:- M/L->White/Pink','Satin ruffle chemise',0,'Satin ruffle chemise','2009-07-11',1,0,0,NULL,NULL,NULL,NULL,NULL,NULL,NULL,NULL,0,1,NULL,'DEFAULT'),(189,1,'Deep v halter teddy with applique','80151','80151','Baby Pink -:- S/M->Baby Pink -:- M/L->Baby Pink -:','Deep v halter teddy with applique',0,'Deep v halter teddy with applique','2009-07-11',1,0,0,NULL,NULL,NULL,NULL,NULL,NULL,NULL,NULL,0,1,NULL,'DEFAULT'),(190,1,'Halter teddy with belt','80154','80154','Grey -:- One Size->Grey -:- XL','Halter teddy with belt',0,'Halter teddy with belt','2009-07-11',1,0,0,NULL,NULL,NULL,NULL,NULL,NULL,NULL,NULL,0,1,NULL,'DEFAULT'),(191,1,'Lace trim cami and low rise brief','80155','80155','Grey -:- XL','Lace trim cami and low rise brief',0,'Lace trim cami and low rise brief','2009-07-11',1,0,0,NULL,NULL,NULL,NULL,NULL,NULL,NULL,NULL,0,1,NULL,'DEFAULT'),(192,1,'Tropical deep v ring teddy','80156','80156','Multi Colors -:- One Size->Multi Colors -:- XL','Tropical deep v ring teddy',0,'Tropical deep v ring teddy','2009-07-11',1,0,0,NULL,NULL,NULL,NULL,NULL,NULL,NULL,NULL,0,1,NULL,'DEFAULT'),(193,1,'Lace applique halter top and matching skirted thong','80157','80157','White/Baby Pink -:- S/M->White/Baby Pink -:- M/L->','Lace applique halter top and matching skirted thong',0,'Lace applique halter top and matching skirted thong','2009-07-11',1,0,0,NULL,NULL,NULL,NULL,NULL,NULL,NULL,NULL,0,1,NULL,'DEFAULT'),(194,1,'Lace up underwire plunge bra and side lace up panty','80158','80158','Pink -:- S->Pink -:- M->Pink -:- L->Pink -:- XL','Lace up underwire plunge bra and side lace up panty',0,'Lace up underwire plunge bra and side lace up panty','2009-07-11',1,0,0,NULL,NULL,NULL,NULL,NULL,NULL,NULL,NULL,0,1,NULL,'DEFAULT'),(195,1,'Chemise with adjustable bow and thong','80162','80162','Light Blue -:- XL','Chemise with adjustable bow and thong',0,'Chemise with adjustable bow and thong','2009-07-11',1,0,0,NULL,NULL,NULL,NULL,NULL,NULL,NULL,NULL,0,1,NULL,'DEFAULT'),(196,1,'Beautiful lace teddy with front corset style lacing. Closure has hook & eye with an open back','80165','80165','Black/Pink -:- XL','Beautiful lace teddy with front corset style lacing. Closure has hook & eye with an open back',0,'Beautiful lace teddy with front corset style lacing. Closure has hook & eye with an open back','2009-07-11',1,0,0,NULL,NULL,NULL,NULL,NULL,NULL,NULL,NULL,0,1,NULL,'DEFAULT'),(197,1,'Two piece floral printed baby doll and lace cups with matching g-string','80171','80171','Aqua -:- S->Aqua -:- M->Aqua -:- L->Aqua -:- XL','Two piece floral printed baby doll and lace cups with matching g-string',0,'Two piece floral printed baby doll and lace cups with matching g-string','2009-07-11',1,0,0,NULL,NULL,NULL,NULL,NULL,NULL,NULL,NULL,0,1,NULL,'DEFAULT'),(198,1,'Two piece mesh and lace chemise with matching g-string','80172','80172','Aqua -:- S->Aqua -:- L->Aqua -:- XL','Two piece mesh and lace chemise with matching g-string',0,'Two piece mesh and lace chemise with matching g-string','2009-07-11',1,0,0,NULL,NULL,NULL,NULL,NULL,NULL,NULL,NULL,0,1,NULL,'DEFAULT'),(199,1,'Two piece floral print baby doll with matching g-string','80164','80164','Multi Color -:- S->Multi Color -:- M->Multi Color ','Two piece floral print baby doll with matching g-string',0,'Two piece floral print baby doll with matching g-string','2009-07-11',1,0,0,NULL,NULL,NULL,NULL,NULL,NULL,NULL,NULL,0,1,NULL,'DEFAULT'),(200,1,'Two piece mesh and lace trim wrap baby doll with matching thong panty','80166','80166','Peach -:- S->Peach -:- M->Peach -:- L->Peach -:- X','Two piece mesh and lace trim wrap baby doll with matching thong panty',0,'Two piece mesh and lace trim wrap baby doll with matching thong panty','2009-07-11',1,0,0,NULL,NULL,NULL,NULL,NULL,NULL,NULL,NULL,0,1,NULL,'DEFAULT'),(201,1,'Ruffle layers baby doll and matching g-string','80202','80202','Black -:- S->Black -:- M->Black -:- L->Black -:- X','Ruffle layers baby doll and matching g-string',0,'Ruffle layers baby doll and matching g-string','2009-07-11',1,0,0,NULL,NULL,NULL,NULL,NULL,NULL,NULL,NULL,0,1,NULL,'DEFAULT'),(202,1,'Mesh with applique bra shape baby doll and matching g-string','80203','80203','Black/Green -:- M/L','Mesh with applique bra shape baby doll and matching g-string',0,'Mesh with applique bra shape baby doll and matching g-string','2009-07-11',1,0,0,NULL,NULL,NULL,NULL,NULL,NULL,NULL,NULL,0,1,NULL,'DEFAULT'),(203,1,'Marabou stretch corset with hook and eye front and matching thong','80144','80144','Black -:- S/M->Black -:- M/L->Black -:- XL','Marabou stretch corset with hook and eye front and matching thong',0,'Marabou stretch corset with hook and eye front and matching thong','2009-07-11',1,0,0,NULL,NULL,NULL,NULL,NULL,NULL,NULL,NULL,0,1,NULL,'DEFAULT'),(204,1,'Stretch white lace up front corset with underwire cups and matching g-string','80153','80153','Ivory -:- S/M->Ivory -:- M/L->Ivory -:- XL','Stretch white lace up front corset with underwire cups and matching g-string',0,'Stretch white lace up front corset with underwire cups and matching g-string','2009-07-11',1,0,0,NULL,NULL,NULL,NULL,NULL,NULL,NULL,NULL,0,1,NULL,'DEFAULT'),(205,1,'Satin corset with padded cups&comma; lace trim and bows with adjustable straps','80189','80189','Black/Pink -:- S->Black/Pink -:- M->Black/Pink -:-','Satin corset with padded cups&comma; lace trim and bows with adjustable straps',0,'Satin corset with padded cups&comma; lace trim and bows with adjustable straps','2009-07-11',1,0,0,NULL,NULL,NULL,NULL,NULL,NULL,NULL,NULL,0,1,NULL,'DEFAULT'),(206,1,'Mesh embroidered corset with underwire bra&comma; garter with lace top and matching g-string','80123','80123','White -:- L','Mesh embroidered corset with underwire bra&comma; garter with lace top and matching g-string',0,'Mesh embroidered corset with underwire bra&comma; garter with lace top and matching g-string','2009-07-11',1,0,0,NULL,NULL,NULL,NULL,NULL,NULL,NULL,NULL,0,1,NULL,'DEFAULT'),(207,1,'Embroidered padded top bra cami and matching g-string','80118','80118','Black/Fuchsia -:- XL','Embroidered padded top bra cami and matching g-string',0,'Embroidered padded top bra cami and matching g-string','2009-07-11',1,0,0,NULL,NULL,NULL,NULL,NULL,NULL,NULL,NULL,0,1,NULL,'DEFAULT'),(208,1,'Embroidered cami with underwire bra ruffle and lace brief bikini','80147','80147','White -:- M/L->White -:- XL','Embroidered cami with underwire bra ruffle and lace brief bikini',0,'Embroidered cami with underwire bra ruffle and lace brief bikini','2009-07-11',1,0,0,NULL,NULL,NULL,NULL,NULL,NULL,NULL,NULL,0,1,NULL,'DEFAULT'),(209,1,'Two piece v-neck and ruffle trim with matching g-string','80163','80163','Black/Red -:- S/M->Black/Red -:- M/L->Black/Red -:','Two piece v-neck and ruffle trim with matching g-string',0,'Two piece v-neck and ruffle trim with matching g-string','2009-07-11',1,0,0,NULL,NULL,NULL,NULL,NULL,NULL,NULL,NULL,0,1,NULL,'DEFAULT'),(210,1,'Two piece scoop polka dot and white bow cami with matching thong panty','80167','80167','Black/White -:- L->Black/White -:- XL','Two piece scoop polka dot and white bow cami with matching thong panty',0,'Two piece scoop polka dot and white bow cami with matching thong panty','2009-07-11',1,0,0,NULL,NULL,NULL,NULL,NULL,NULL,NULL,NULL,0,1,NULL,'DEFAULT'),(211,1,'Two piece v-neck floral lace/elastic trim cami with matching thong panty','80168','80168','Aqua -:- S/M->Aqua -:- M/L->Aqua -:- XL','Two piece v-neck floral lace/elastic trim cami with matching thong panty',0,'Two piece v-neck floral lace/elastic trim cami with matching thong panty','2009-07-11',1,0,0,NULL,NULL,NULL,NULL,NULL,NULL,NULL,NULL,0,1,NULL,'DEFAULT'),(212,1,'Two piece v-neck mesh cami with lace trim and matching brief','80169','80169','White -:- S/M->White -:- M/L','Two piece v-neck mesh cami with lace trim and matching brief',0,'Two piece v-neck mesh cami with lace trim and matching brief','2009-07-11',1,0,0,NULL,NULL,NULL,NULL,NULL,NULL,NULL,NULL,0,1,NULL,'DEFAULT'),(213,1,'Two piece floral printed cami with adjustable straps and matching thong panty','80170','80170','Pink/Yellow -:- XL','Two piece floral printed cami with adjustable straps and matching thong panty',0,'Two piece floral printed cami with adjustable straps and matching thong panty','2009-07-11',1,0,0,NULL,NULL,NULL,NULL,NULL,NULL,NULL,NULL,0,1,NULL,'DEFAULT'),(214,1,'Two piece mesh/lace cami&comma; lace up front&comma; and adjustable straps with matching thong panty','80175','80175','Black/White -:- XL','Two piece mesh/lace cami&comma; lace up front&comma; and adjustable straps with matching thong panty',0,'Two piece mesh/lace cami&comma; lace up front&comma; and adjustable straps with matching thong panty','2009-07-11',1,0,0,NULL,NULL,NULL,NULL,NULL,NULL,NULL,NULL,0,1,NULL,'DEFAULT'),(215,1,'Two piece printed fabric lace trimmed cami and adjustable straps with matching thong panty','80176','80176','Red/Black -:- S/M->Red/Black -:- M/L->Red/Black -:','Two piece printed fabric lace trimmed cami and adjustable straps with matching thong panty',0,'Two piece printed fabric lace trimmed cami and adjustable straps with matching thong panty','2009-07-11',1,0,0,NULL,NULL,NULL,NULL,NULL,NULL,NULL,NULL,0,1,NULL,'DEFAULT'),(216,1,'Two piece meshed princess panels&comma; lace applique&comma; and adjustable straps with matching panty','80178','80178','Black/White -:- S/M->Black/White -:- M/L->Black/Wh','Two piece meshed princess panels&comma; lace applique&comma; and adjustable straps with matching panty',0,'Two piece meshed princess panels&comma; lace applique&comma; and adjustable straps with matching panty','2009-07-11',1,0,0,NULL,NULL,NULL,NULL,NULL,NULL,NULL,NULL,0,1,NULL,'DEFAULT'),(217,1,'Two piece v-neck embroidered mesh and lace cami and adjustable straps with matching tanga panty','80179','80179','Peach -:- S->Peach -:- XL','Two piece v-neck embroidered mesh and lace cami and adjustable straps with matching tanga panty',0,'Two piece v-neck embroidered mesh and lace cami and adjustable straps with matching tanga panty','2009-07-11',1,0,0,NULL,NULL,NULL,NULL,NULL,NULL,NULL,NULL,0,1,NULL,'DEFAULT'),(218,1,'Two piece corset style cami with lace and woven ribbon&comma; hook & eye back&comma; padded cups&comma; under wire&comma; adjustable straps with matching thong','80180','80180','Black/Pink -:- S->Black/Pink -:- M->Black/Pink -:-','Two piece corset style cami with lace and woven ribbon&comma; hook & eye back&comma; padded cups&comma; under wire&comma; adjustable straps with matching thong',0,'Two piece corset style cami with lace and woven ribbon&comma; hook & eye back&comma; padded cups&comma; under wire&comma; adjustable straps with matching thong','2009-07-11',1,0,0,NULL,NULL,NULL,NULL,NULL,NULL,NULL,NULL,0,1,NULL,'DEFAULT'),(219,1,'Two piece mesh embroidered mid-drift cami with bow and adjustable straps with matching thong panty','80181','80181','White -:- S->White -:- M->White -:- L->White -:- X','Two piece mesh embroidered mid-drift cami with bow and adjustable straps with matching thong panty',0,'Two piece mesh embroidered mid-drift cami with bow and adjustable straps with matching thong panty','2009-07-11',1,0,0,NULL,NULL,NULL,NULL,NULL,NULL,NULL,NULL,0,1,NULL,'DEFAULT'),(220,1,'Sheer embroidered chemise with ruffle edge and g-string','80152','80152','Black/Red -:- One Size->Black/Red -:- XL','Sheer embroidered chemise with ruffle edge and g-string',0,'Sheer embroidered chemise with ruffle edge and g-string','2009-07-11',1,0,0,NULL,NULL,NULL,NULL,NULL,NULL,NULL,NULL,0,1,NULL,'DEFAULT'),(221,1,'Lace tied front chemise and matching g-string','80201','80201','Black -:- S->Black -:- M->Black -:- XL','Lace tied front chemise and matching g-string',0,'Lace tied front chemise and matching g-string','2009-07-11',1,0,0,NULL,NULL,NULL,NULL,NULL,NULL,NULL,NULL,0,1,NULL,'DEFAULT'),(222,1,'Embroidered balconnet corset bra and matching thong','80133','80133','Black/White -:- XL','Embroidered balconnet corset bra and matching thong',0,'Embroidered balconnet corset bra and matching thong','2009-07-11',1,0,0,NULL,NULL,NULL,NULL,NULL,NULL,NULL,NULL,0,1,NULL,'DEFAULT'),(223,1,'Tropical mesh and trim lace push up bra and matching thong','80135','80135','Multi Colors -:- S->Multi Colors -:- M->Multi Colo','Tropical mesh and trim lace push up bra and matching thong',0,'Tropical mesh and trim lace push up bra and matching thong','2009-07-11',1,0,0,NULL,NULL,NULL,NULL,NULL,NULL,NULL,NULL,0,1,NULL,'DEFAULT'),(224,1,'Sheer embroidered underwire bra with matching cinch and little brief bikini','80141','80141','Black -:- S/M->Black -:- M/L->Black -:- XL','Sheer embroidered underwire bra with matching cinch and little brief bikini',0,'Sheer embroidered underwire bra with matching cinch and little brief bikini','2009-07-11',1,0,0,NULL,NULL,NULL,NULL,NULL,NULL,NULL,NULL,0,1,NULL,'DEFAULT'),(225,1,'Halter triangle printed mesh and bikini with strings','80146','80146','Multi Colors -:- XL','Halter triangle printed mesh and bikini with strings',0,'Halter triangle printed mesh and bikini with strings','2009-07-11',1,0,0,NULL,NULL,NULL,NULL,NULL,NULL,NULL,NULL,0,1,NULL,'DEFAULT'),(226,1,'Lace underwire bra and matching bikini','80150','80150','Fuchsia -:- XL','Lace underwire bra and matching bikini',0,'Lace underwire bra and matching bikini','2009-07-11',1,0,0,NULL,NULL,NULL,NULL,NULL,NULL,NULL,NULL,0,1,NULL,'DEFAULT'),(227,1,'Two piece lace bra&comma; under wire&comma; adjustable straps and wrap around tanga with bow trim','80174','80174','Black/Pink -:- XL','Two piece lace bra&comma; under wire&comma; adjustable straps and wrap around tanga with bow trim',0,'Two piece lace bra&comma; under wire&comma; adjustable straps and wrap around tanga with bow trim','2009-07-11',1,0,0,NULL,NULL,NULL,NULL,NULL,NULL,NULL,NULL,0,1,NULL,'DEFAULT'),(228,1,'Flower embroidered push up padded bra with matching thong panty','80186','80186','Burgundy -:- S','Flower embroidered push up padded bra with matching thong panty',0,'Flower embroidered push up padded bra with matching thong panty','2009-07-11',1,0,0,NULL,NULL,NULL,NULL,NULL,NULL,NULL,NULL,0,1,NULL,'DEFAULT'),(229,1,'Flower embroidered bra with matching thong panty','80187','80187','Black -:- XL','Flower embroidered bra with matching thong panty',0,'Flower embroidered bra with matching thong panty','2009-07-11',1,0,0,NULL,NULL,NULL,NULL,NULL,NULL,NULL,NULL,0,1,NULL,'DEFAULT'),(230,1,'Flower embroidered applique on padded bra with matching g-string','80190','80190','Black -:- L','Flower embroidered applique on padded bra with matching g-string',0,'Flower embroidered applique on padded bra with matching g-string','2009-07-11',1,0,0,NULL,NULL,NULL,NULL,NULL,NULL,NULL,NULL,0,1,NULL,'DEFAULT'),(231,1,'Flower embroidered mesh padded bra and rhinestone eyelets on straps with matching g-string','80191','80191','Black/Blue -:- S','Flower embroidered mesh padded bra and rhinestone eyelets on straps with matching g-string',0,'Flower embroidered mesh padded bra and rhinestone eyelets on straps with matching g-string','2009-07-11',1,0,0,NULL,NULL,NULL,NULL,NULL,NULL,NULL,NULL,0,1,NULL,'DEFAULT'),(232,1,'Embroidered boy short','70037','70037','White -:- XL','Embroidered boy short',0,'Embroidered boy short','2009-07-11',1,0,0,NULL,NULL,NULL,NULL,NULL,NULL,NULL,NULL,0,1,NULL,'DEFAULT'),(233,1,'Mesh teddy with lace trim and adjustable straps','80177','80177','Black -:- S/M','Mesh teddy with lace trim and adjustable straps',0,'Mesh teddy with lace trim and adjustable straps','2009-07-11',1,0,0,NULL,NULL,NULL,NULL,NULL,NULL,NULL,NULL,0,1,NULL,'DEFAULT'),(234,1,'Embroidered mesh with lace up front and adjustable straps','80183','80183','Burgundy -:- XL','Embroidered mesh with lace up front and adjustable straps',0,'Embroidered mesh with lace up front and adjustable straps','2009-07-11',1,0,0,NULL,NULL,NULL,NULL,NULL,NULL,NULL,NULL,0,1,NULL,'DEFAULT'),(235,1,'Flower embroidered with V cut out and adjustable straps','80184','80184','Blue/Aqua -:- L->Blue/Aqua -:- XL','Flower embroidered with V cut out and adjustable straps',0,'Flower embroidered with V cut out and adjustable straps','2009-07-11',1,0,0,NULL,NULL,NULL,NULL,NULL,NULL,NULL,NULL,0,1,NULL,'DEFAULT'),(236,1,'Flower embroidered mesh with lace up front and adjustable straps','80185','80185','Black/Blue -:- S->Black/Blue -:- XL','Flower embroidered mesh with lace up front and adjustable straps',0,'Flower embroidered mesh with lace up front and adjustable straps','2009-07-11',1,0,0,NULL,NULL,NULL,NULL,NULL,NULL,NULL,NULL,0,1,NULL,'DEFAULT'),(237,1,'Flower embroidered appliques and lace up front with cut out thong panty','80188','80188','Black -:- XL','Flower embroidered appliques and lace up front with cut out thong panty',0,'Flower embroidered appliques and lace up front with cut out thong panty','2009-07-11',1,0,0,NULL,NULL,NULL,NULL,NULL,NULL,NULL,NULL,0,1,NULL,'DEFAULT'),(238,1,'Rhinestone flower bra and fringe with matching g-string','80182','80182','Silver -:- One Size','Rhinestone flower bra and fringe with matching g-string',0,'Rhinestone flower bra and fringe with matching g-string','2009-07-11',1,0,0,NULL,NULL,NULL,NULL,NULL,NULL,NULL,NULL,0,1,NULL,'DEFAULT'),(239,1,'Rhinestone Diamond Weave bra and fringe with matching g-string','80192','80192','Silver -:- One Size','Rhinestone Diamond Weave bra and fringe with matching g-string',0,'Rhinestone Diamond Weave bra and fringe with matching g-string','2009-07-11',1,0,0,NULL,NULL,NULL,NULL,NULL,NULL,NULL,NULL,0,1,NULL,'DEFAULT'),(240,1,'Rhinestone Star and Flower bra with matching g-string','80193','80193','Silver -:- One Size','Rhinestone Star and Flower bra with matching g-string',0,'Rhinestone Star and Flower bra with matching g-string','2009-07-11',1,0,0,NULL,NULL,NULL,NULL,NULL,NULL,NULL,NULL,0,1,NULL,'DEFAULT'),(241,1,'Rhinestone triangle bra with Cross&comma; fringe and matching g-string','80194','80194','Silver -:- One Size','Rhinestone triangle bra with Cross&comma; fringe and matching g-string',0,'Rhinestone triangle bra with Cross&comma; fringe and matching g-string','2009-07-11',1,0,0,NULL,NULL,NULL,NULL,NULL,NULL,NULL,NULL,0,1,NULL,'DEFAULT'),(242,1,'Rhinestone Circle and Flower bra with matching g-string','80195','80195','Silver -:- One Size','Rhinestone Circle and Flower bra with matching g-string',0,'Rhinestone Circle and Flower bra with matching g-string','2009-07-11',1,0,0,NULL,NULL,NULL,NULL,NULL,NULL,NULL,NULL,0,1,NULL,'DEFAULT'),(243,1,'Rhinestone triangle bra with matching g-string','80196','80196','Silver -:- One Size','Rhinestone triangle bra with matching g-string',0,'Rhinestone triangle bra with matching g-string','2009-07-11',1,0,0,NULL,NULL,NULL,NULL,NULL,NULL,NULL,NULL,0,1,NULL,'DEFAULT'),(244,1,'Rhinestone Sweetheart bra with matching g-string','80197','80197','Silver -:- One Size','Rhinestone Sweetheart bra with matching g-string',0,'Rhinestone Sweetheart bra with matching g-string','2009-07-11',1,0,0,NULL,NULL,NULL,NULL,NULL,NULL,NULL,NULL,0,1,NULL,'DEFAULT'),(245,1,'Rhinestone Cascade bra with matching g-string','80198','80198','Silver -:- One Size','Rhinestone Cascade bra with matching g-string',0,'Rhinestone Cascade bra with matching g-string','2009-07-11',1,0,0,NULL,NULL,NULL,NULL,NULL,NULL,NULL,NULL,0,1,NULL,'DEFAULT'),(246,1,'Rhinestone large flower bra','80199','80199','Silver -:- One Size','Rhinestone large flower bra',0,'Rhinestone large flower bra','2009-07-11',1,0,0,NULL,NULL,NULL,NULL,NULL,NULL,NULL,NULL,0,1,NULL,'DEFAULT'),(247,1,'Rhinestone fringe skirt with low V front (Bra top is not included)','80200','80200','Silver -:- One Size','Rhinestone fringe skirt with low V front (Bra top is not included)',0,'Rhinestone fringe skirt with low V front (Bra top is not included)','2009-07-11',1,0,0,NULL,NULL,NULL,NULL,NULL,NULL,NULL,NULL,0,1,NULL,'DEFAULT'),(248,1,'Lace stripes underwire padded bra and low rise hipster bikini','80134','80134','Black/White -:- XL','Lace stripes underwire padded bra and low rise hipster bikini',0,'Lace stripes underwire padded bra and low rise hipster bikini','2009-07-11',1,0,0,NULL,NULL,NULL,NULL,NULL,NULL,NULL,NULL,0,1,NULL,'DEFAULT'),(249,1,'Padded bra&comma; side lace-up garter and matching g-string','80149','80149','Brown -:- S->Brown -:- M->Brown -:- L->Brown -:- X','Padded bra&comma; side lace-up garter and matching g-string',0,'Padded bra&comma; side lace-up garter and matching g-string','2009-07-11',1,0,0,NULL,NULL,NULL,NULL,NULL,NULL,NULL,NULL,0,1,NULL,'DEFAULT'),(250,1,'Lace bra corset teddy','80143','80143','Black -:- S/M->Black -:- M/L->Black -:- XL','Lace bra corset teddy',0,'Lace bra corset teddy','2009-07-11',1,0,0,NULL,NULL,NULL,NULL,NULL,NULL,NULL,NULL,0,1,NULL,'DEFAULT'),(251,1,'Balconnet underwire lace bra and matching lace low rise bikini','80145','80145','Black -:- L->Black -:- XL','Balconnet underwire lace bra and matching lace low rise bikini',0,'Balconnet underwire lace bra and matching lace low rise bikini','2009-07-11',1,0,0,NULL,NULL,NULL,NULL,NULL,NULL,NULL,NULL,0,1,NULL,'DEFAULT'),(252,1,'Embroidered sheer and underwire lace bra and matching boy short','80138','80138','Black/Red -:- S->Black/Red -:- M','Embroidered sheer and underwire lace bra and matching boy short',0,'Embroidered sheer and underwire lace bra and matching boy short','2009-07-11',1,0,0,NULL,NULL,NULL,NULL,NULL,NULL,NULL,NULL,0,1,NULL,'DEFAULT'),(253,1,'Curved halter teddy with strappy ties and ring embellishments','80245','80245','Red/Black -:- M/L->Red/Black -:- XL','Curved halter teddy with strappy ties and ring embellishments',0,'Curved halter teddy with strappy ties and ring embellishments','2009-07-11',1,0,0,NULL,NULL,NULL,NULL,NULL,NULL,NULL,NULL,0,1,NULL,'DEFAULT'),(254,1,'Open front teddy with cross ties from crotch to around neck','80246','80246','Red -:- XL','Open front teddy with cross ties from crotch to around neck',0,'Open front teddy with cross ties from crotch to around neck','2009-07-11',1,0,0,NULL,NULL,NULL,NULL,NULL,NULL,NULL,NULL,0,1,NULL,'DEFAULT'),(255,1,'Bandeau top sectioned suit with rings down center front','80251','80251','Black -:- S/M','Bandeau top sectioned suit with rings down center front',0,'Bandeau top sectioned suit with rings down center front','2009-07-11',1,0,0,NULL,NULL,NULL,NULL,NULL,NULL,NULL,NULL,0,1,NULL,'DEFAULT'),(256,1,'Teddy with center front keyhole that ties up.','80250','80250','Red -:- S/M->Red -:- M/L','Teddy with center front keyhole that ties up.',0,'Teddy with center front keyhole that ties up.','2009-07-11',1,0,0,NULL,NULL,NULL,NULL,NULL,NULL,NULL,NULL,0,1,NULL,'DEFAULT'),(257,1,'French maid nighty.  Dot net mesh with stretch lace detail on bust and straps.  Satin inset on center bodice.  Lace trim on hemline.  Matching satin apron and thong','80242','80242','Black/White -:- S/M','French maid nighty.  Dot net mesh with stretch lace detail on bust and straps.  Satin inset on center bodice.  Lace trim on hemline.  Matching satin apron and thong',0,'French maid nighty.  Dot net mesh with stretch lace detail on bust and straps.  Satin inset on center bodice.  Lace trim on hemline.  Matching satin apron and thong','2009-07-11',1,0,0,NULL,NULL,NULL,NULL,NULL,NULL,NULL,NULL,0,1,NULL,'DEFAULT'),(258,1,'Black and red corset dress with lace up front.  White scalloped lace bra and bodice. Matchig thong','80243','80243','Black/White/Red -:- S->Black/White/Red -:- M->Blac','Black and red corset dress with lace up front.  White scalloped lace bra and bodice. Matchig thong',0,'Black and red corset dress with lace up front.  White scalloped lace bra and bodice. Matchig thong','2009-07-11',1,0,0,NULL,NULL,NULL,NULL,NULL,NULL,NULL,NULL,0,1,NULL,'DEFAULT'),(259,1,'Dot net cover up with deep v-neck line','80252','80252','Black -:- S/M->Black -:- M/L','Dot net cover up with deep v-neck line',0,'Dot net cover up with deep v-neck line','2009-07-11',1,0,0,NULL,NULL,NULL,NULL,NULL,NULL,NULL,NULL,0,1,NULL,'DEFAULT'),(260,1,'Open front fitted short sleeve camisole with horizontal straps through center and sleeve caps. Matching thong','80253','80253','Black -:- S/M->Black -:- M/L->Black -:- XL->Red -:','Open front fitted short sleeve camisole with horizontal straps through center and sleeve caps. Matching thong',0,'Open front fitted short sleeve camisole with horizontal straps through center and sleeve caps. Matching thong','2009-07-11',1,0,0,NULL,NULL,NULL,NULL,NULL,NULL,NULL,NULL,0,1,NULL,'DEFAULT'),(261,1,'Stretch camisole with matching bikini panty and lace trim.  Adjustable bra straps','80244','80244','Black/Red -:- S/M->Black/Red -:- M/L','Stretch camisole with matching bikini panty and lace trim.  Adjustable bra straps',0,'Stretch camisole with matching bikini panty and lace trim.  Adjustable bra straps','2009-07-11',1,0,0,NULL,NULL,NULL,NULL,NULL,NULL,NULL,NULL,0,1,NULL,'DEFAULT'),(262,1,'Dot net baby doll with under wire strappy open cup bra with lace detail over cup. Matching thong','80247','80247','Black/Red -:- S/M','Dot net baby doll with under wire strappy open cup bra with lace detail over cup. Matching thong',0,'Dot net baby doll with under wire strappy open cup bra with lace detail over cup. Matching thong','2009-07-11',1,0,0,NULL,NULL,NULL,NULL,NULL,NULL,NULL,NULL,0,1,NULL,'DEFAULT'),(263,1,'Halter bikini top with bikini bottoms','80248','80248','Black -:- M/L','Halter bikini top with bikini bottoms',0,'Halter bikini top with bikini bottoms','2009-07-11',1,0,0,NULL,NULL,NULL,NULL,NULL,NULL,NULL,NULL,0,1,NULL,'DEFAULT'),(264,1,'From Sensual Mystique Premium Collection. Embroidered floral teddy with open front design with floral lace garters.  Padded&comma; underwired top with adjustable straps','80257','80257','Pink -:- 34B->Pink -:- 34C->Pink -:- 36C->Pink -:-','From Sensual Mystique Premium Collection. Embroidered floral teddy with open front design with floral lace garters.  Padded&comma; underwired top with adjustable straps',0,'From Sensual Mystique Premium Collection. Embroidered floral teddy with open front design with floral lace garters.  Padded&comma; underwired top with adjustable straps','2009-07-11',1,0,0,NULL,NULL,NULL,NULL,NULL,NULL,NULL,NULL,0,1,NULL,'DEFAULT'),(265,1,'Mesh chemise with rhinestone-lined details and underwired padded cups.  Ruffled cups and bottom edge.  Hook and eye back closure.  Adjustable rhinestone straps. Matching thong is inlcuded','80256','80256','Black -:- S','Mesh chemise with rhinestone-lined details and underwired padded cups.  Ruffled cups and bottom edge.  Hook and eye back closure.  Adjustable rhinestone straps. Matching thong is inlcuded',0,'Mesh chemise with rhinestone-lined details and underwired padded cups.  Ruffled cups and bottom edge.  Hook and eye back closure.  Adjustable rhinestone straps. Matching thong is inlcuded','2009-07-11',1,0,0,NULL,NULL,NULL,NULL,NULL,NULL,NULL,NULL,0,1,NULL,'DEFAULT'),(266,1,'Heart mesh camisole with ribbon laced trimmed&comma; underwired padded cups and adjustable straps.  Hook and eye back closure for top support.  Comes with matching','80255','80255','Black -:- S->Black -:- M->Black -:- L->Black -:- X','Heart mesh camisole with ribbon laced trimmed&comma; underwired padded cups and adjustable straps.  Hook and eye back closure for top support.  Comes with matching',0,'Heart mesh camisole with ribbon laced trimmed&comma; underwired padded cups and adjustable straps.  Hook and eye back closure for top support.  Comes with matching','2009-07-11',1,0,0,NULL,NULL,NULL,NULL,NULL,NULL,NULL,NULL,0,1,NULL,'DEFAULT'),(267,1,'3 piece set.  Double-layered mesh camisole with rhinestone ruffled cups.  Adjustable rhinestone straps.  Padded&comma; underwired cups with hook and eye back closure. Come with garter belt and thong','80254','80254','Black -:- S->Black -:- M->Black -:- L->Black -:- X','3 piece set.  Double-layered mesh camisole with rhinestone ruffled cups.  Adjustable rhinestone straps.  Padded&comma; underwired cups with hook and eye back closure. Come with garter belt and thong',0,'3 piece set.  Double-layered mesh camisole with rhinestone ruffled cups.  Adjustable rhinestone straps.  Padded&comma; underwired cups with hook and eye back closure. Come with garter belt and thong','2009-07-11',1,0,0,NULL,NULL,NULL,NULL,NULL,NULL,NULL,NULL,0,1,NULL,'DEFAULT'),(268,1,'From Sensual Mystique Premium Collection. Rhinestone bra and thong set','80299','80299','Silver -:- One Size','From Sensual Mystique Premium Collection. Rhinestone bra and thong set',0,'From Sensual Mystique Premium Collection. Rhinestone bra and thong set','2009-07-11',1,0,0,NULL,NULL,NULL,NULL,NULL,NULL,NULL,NULL,0,1,NULL,'DEFAULT'),(269,1,'From Sensual Mystique Premium Collection. Rhinestone Butterfly bra and thong set','80300','80300','Silver/Cherry Red -:- One Size','From Sensual Mystique Premium Collection. Rhinestone Butterfly bra and thong set',0,'From Sensual Mystique Premium Collection. Rhinestone Butterfly bra and thong set','2009-07-11',1,0,0,NULL,NULL,NULL,NULL,NULL,NULL,NULL,NULL,0,1,NULL,'DEFAULT'),(270,1,'From Sensual Mystique Premium Collection. Rhinestone bra and thong set','80301','80301','Silver -:- One Size','From Sensual Mystique Premium Collection. Rhinestone bra and thong set',0,'From Sensual Mystique Premium Collection. Rhinestone bra and thong set','2009-07-11',1,0,0,NULL,NULL,NULL,NULL,NULL,NULL,NULL,NULL,0,1,NULL,'DEFAULT'),(271,1,'From Sensual Mystique Premium Collection. Rhinestone bra and thong set','80302','80302','Silver -:- One Size','From Sensual Mystique Premium Collection. Rhinestone bra and thong set',0,'From Sensual Mystique Premium Collection. Rhinestone bra and thong set','2009-07-11',1,0,0,NULL,NULL,NULL,NULL,NULL,NULL,NULL,NULL,0,1,NULL,'DEFAULT'),(272,1,'From Sensual Mystique Premium Collection. Rhinestone Hot Lip bra and thong set','80303','80303','Silver/Red -:- One Size','From Sensual Mystique Premium Collection. Rhinestone Hot Lip bra and thong set',0,'From Sensual Mystique Premium Collection. Rhinestone Hot Lip bra and thong set','2009-07-11',1,0,0,NULL,NULL,NULL,NULL,NULL,NULL,NULL,NULL,0,1,NULL,'DEFAULT'),(273,1,'From Sensual Mystique Premium Collection. Rhinestone Floral bra and thong set','80304','80304','Silver -:- One Size','From Sensual Mystique Premium Collection. Rhinestone Floral bra and thong set',0,'From Sensual Mystique Premium Collection. Rhinestone Floral bra and thong set','2009-07-11',1,0,0,NULL,NULL,NULL,NULL,NULL,NULL,NULL,NULL,0,1,NULL,'DEFAULT'),(274,1,'From Sensual Mystique Premium Collection. Rhinestone bra and thong set','80305','80305','Silver -:- One Size','From Sensual Mystique Premium Collection. Rhinestone bra and thong set',0,'From Sensual Mystique Premium Collection. Rhinestone bra and thong set','2009-07-11',1,0,0,NULL,NULL,NULL,NULL,NULL,NULL,NULL,NULL,0,1,NULL,'DEFAULT'),(275,1,'From Sensual Mystique Premium Collection. Rhinestone bra and thong set','80307','80307','Silver -:- One Size','From Sensual Mystique Premium Collection. Rhinestone bra and thong set',0,'From Sensual Mystique Premium Collection. Rhinestone bra and thong set','2009-07-11',1,0,0,NULL,NULL,NULL,NULL,NULL,NULL,NULL,NULL,0,1,NULL,'DEFAULT'),(276,1,'From Sensual Mystique Premium Collection. Rhinestone bra and thong set','80308','80308','Silver -:- One Size','From Sensual Mystique Premium Collection. Rhinestone bra and thong set',0,'From Sensual Mystique Premium Collection. Rhinestone bra and thong set','2009-07-11',1,0,0,NULL,NULL,NULL,NULL,NULL,NULL,NULL,NULL,0,1,NULL,'DEFAULT'),(277,1,'From Sensual Mystique Premium Collection. Rhinestone bra and thong set','80309','80309','Silver -:- One Size','From Sensual Mystique Premium Collection. Rhinestone bra and thong set',0,'From Sensual Mystique Premium Collection. Rhinestone bra and thong set','2009-07-11',1,0,0,NULL,NULL,NULL,NULL,NULL,NULL,NULL,NULL,0,1,NULL,'DEFAULT'),(278,1,'From Sensual Mystique Premium Collection. Rhinestone bra and thong set','80310','80310','Silver -:- One Size','From Sensual Mystique Premium Collection. Rhinestone bra and thong set',0,'From Sensual Mystique Premium Collection. Rhinestone bra and thong set','2009-07-11',1,0,0,NULL,NULL,NULL,NULL,NULL,NULL,NULL,NULL,0,1,NULL,'DEFAULT'),(279,1,'From Sensual Mystique Premium Collection. Rhinestone bra and thong set','80311','80311','Silver -:- One Size','From Sensual Mystique Premium Collection. Rhinestone bra and thong set',0,'From Sensual Mystique Premium Collection. Rhinestone bra and thong set','2009-07-11',1,0,0,NULL,NULL,NULL,NULL,NULL,NULL,NULL,NULL,0,1,NULL,'DEFAULT'),(280,1,'From Sensual Mystique Premium Collection. Rhinestone Sexy Bow bra and thong set','80312','80312','Silver/Blue -:- One Size','From Sensual Mystique Premium Collection. Rhinestone Sexy Bow bra and thong set',0,'From Sensual Mystique Premium Collection. Rhinestone Sexy Bow bra and thong set','2009-07-11',1,0,0,NULL,NULL,NULL,NULL,NULL,NULL,NULL,NULL,0,1,NULL,'DEFAULT'),(281,1,'From Sensual Mystique Premium Collection. Rhinestone halter bra and thong set','80313','80313','Gold -:- One Size','From Sensual Mystique Premium Collection. Rhinestone halter bra and thong set',0,'From Sensual Mystique Premium Collection. Rhinestone halter bra and thong set','2009-07-11',1,0,0,NULL,NULL,NULL,NULL,NULL,NULL,NULL,NULL,0,1,NULL,'DEFAULT'),(282,1,'From Sensual Mystique Premium Collection. Rhinestone Hearts bra and thong set','80314','80314','Silver/Cherry Red -:- One Size','From Sensual Mystique Premium Collection. Rhinestone Hearts bra and thong set',0,'From Sensual Mystique Premium Collection. Rhinestone Hearts bra and thong set','2009-07-11',1,0,0,NULL,NULL,NULL,NULL,NULL,NULL,NULL,NULL,0,1,NULL,'DEFAULT'),(283,1,'From Sensual Mystique Premium Collection. Rhinestone bra and thong set','80315','80315','Silver -:- One Size','From Sensual Mystique Premium Collection. Rhinestone bra and thong set',0,'From Sensual Mystique Premium Collection. Rhinestone bra and thong set','2009-07-11',1,0,0,NULL,NULL,NULL,NULL,NULL,NULL,NULL,NULL,0,1,NULL,'DEFAULT'),(284,1,'From Sensual Mystique Premium Collection. Rhinestone bra with fringes and thong set','80316','80316','Silver -:- One Size','From Sensual Mystique Premium Collection. Rhinestone bra with fringes and thong set',0,'From Sensual Mystique Premium Collection. Rhinestone bra with fringes and thong set','2009-07-11',1,0,0,NULL,NULL,NULL,NULL,NULL,NULL,NULL,NULL,0,1,NULL,'DEFAULT'),(285,1,'From Sensual Mystique Premium Collection. Rhinestone bra and thong set','80317','80317','Silver -:- One Size','From Sensual Mystique Premium Collection. Rhinestone bra and thong set',0,'From Sensual Mystique Premium Collection. Rhinestone bra and thong set','2009-07-11',1,0,0,NULL,NULL,NULL,NULL,NULL,NULL,NULL,NULL,0,1,NULL,'DEFAULT'),(286,1,'From Sensual Mystique Premium Collection. Rhinestone bra and thong set','80318','80318','Silver -:- One Size','From Sensual Mystique Premium Collection. Rhinestone bra and thong set',0,'From Sensual Mystique Premium Collection. Rhinestone bra and thong set','2009-07-11',1,0,0,NULL,NULL,NULL,NULL,NULL,NULL,NULL,NULL,0,1,NULL,'DEFAULT'),(287,1,'From Sensual Mystique Premium Collection. Floral embroidered bra top with matching thong','80274','80274','Pink -:- 34B->Pink -:- 34C->Pink -:- 36C->Pink -:-','From Sensual Mystique Premium Collection. Floral embroidered bra top with matching thong',0,'From Sensual Mystique Premium Collection. Floral embroidered bra top with matching thong','2009-07-11',1,0,0,NULL,NULL,NULL,NULL,NULL,NULL,NULL,NULL,0,1,NULL,'DEFAULT'),(288,1,'From Sensual Mystique Premium Collection. Lace bustier with bow treatment and matching thong','80275','80275','Nude -:- S->Nude -:- M->Nude -:- L->Nude -:- XL','From Sensual Mystique Premium Collection. Lace bustier with bow treatment and matching thong',0,'From Sensual Mystique Premium Collection. Lace bustier with bow treatment and matching thong','2009-07-11',1,0,0,NULL,NULL,NULL,NULL,NULL,NULL,NULL,NULL,0,1,NULL,'DEFAULT'),(289,1,'Lace and mesh top with underwired cups. Lace up front. Adjustable straps. With matching thongs','80258','80258','Black/Pink -:- S->Black/Pink -:- M->Black/Pink -:-','Lace and mesh top with underwired cups. Lace up front. Adjustable straps. With matching thongs',0,'Lace and mesh top with underwired cups. Lace up front. Adjustable straps. With matching thongs','2009-07-11',1,0,0,NULL,NULL,NULL,NULL,NULL,NULL,NULL,NULL,0,1,NULL,'DEFAULT'),(290,1,'Lace and microfiber bustier. Underwired cups. Adjustable straps. Front hook and eye closure. With matching thong','80259','80259','Black -:- S->Black -:- M->Black -:- XL','Lace and microfiber bustier. Underwired cups. Adjustable straps. Front hook and eye closure. With matching thong',0,'Lace and microfiber bustier. Underwired cups. Adjustable straps. Front hook and eye closure. With matching thong','2009-07-11',1,0,0,NULL,NULL,NULL,NULL,NULL,NULL,NULL,NULL,0,1,NULL,'DEFAULT'),(291,1,'Lace trimmed&comma; microfiber bustier with satin bow treatment. Strapless with back closure. With matching thong','80260','80260','Black/Pink -:- S->Black/Pink -:- M->Black/Pink -:-','Lace trimmed&comma; microfiber bustier with satin bow treatment. Strapless with back closure. With matching thong',0,'Lace trimmed&comma; microfiber bustier with satin bow treatment. Strapless with back closure. With matching thong','2009-07-11',1,0,0,NULL,NULL,NULL,NULL,NULL,NULL,NULL,NULL,0,1,NULL,'DEFAULT'),(292,1,'Lace and vinyl bustier with adjustable garter belts. Adjustable shoulder straps. Lace up front. With matching thong','80261','80261','Black -:- S->Black -:- M->Black -:- L->Black -:- X','Lace and vinyl bustier with adjustable garter belts. Adjustable shoulder straps. Lace up front. With matching thong',0,'Lace and vinyl bustier with adjustable garter belts. Adjustable shoulder straps. Lace up front. With matching thong','2009-07-11',1,0,0,NULL,NULL,NULL,NULL,NULL,NULL,NULL,NULL,0,1,NULL,'DEFAULT'),(293,1,'Strapless&comma; lace cami top with lace up front. Underwired cups. With matching boy thong panty','80262','80262','Black -:- S->Black -:- M->Black -:- L->Black -:- X','Strapless&comma; lace cami top with lace up front. Underwired cups. With matching boy thong panty',0,'Strapless&comma; lace cami top with lace up front. Underwired cups. With matching boy thong panty','2009-07-11',1,0,0,NULL,NULL,NULL,NULL,NULL,NULL,NULL,NULL,0,1,NULL,'DEFAULT'),(294,1,'Lace trimmed&comma; cami bra top with back closure. Adjustable straps. Underwired cups. With matching lace boy shorts','80263','80263','Red/Black -:- S->Red/Black -:- L->Red/Black -:- XL','Lace trimmed&comma; cami bra top with back closure. Adjustable straps. Underwired cups. With matching lace boy shorts',0,'Lace trimmed&comma; cami bra top with back closure. Adjustable straps. Underwired cups. With matching lace boy shorts','2009-07-11',1,0,0,NULL,NULL,NULL,NULL,NULL,NULL,NULL,NULL,0,1,NULL,'DEFAULT'),(295,1,'Lace teddy with underwired cups. Adjustable straps','80264','80264','Black -:- S->Black -:- M->Black -:- L->Black -:- X','Lace teddy with underwired cups. Adjustable straps',0,'Lace teddy with underwired cups. Adjustable straps','2009-07-11',1,0,0,NULL,NULL,NULL,NULL,NULL,NULL,NULL,NULL,0,1,NULL,'DEFAULT'),(296,1,'Satin bustier with underwired cups. Adjustable straps. Hook and eye front closure. With matching thong','80265','80265','Red -:- XL','Satin bustier with underwired cups. Adjustable straps. Hook and eye front closure. With matching thong',0,'Satin bustier with underwired cups. Adjustable straps. Hook and eye front closure. With matching thong','2009-07-11',1,0,0,NULL,NULL,NULL,NULL,NULL,NULL,NULL,NULL,0,1,NULL,'DEFAULT'),(297,1,'Floral&comma; stretch lace babydoll with lace up on the sides. Adjustable straps. With matching thong','80266','80266','Shades of Red and Purple -:- S/M->Shades of Red an','Floral&comma; stretch lace babydoll with lace up on the sides. Adjustable straps. With matching thong',0,'Floral&comma; stretch lace babydoll with lace up on the sides. Adjustable straps. With matching thong','2009-07-11',1,0,0,NULL,NULL,NULL,NULL,NULL,NULL,NULL,NULL,0,1,NULL,'DEFAULT'),(298,1,'Lace and mesh bustier. Adjustable straps. Front hook and eye closure. With matching thong','80267','80267','White/Black -:- S->White/Black -:- M->White/Black ','Lace and mesh bustier. Adjustable straps. Front hook and eye closure. With matching thong',0,'Lace and mesh bustier. Adjustable straps. Front hook and eye closure. With matching thong','2009-07-11',1,0,0,NULL,NULL,NULL,NULL,NULL,NULL,NULL,NULL,0,1,NULL,'DEFAULT'),(299,1,'Ruffled&comma; microfiber bra with adjustable straps and back closure. With matching adjustable garter belts and thong','80268','80268','Black -:- S->Black -:- M->Black -:- L->Black -:- X','Ruffled&comma; microfiber bra with adjustable straps and back closure. With matching adjustable garter belts and thong',0,'Ruffled&comma; microfiber bra with adjustable straps and back closure. With matching adjustable garter belts and thong','2009-07-11',1,0,0,NULL,NULL,NULL,NULL,NULL,NULL,NULL,NULL,0,1,NULL,'DEFAULT'),(300,1,'Strapless jacquard bustier with zippered front. With matching thong','80269','80269','Black/White -:- XL','Strapless jacquard bustier with zippered front. With matching thong',0,'Strapless jacquard bustier with zippered front. With matching thong','2009-07-11',1,0,0,NULL,NULL,NULL,NULL,NULL,NULL,NULL,NULL,0,1,NULL,'DEFAULT'),(301,1,'Floral lace babydoll. Mesh trim bottom edge with satin bow. Matching thong included','80270','80270','White/Black -:- M/L->White/Black -:- XL','Floral lace babydoll. Mesh trim bottom edge with satin bow. Matching thong included',0,'Floral lace babydoll. Mesh trim bottom edge with satin bow. Matching thong included','2009-07-11',1,0,0,NULL,NULL,NULL,NULL,NULL,NULL,NULL,NULL,0,1,NULL,'DEFAULT'),(302,1,'Embroidered lace bustier with lace up front. Underwired cups with adjustable straps. With matching thong','80271','80271','White/Purple -:- S->White/Purple -:- L->White/Purp','Embroidered lace bustier with lace up front. Underwired cups with adjustable straps. With matching thong',0,'Embroidered lace bustier with lace up front. Underwired cups with adjustable straps. With matching thong','2009-07-11',1,0,0,NULL,NULL,NULL,NULL,NULL,NULL,NULL,NULL,0,1,NULL,'DEFAULT'),(303,1,'Embroidered sheer chemise with satin bow. Adjustable straps. With matching thong','80272','80272','Floral White/Black Turquoise -:- S->Floral White/B','Embroidered sheer chemise with satin bow. Adjustable straps. With matching thong',0,'Embroidered sheer chemise with satin bow. Adjustable straps. With matching thong','2009-07-11',1,0,0,NULL,NULL,NULL,NULL,NULL,NULL,NULL,NULL,0,1,NULL,'DEFAULT'),(304,1,'Floral stretch lace with attached bra. Underwired cups with back closure. With matching thong','80273','80273','Black -:- S->Black -:- M->Black -:- L->Black -:- X','Floral stretch lace with attached bra. Underwired cups with back closure. With matching thong',0,'Floral stretch lace with attached bra. Underwired cups with back closure. With matching thong','2009-07-11',1,0,0,NULL,NULL,NULL,NULL,NULL,NULL,NULL,NULL,0,1,NULL,'DEFAULT'),(305,1,'Camisole bustier with small ruffles on neckline and straps. Flower embroidery on center of camisole. With matching thong. Adjustable straps. Hook and eye back closure','80276','80276','Blue -:- S->Blue -:- M->Blue -:- L->Blue -:- XL','Camisole bustier with small ruffles on neckline and straps. Flower embroidery on center of camisole. With matching thong. Adjustable straps. Hook and eye back closure',0,'Camisole bustier with small ruffles on neckline and straps. Flower embroidery on center of camisole. With matching thong. Adjustable straps. Hook and eye back closure','2009-07-11',1,0,0,NULL,NULL,NULL,NULL,NULL,NULL,NULL,NULL,0,1,NULL,'DEFAULT'),(306,1,'Lace babydoll with empire waist and satin ribbon. With matching thong','80277','80277','Black/Blue -:- M/L','Lace babydoll with empire waist and satin ribbon. With matching thong',0,'Lace babydoll with empire waist and satin ribbon. With matching thong','2009-07-11',1,0,0,NULL,NULL,NULL,NULL,NULL,NULL,NULL,NULL,0,1,NULL,'DEFAULT'),(307,1,'Bustier top and panty with 2 rows of satin ruffles on bra and panty.  Panty has small bows on sides. Underwired lightly padded cups. Hook and eye back closure','80278','80278','Blue -:- L->Blue -:- XL','Bustier top and panty with 2 rows of satin ruffles on bra and panty.  Panty has small bows on sides. Underwired lightly padded cups. Hook and eye back closure',0,'Bustier top and panty with 2 rows of satin ruffles on bra and panty.  Panty has small bows on sides. Underwired lightly padded cups. Hook and eye back closure','2009-07-11',1,0,0,NULL,NULL,NULL,NULL,NULL,NULL,NULL,NULL,0,1,NULL,'DEFAULT'),(308,1,'Dot net lace camisole with matching panty','80279','80279','Black -:- XL->Red -:- XL','Dot net lace camisole with matching panty',0,'Dot net lace camisole with matching panty','2009-07-11',1,0,0,NULL,NULL,NULL,NULL,NULL,NULL,NULL,NULL,0,1,NULL,'DEFAULT'),(309,1,'Flyaway camisole with underwired cups.  Ruffles along opening of camisole and matching thong','80280','80280','Hot Pink -:- S/M->Hot Pink -:- M/L->Hot Pink -:- X','Flyaway camisole with underwired cups.  Ruffles along opening of camisole and matching thong',0,'Flyaway camisole with underwired cups.  Ruffles along opening of camisole and matching thong','2009-07-11',1,0,0,NULL,NULL,NULL,NULL,NULL,NULL,NULL,NULL,0,1,NULL,'DEFAULT'),(310,1,'Lightweight satin and chiffon camisole with soft cups.  Satin stripes down the center of top. Panty has stripe on sides','80281','80281','Black -:- S/M->Black -:- M/L->Black -:- XL','Lightweight satin and chiffon camisole with soft cups.  Satin stripes down the center of top. Panty has stripe on sides',0,'Lightweight satin and chiffon camisole with soft cups.  Satin stripes down the center of top. Panty has stripe on sides','2009-07-11',1,0,0,NULL,NULL,NULL,NULL,NULL,NULL,NULL,NULL,0,1,NULL,'DEFAULT'),(311,1,'Pleated babydoll chiffon with lace on top edge of soft cups. With matching thong','80282','80282','Pink -:- S/M->Pink -:- M/L->Pink -:- XL','Pleated babydoll chiffon with lace on top edge of soft cups. With matching thong',0,'Pleated babydoll chiffon with lace on top edge of soft cups. With matching thong','2009-07-11',1,0,0,NULL,NULL,NULL,NULL,NULL,NULL,NULL,NULL,0,1,NULL,'DEFAULT'),(312,1,'Fitted pleated camisole with underwired eyelet demi bra and micro skirt with lettice edges. Microskirt with attached thong','80283','80283','Deep Pink -:- S->Deep Pink -:- M->Deep Pink -:- L-','Fitted pleated camisole with underwired eyelet demi bra and micro skirt with lettice edges. Microskirt with attached thong',0,'Fitted pleated camisole with underwired eyelet demi bra and micro skirt with lettice edges. Microskirt with attached thong','2009-07-11',1,0,0,NULL,NULL,NULL,NULL,NULL,NULL,NULL,NULL,0,1,NULL,'DEFAULT'),(313,1,'Dot camisole bustier with underwire bra and matching panty.  Pink colored boning on camisole and panty. Hook and eye back closure. Adjustable straps','80284','80284','Black/Pink -:- S->Black/Pink -:- M->Black/Pink -:-','Dot camisole bustier with underwire bra and matching panty.  Pink colored boning on camisole and panty. Hook and eye back closure. Adjustable straps',0,'Dot camisole bustier with underwire bra and matching panty.  Pink colored boning on camisole and panty. Hook and eye back closure. Adjustable straps','2009-07-11',1,0,0,NULL,NULL,NULL,NULL,NULL,NULL,NULL,NULL,0,1,NULL,'DEFAULT'),(314,1,'Fitted baby doll with lace on neckline and bust line.  Ruffles on hem and panty','80285','80285','Hot Pink -:- S/M->Hot Pink -:- M/L->Hot Pink -:- X','Fitted baby doll with lace on neckline and bust line.  Ruffles on hem and panty',0,'Fitted baby doll with lace on neckline and bust line.  Ruffles on hem and panty','2009-07-11',1,0,0,NULL,NULL,NULL,NULL,NULL,NULL,NULL,NULL,0,1,NULL,'DEFAULT'),(315,1,'Lace cup camisole with sequined on bodice and panty Lightly padded cups. No underwire','80286','80286','Hot Pink -:- S/M->Hot Pink -:- M/L->Hot Pink -:- X','Lace cup camisole with sequined on bodice and panty Lightly padded cups. No underwire',0,'Lace cup camisole with sequined on bodice and panty Lightly padded cups. No underwire','2009-07-11',1,0,0,NULL,NULL,NULL,NULL,NULL,NULL,NULL,NULL,0,1,NULL,'DEFAULT'),(316,1,'Lace underwire bra babydoll with front keyhole and lace that ties in middle.  Stretch lace on center front. With matching thong','80287','80287','Peru Brown -:- S/M->Peru Brown -:- M/L->Peru Brown','Lace underwire bra babydoll with front keyhole and lace that ties in middle.  Stretch lace on center front. With matching thong',0,'Lace underwire bra babydoll with front keyhole and lace that ties in middle.  Stretch lace on center front. With matching thong','2009-07-11',1,0,0,NULL,NULL,NULL,NULL,NULL,NULL,NULL,NULL,0,1,NULL,'DEFAULT'),(317,1,'Mesh corset with pink contrast piping and underwire bra.  Dot net panty with matching pink contrast piping and bow details.  Hook and eye back closure. Attached garters','80288','80288','Black/Hot Pink -:- S/M->Black/Hot Pink -:- M/L->Bl','Mesh corset with pink contrast piping and underwire bra.  Dot net panty with matching pink contrast piping and bow details.  Hook and eye back closure. Attached garters',0,'Mesh corset with pink contrast piping and underwire bra.  Dot net panty with matching pink contrast piping and bow details.  Hook and eye back closure. Attached garters','2009-07-11',1,0,0,NULL,NULL,NULL,NULL,NULL,NULL,NULL,NULL,0,1,NULL,'DEFAULT'),(318,1,'Blue satin bustier overlaid with checkered mesh&comma; attached garter. Blue straps and matching thong. Hook and eye back closure','80289','80289','Blue/Black -:- S','Blue satin bustier overlaid with checkered mesh&comma; attached garter. Blue straps and matching thong. Hook and eye back closure',0,'Blue satin bustier overlaid with checkered mesh&comma; attached garter. Blue straps and matching thong. Hook and eye back closure','2009-07-11',1,0,0,NULL,NULL,NULL,NULL,NULL,NULL,NULL,NULL,0,1,NULL,'DEFAULT'),(319,1,'Satin bustier with lace overlay on sides and cup.  Light boning detail on bustier and panty skirt.  Satin panty attached to mesh micro skirt. Detachable garters. Hook and eye back closure','80290','80290','Deep Pink -:- S->Deep Pink -:- M->Deep Pink -:- L-','Satin bustier with lace overlay on sides and cup.  Light boning detail on bustier and panty skirt.  Satin panty attached to mesh micro skirt. Detachable garters. Hook and eye back closure',0,'Satin bustier with lace overlay on sides and cup.  Light boning detail on bustier and panty skirt.  Satin panty attached to mesh micro skirt. Detachable garters. Hook and eye back closure','2009-07-11',1,0,0,NULL,NULL,NULL,NULL,NULL,NULL,NULL,NULL,0,1,NULL,'DEFAULT'),(320,1,'Scalloped lace overlay padded satin bra.  Matching layered patterned mesh garter belt with lettice edges and matching thong','80291','80291','Medium Violet Red/Black -:- M/L->Medium Violet Red','Scalloped lace overlay padded satin bra.  Matching layered patterned mesh garter belt with lettice edges and matching thong',0,'Scalloped lace overlay padded satin bra.  Matching layered patterned mesh garter belt with lettice edges and matching thong','2009-07-11',1,0,0,NULL,NULL,NULL,NULL,NULL,NULL,NULL,NULL,0,1,NULL,'DEFAULT'),(321,1,'Off the shoulder open peasant top with ribbon stitching on neckline and bust line.  Lettice edges on sleeve and hem with ribbon accents.  With matching thong','80292','80292','Black/Sky Blue -:- S/M->Black/Sky Blue -:- M/L->Bl','Off the shoulder open peasant top with ribbon stitching on neckline and bust line.  Lettice edges on sleeve and hem with ribbon accents.  With matching thong',0,'Off the shoulder open peasant top with ribbon stitching on neckline and bust line.  Lettice edges on sleeve and hem with ribbon accents.  With matching thong','2009-07-11',1,0,0,NULL,NULL,NULL,NULL,NULL,NULL,NULL,NULL,0,1,NULL,'DEFAULT'),(322,1,'Underwire bra baby doll with pleated fringe. Ribbon stitching along hem and bra cup. Delicate bow details. Hook and eye back closure.With matching thong','80293','80293','Deep Pink -:- S/M->Deep Pink -:- XL->Sky Blue -:- ','Underwire bra baby doll with pleated fringe. Ribbon stitching along hem and bra cup. Delicate bow details. Hook and eye back closure.With matching thong',0,'Underwire bra baby doll with pleated fringe. Ribbon stitching along hem and bra cup. Delicate bow details. Hook and eye back closure.With matching thong','2009-07-11',1,0,0,NULL,NULL,NULL,NULL,NULL,NULL,NULL,NULL,0,1,NULL,'DEFAULT'),(323,1,'Floral printed lace on mesh with lace up center detail bustier and matching thong. Hook and eye back closure','80294','80294','Black/Teal -:- S->Black/Teal -:- M->Black/Teal -:-','Floral printed lace on mesh with lace up center detail bustier and matching thong. Hook and eye back closure',0,'Floral printed lace on mesh with lace up center detail bustier and matching thong. Hook and eye back closure','2009-07-11',1,0,0,NULL,NULL,NULL,NULL,NULL,NULL,NULL,NULL,0,1,NULL,'DEFAULT'),(324,1,'Stretch satin slip with mesh partial bra top&comma; and matching thong','80295','80295','Black -:- S/M->Black -:- M/L->Black -:- XL','Stretch satin slip with mesh partial bra top&comma; and matching thong',0,'Stretch satin slip with mesh partial bra top&comma; and matching thong','2009-07-11',1,0,0,NULL,NULL,NULL,NULL,NULL,NULL,NULL,NULL,0,1,NULL,'DEFAULT'),(325,1,'Lace bustier with underwire demi bra and checkered mesh side inserts. Hook and eye back closure.  Matching thong','80296','80296','Deep Pink -:- M','Lace bustier with underwire demi bra and checkered mesh side inserts. Hook and eye back closure.  Matching thong',0,'Lace bustier with underwire demi bra and checkered mesh side inserts. Hook and eye back closure.  Matching thong','2009-07-11',1,0,0,NULL,NULL,NULL,NULL,NULL,NULL,NULL,NULL,0,1,NULL,'DEFAULT'),(326,1,'Mesh babydoll with detailed lace.  Satin detail ribbon with small bow along neckline.  Matching mesh thong','80297','80297','Deep Pink -:- S/M->Deep Pink -:- M/L->Deep Pink -:','Mesh babydoll with detailed lace.  Satin detail ribbon with small bow along neckline.  Matching mesh thong',0,'Mesh babydoll with detailed lace.  Satin detail ribbon with small bow along neckline.  Matching mesh thong','2009-07-11',1,0,0,NULL,NULL,NULL,NULL,NULL,NULL,NULL,NULL,0,1,NULL,'DEFAULT'),(327,1,'Dot net camisole.  Lace overlay split cup with small bows to close.  Matching panty with small bows','80298','80298','Hot Pink -:- M/L->Hot Pink -:- XL','Dot net camisole.  Lace overlay split cup with small bows to close.  Matching panty with small bows',0,'Dot net camisole.  Lace overlay split cup with small bows to close.  Matching panty with small bows','2009-07-11',1,0,0,NULL,NULL,NULL,NULL,NULL,NULL,NULL,NULL,0,1,NULL,'DEFAULT'),(328,1,'From Sensual Mystique Premium Collection. Rhinestone Contempo bra and thong set','80306','80306','Silver -:- One Size','From Sensual Mystique Premium Collection. Rhinestone Contempo bra and thong set',0,'From Sensual Mystique Premium Collection. Rhinestone Contempo bra and thong set','2009-07-11',1,0,0,NULL,NULL,NULL,NULL,NULL,NULL,NULL,NULL,0,1,NULL,'DEFAULT'),(329,1,'Halter monokini teddy with drawstring around neck. Ties in back (thong on back)','80400','80400','Multicolor -:- S/M->Multicolor -:- M/L->Multicolor','Halter monokini teddy with drawstring around neck. Ties in back (thong on back)',0,'Halter monokini teddy with drawstring around neck. Ties in back (thong on back)','2009-07-11',1,0,0,NULL,NULL,NULL,NULL,NULL,NULL,NULL,NULL,0,1,NULL,'DEFAULT'),(330,1,'Single piece halter monokini teddy with bandeau style top. Ties at center front around neck (g string on back)','80401','80401','Multicolor -:- S/M->Multicolor -:- M/L->Multicolor','Single piece halter monokini teddy with bandeau style top. Ties at center front around neck (g string on back)',0,'Single piece halter monokini teddy with bandeau style top. Ties at center front around neck (g string on back)','2009-07-11',1,0,0,NULL,NULL,NULL,NULL,NULL,NULL,NULL,NULL,0,1,NULL,'DEFAULT'),(331,1,'Screen print monokini teddy with contrast binding on all edges. Halter neck ties at center front around neck (thong on back)','80402','80402','Multicolor -:- S/M->Multicolor -:- M/L->Multicolor','Screen print monokini teddy with contrast binding on all edges. Halter neck ties at center front around neck (thong on back)',0,'Screen print monokini teddy with contrast binding on all edges. Halter neck ties at center front around neck (thong on back)','2009-07-11',1,0,0,NULL,NULL,NULL,NULL,NULL,NULL,NULL,NULL,0,1,NULL,'DEFAULT'),(332,1,'Triangle halter top screenprint monokini. (thong on back)','80403','80403','Multicolor -:- S/M->Multicolor -:- M/L->Multicolor','Triangle halter top screenprint monokini. (thong on back)',0,'Triangle halter top screenprint monokini. (thong on back)','2009-07-11',1,0,0,NULL,NULL,NULL,NULL,NULL,NULL,NULL,NULL,0,1,NULL,'DEFAULT'),(333,1,'Lace soft cup triangle cami with scalloped edges. Tiny matching bow at center of bust. Matching lace boycut panty with scalloped edges.','80405','80405','Blue -:- S->Blue -:- M->Blue -:- XL','Lace soft cup triangle cami with scalloped edges. Tiny matching bow at center of bust. Matching lace boycut panty with scalloped edges.',0,'Lace soft cup triangle cami with scalloped edges. Tiny matching bow at center of bust. Matching lace boycut panty with scalloped edges.','2009-07-11',1,0,0,NULL,NULL,NULL,NULL,NULL,NULL,NULL,NULL,0,1,NULL,'DEFAULT'),(334,1,'Sheer and lace layered cami with scalloped bra edge. Bra is lightly lined. Matching triangle thong with gathered sheer overlay.','80406','80406','Pink/Red -:- S->Pink/Red -:- M->Pink/Red -:- L->Pi','Sheer and lace layered cami with scalloped bra edge. Bra is lightly lined. Matching triangle thong with gathered sheer overlay.',0,'Sheer and lace layered cami with scalloped bra edge. Bra is lightly lined. Matching triangle thong with gathered sheer overlay.','2009-07-11',1,0,0,NULL,NULL,NULL,NULL,NULL,NULL,NULL,NULL,0,1,NULL,'DEFAULT'),(335,1,'Fitted lace babydoll with underwire bra. Gathered at hem with tiny bows at bottom of princess seams. Matching triangle lace panty','80407','80407','Pink/Yellow -:- S->Pink/Yellow -:- M->Pink/Yellow ','Fitted lace babydoll with underwire bra. Gathered at hem with tiny bows at bottom of princess seams. Matching triangle lace panty',0,'Fitted lace babydoll with underwire bra. Gathered at hem with tiny bows at bottom of princess seams. Matching triangle lace panty','2009-07-11',1,0,0,NULL,NULL,NULL,NULL,NULL,NULL,NULL,NULL,0,1,NULL,'DEFAULT'),(336,1,'Lace cupless bra top. Lace triangle panty with side straps','80408','80408','Pink -:- S->Pink -:- M->Pink -:- L->Pink -:- XL','Lace cupless bra top. Lace triangle panty with side straps',0,'Lace cupless bra top. Lace triangle panty with side straps','2009-07-11',1,0,0,NULL,NULL,NULL,NULL,NULL,NULL,NULL,NULL,0,1,NULL,'DEFAULT'),(337,1,'Lace chemise triangle cross top with sheer skirt. Lettice hem and satin ties at bottom of bust. Matching thong','80409','80409','Light Pink -:- S/M->Light Pink -:- M/L->Light Pink','Lace chemise triangle cross top with sheer skirt. Lettice hem and satin ties at bottom of bust. Matching thong',0,'Lace chemise triangle cross top with sheer skirt. Lettice hem and satin ties at bottom of bust. Matching thong','2009-07-11',1,0,0,NULL,NULL,NULL,NULL,NULL,NULL,NULL,NULL,0,1,NULL,'DEFAULT'),(338,1,'Sheer polka dot babydoll gathered at bottom of bust with lettice edges. Lace shoulder straps with satin ribbon weaving. Matching polka dot panty with satin ribbon weaving at top edge.','80410','80410','Medium Orchid -:- M','Sheer polka dot babydoll gathered at bottom of bust with lettice edges. Lace shoulder straps with satin ribbon weaving. Matching polka dot panty with satin ribbon weaving at top edge.',0,'Sheer polka dot babydoll gathered at bottom of bust with lettice edges. Lace shoulder straps with satin ribbon weaving. Matching polka dot panty with satin ribbon weaving at top edge.','2009-07-11',1,0,0,NULL,NULL,NULL,NULL,NULL,NULL,NULL,NULL,0,1,NULL,'DEFAULT'),(339,1,'Sheer triangle chemise with faux fur on triangle cups and hem. Matching thong','80411','80411','Light Pink -:- One Size->Light Pink -:- XL','Sheer triangle chemise with faux fur on triangle cups and hem. Matching thong',0,'Sheer triangle chemise with faux fur on triangle cups and hem. Matching thong','2009-07-11',1,0,0,NULL,NULL,NULL,NULL,NULL,NULL,NULL,NULL,0,1,NULL,'DEFAULT'),(340,1,'Satin long sleeve chemise with satin ruffled v-neck neckline that has tie strings at front. Matching thong','80413','80413','Red -:- S->Red -:- M->Red -:- L->Red -:- XL','Satin long sleeve chemise with satin ruffled v-neck neckline that has tie strings at front. Matching thong',0,'Satin long sleeve chemise with satin ruffled v-neck neckline that has tie strings at front. Matching thong','2009-07-11',1,0,0,NULL,NULL,NULL,NULL,NULL,NULL,NULL,NULL,0,1,NULL,'DEFAULT'),(341,1,'Side flyaway sheer underwire babydoll with sequence sprinkles and scalloped bra edges. Matching thong','80412','80412','Pink -:- S->Pink -:- M->Pink -:- L->Pink -:- XL','Side flyaway sheer underwire babydoll with sequence sprinkles and scalloped bra edges. Matching thong',0,'Side flyaway sheer underwire babydoll with sequence sprinkles and scalloped bra edges. Matching thong','2009-07-11',1,0,0,NULL,NULL,NULL,NULL,NULL,NULL,NULL,NULL,0,1,NULL,'DEFAULT'),(342,1,'Hi-cut floral triangle teddy with satin binding on all edges. Split soft cups with satin laceup','80414','80414','Shades of Pink and Brown -:- S/M->Shades of Pink a','Hi-cut floral triangle teddy with satin binding on all edges. Split soft cups with satin laceup',0,'Hi-cut floral triangle teddy with satin binding on all edges. Split soft cups with satin laceup','2009-07-11',1,0,0,NULL,NULL,NULL,NULL,NULL,NULL,NULL,NULL,0,1,NULL,'DEFAULT'),(343,1,'Sheer fitted babydoll with underwire lace cups and lace hem and scalloped edges. Adjustable garter straps. Matching thong','80415','80415','Red -:- XL','Sheer fitted babydoll with underwire lace cups and lace hem and scalloped edges. Adjustable garter straps. Matching thong',0,'Sheer fitted babydoll with underwire lace cups and lace hem and scalloped edges. Adjustable garter straps. Matching thong','2009-07-11',1,0,0,NULL,NULL,NULL,NULL,NULL,NULL,NULL,NULL,0,1,NULL,'DEFAULT'),(344,1,'Lace soft cup triangle teddy with center opening. Scalloped edges and adjustable straps','80416','80416','Red -:- S->Red -:- M->Red -:- L->Red -:- XL','Lace soft cup triangle teddy with center opening. Scalloped edges and adjustable straps',0,'Lace soft cup triangle teddy with center opening. Scalloped edges and adjustable straps','2009-07-11',1,0,0,NULL,NULL,NULL,NULL,NULL,NULL,NULL,NULL,0,1,NULL,'DEFAULT'),(345,1,'Flyaway softcup lace triangle halter babydoll with satin ties at center. Matching thong. Underwired','80417','80417','Red -:- S->Red -:- M','Flyaway softcup lace triangle halter babydoll with satin ties at center. Matching thong. Underwired',0,'Flyaway softcup lace triangle halter babydoll with satin ties at center. Matching thong. Underwired','2009-07-11',1,0,0,NULL,NULL,NULL,NULL,NULL,NULL,NULL,NULL,0,1,NULL,'DEFAULT'),(346,1,'Fitted triangle top satin and lace chemise with side slits and adjustable straps. Scalloped edge of hem and bra top. Matching thong','80420','80420','Black -:- S','Fitted triangle top satin and lace chemise with side slits and adjustable straps. Scalloped edge of hem and bra top. Matching thong',0,'Fitted triangle top satin and lace chemise with side slits and adjustable straps. Scalloped edge of hem and bra top. Matching thong','2009-07-11',1,0,0,NULL,NULL,NULL,NULL,NULL,NULL,NULL,NULL,0,1,NULL,'DEFAULT'),(347,1,'Stretch sheer and satin swirl panel nightgown. Matching thong','80421','80421','Black -:- S->Black -:- M->Black -:- L->Black -:- X','Stretch sheer and satin swirl panel nightgown. Matching thong',0,'Stretch sheer and satin swirl panel nightgown. Matching thong','2009-07-11',1,0,0,NULL,NULL,NULL,NULL,NULL,NULL,NULL,NULL,0,1,NULL,'DEFAULT'),(348,1,'Satin and sheer asymetrical babydoll with soft cups and lace at top edge of bra. Adjustable shoulder straps and matching panty.','80422','80422','Lavender -:- S->Lavender -:- M->Lavender -:- L->La','Satin and sheer asymetrical babydoll with soft cups and lace at top edge of bra. Adjustable shoulder straps and matching panty.',0,'Satin and sheer asymetrical babydoll with soft cups and lace at top edge of bra. Adjustable shoulder straps and matching panty.','2009-07-11',1,0,0,NULL,NULL,NULL,NULL,NULL,NULL,NULL,NULL,0,1,NULL,'DEFAULT'),(349,1,'Sheer empire waist babydoll with lace trim hem and lace triangle soft cup bra top. Matching thong','80423','80423','Medium Blue -:- S->Medium Blue -:- M->Medium Blue ','Sheer empire waist babydoll with lace trim hem and lace triangle soft cup bra top. Matching thong',0,'Sheer empire waist babydoll with lace trim hem and lace triangle soft cup bra top. Matching thong','2009-07-11',1,0,0,NULL,NULL,NULL,NULL,NULL,NULL,NULL,NULL,0,1,NULL,'DEFAULT'),(350,1,'Sheer asymmertrical babydoll with lettice hem and lace triangle soft cup bra top with matching panty','80424','80424','Light Blue -:- S->Light Blue -:- M->Light Blue -:-','Sheer asymmertrical babydoll with lettice hem and lace triangle soft cup bra top with matching panty',0,'Sheer asymmertrical babydoll with lettice hem and lace triangle soft cup bra top with matching panty','2009-07-11',1,0,0,NULL,NULL,NULL,NULL,NULL,NULL,NULL,NULL,0,1,NULL,'DEFAULT'),(351,1,'Sheer cami with matching panty. Lace softcup triangle bra top. Both have lettice hems.','80425','80425','Wheat Yellow -:- S->Wheat Yellow -:- M->Wheat Yell','Sheer cami with matching panty. Lace softcup triangle bra top. Both have lettice hems.',0,'Sheer cami with matching panty. Lace softcup triangle bra top. Both have lettice hems.','2009-07-11',1,0,0,NULL,NULL,NULL,NULL,NULL,NULL,NULL,NULL,0,1,NULL,'DEFAULT'),(352,1,'Sheer babydoll with lettice hem. Thick satin ribbon around empire waistline with box. Matching thong','80427','80427','Pink -:- S->Pink -:- M->Pink -:- L->Pink -:- XL','Sheer babydoll with lettice hem. Thick satin ribbon around empire waistline with box. Matching thong',0,'Sheer babydoll with lettice hem. Thick satin ribbon around empire waistline with box. Matching thong','2009-07-11',1,0,0,NULL,NULL,NULL,NULL,NULL,NULL,NULL,NULL,0,1,NULL,'DEFAULT'),(353,1,'Satin underwire bustier with sheer side panels and gathered hem. Tiny bow details and adjustable shoulder and garter straps. Matching thong','80429','80429','Black/Red -:- S->Black/Red -:- L','Satin underwire bustier with sheer side panels and gathered hem. Tiny bow details and adjustable shoulder and garter straps. Matching thong',0,'Satin underwire bustier with sheer side panels and gathered hem. Tiny bow details and adjustable shoulder and garter straps. Matching thong','2009-07-11',1,0,0,NULL,NULL,NULL,NULL,NULL,NULL,NULL,NULL,0,1,NULL,'DEFAULT'),(354,1,'Satin fitted bustier with shaped boning. Lace top edges and adjustable straps. Satin laceup at center front with adjustable garter straps. Matching thong','80430','80430','Red/Black -:- S->Red/Black -:- M->Red/Black -:- XL','Satin fitted bustier with shaped boning. Lace top edges and adjustable straps. Satin laceup at center front with adjustable garter straps. Matching thong',0,'Satin fitted bustier with shaped boning. Lace top edges and adjustable straps. Satin laceup at center front with adjustable garter straps. Matching thong','2009-07-11',1,0,0,NULL,NULL,NULL,NULL,NULL,NULL,NULL,NULL,0,1,NULL,'DEFAULT'),(355,1,'Sheer babydoll with lace soft cup triangle top. Slits at center of cups tied with small contrast satin ties. Matching thong','80433','80433','Black -:- S->Black -:- M->Black -:- L->Black -:- X','Sheer babydoll with lace soft cup triangle top. Slits at center of cups tied with small contrast satin ties. Matching thong',0,'Sheer babydoll with lace soft cup triangle top. Slits at center of cups tied with small contrast satin ties. Matching thong','2009-07-11',1,0,0,NULL,NULL,NULL,NULL,NULL,NULL,NULL,NULL,0,1,NULL,'DEFAULT'),(356,1,'Lace minitop with sheer long sleeves and lace cuffs. Lace micromini skirt with sheer hem&comma; gathers at sides.','80439','80439','Black -:- S->Black -:- M->Black -:- L->Black -:- X','Lace minitop with sheer long sleeves and lace cuffs. Lace micromini skirt with sheer hem&comma; gathers at sides.',0,'Lace minitop with sheer long sleeves and lace cuffs. Lace micromini skirt with sheer hem&comma; gathers at sides.','2009-07-11',1,0,0,NULL,NULL,NULL,NULL,NULL,NULL,NULL,NULL,0,1,NULL,'DEFAULT'),(357,1,'Satin long sleeve chemise with lace neckline that ties at cneter.','80443','80443','Hot Pink/Black -:- S->Hot Pink/Black -:- M->Hot Pi','Satin long sleeve chemise with lace neckline that ties at cneter.',0,'Satin long sleeve chemise with lace neckline that ties at cneter.','2009-07-11',1,0,0,NULL,NULL,NULL,NULL,NULL,NULL,NULL,NULL,0,1,NULL,'DEFAULT'),(358,1,'Sheer polka dot camisole with triangle slit soft cups with satin ties. Matching panty with satin ties at center','80444','80444','Black/Blue -:- S->Black/Blue -:- M','Sheer polka dot camisole with triangle slit soft cups with satin ties. Matching panty with satin ties at center',0,'Sheer polka dot camisole with triangle slit soft cups with satin ties. Matching panty with satin ties at center','2009-07-11',1,0,0,NULL,NULL,NULL,NULL,NULL,NULL,NULL,NULL,0,1,NULL,'DEFAULT'),(359,1,'Lace open cup triangle top babydoll with sheer bodice. Lace trim on edges and side slits. Matching panty','80442','80442','Black -:- S/M->Black -:- M/L->Black -:- XL','Lace open cup triangle top babydoll with sheer bodice. Lace trim on edges and side slits. Matching panty',0,'Lace open cup triangle top babydoll with sheer bodice. Lace trim on edges and side slits. Matching panty','2009-07-11',1,0,0,NULL,NULL,NULL,NULL,NULL,NULL,NULL,NULL,0,1,NULL,'DEFAULT'),(360,1,'Sheer babydoll with lace pushup cups and adjustable straps. Matching thong','80418','80418','Pink -:- S->Pink -:- M->Pink -:- L->Pink -:- XL','Sheer babydoll with lace pushup cups and adjustable straps. Matching thong',0,'Sheer babydoll with lace pushup cups and adjustable straps. Matching thong','2009-07-11',1,0,0,NULL,NULL,NULL,NULL,NULL,NULL,NULL,NULL,0,1,NULL,'DEFAULT'),(361,1,'Satin underwire bustier with sheer side panels and gathered hem. Tiny bow details and adjustable shoulder and garter straps. Matching thong','80428','80428','Hot Pink -:- S->Hot Pink -:- M->Hot Pink -:- L','Satin underwire bustier with sheer side panels and gathered hem. Tiny bow details and adjustable shoulder and garter straps. Matching thong',0,'Satin underwire bustier with sheer side panels and gathered hem. Tiny bow details and adjustable shoulder and garter straps. Matching thong','2009-07-11',1,0,0,NULL,NULL,NULL,NULL,NULL,NULL,NULL,NULL,0,1,NULL,'DEFAULT'),(362,1,'Thick satin fitted corset with detailed boning. Hook and eye opening at front. Matching panty and adjustable shoulder and garter straps.','80438','80438','Black -:- S','Thick satin fitted corset with detailed boning. Hook and eye opening at front. Matching panty and adjustable shoulder and garter straps.',0,'Thick satin fitted corset with detailed boning. Hook and eye opening at front. Matching panty and adjustable shoulder and garter straps.','2009-07-11',1,0,0,NULL,NULL,NULL,NULL,NULL,NULL,NULL,NULL,0,1,NULL,'DEFAULT'),(363,1,'Fitted babydoll with soft cup triangle bra. Lace trim on bra and princess lines. Satin ribbon ties on front. Matching thong','80447','80447','Light Pink/Black Trim -:- M/L->Light Pink/Black Tr','Fitted babydoll with soft cup triangle bra. Lace trim on bra and princess lines. Satin ribbon ties on front. Matching thong',0,'Fitted babydoll with soft cup triangle bra. Lace trim on bra and princess lines. Satin ribbon ties on front. Matching thong','2009-07-11',1,0,0,NULL,NULL,NULL,NULL,NULL,NULL,NULL,NULL,0,1,NULL,'DEFAULT'),(364,1,'Sheer polka dot flyaway babydoll with center bow ties. Embroidered soft cups and small ruffled trim on edges. Matching panty','80452','80452','Black/Pink Lace -:- S/M->Black/Pink Lace -:- M/L->','Sheer polka dot flyaway babydoll with center bow ties. Embroidered soft cups and small ruffled trim on edges. Matching panty',0,'Sheer polka dot flyaway babydoll with center bow ties. Embroidered soft cups and small ruffled trim on edges. Matching panty','2009-07-11',1,0,0,NULL,NULL,NULL,NULL,NULL,NULL,NULL,NULL,0,1,NULL,'DEFAULT'),(365,1,'Faux leather halter top with eyelet holes down center front for ties. Matching panty with center front closure','80466','80466','Red -:- S->Red -:- M->Red -:- L->Red -:- XL','Faux leather halter top with eyelet holes down center front for ties. Matching panty with center front closure',0,'Faux leather halter top with eyelet holes down center front for ties. Matching panty with center front closure','2009-07-11',1,0,0,NULL,NULL,NULL,NULL,NULL,NULL,NULL,NULL,0,1,NULL,'DEFAULT'),(366,1,'Satin underwire half cup bra with contrast straps. Micro mini satin skirt with lace trim hem. Matching thong. Tiny accent bows and garter straps','80473','80473','Black/Pink -:- M/L','Satin underwire half cup bra with contrast straps. Micro mini satin skirt with lace trim hem. Matching thong. Tiny accent bows and garter straps',0,'Satin underwire half cup bra with contrast straps. Micro mini satin skirt with lace trim hem. Matching thong. Tiny accent bows and garter straps','2009-07-11',1,0,0,NULL,NULL,NULL,NULL,NULL,NULL,NULL,NULL,0,1,NULL,'DEFAULT'),(367,1,'Layered night gown with lettice edges. Matching thong','80479','80479','Light Apple Green -:- S/M->Light Apple Green -:- M','Layered night gown with lettice edges. Matching thong',0,'Layered night gown with lettice edges. Matching thong','2009-07-11',1,0,0,NULL,NULL,NULL,NULL,NULL,NULL,NULL,NULL,0,1,NULL,'DEFAULT'),(368,1,'Plaid soft cup triangle mini top with lace trim on bra edge. Plaid mini skirt with open panels and small lace trim on edges','80483','80483','Pink/Black -:- S->Pink/Black -:- M->Pink/Black -:-','Plaid soft cup triangle mini top with lace trim on bra edge. Plaid mini skirt with open panels and small lace trim on edges',0,'Plaid soft cup triangle mini top with lace trim on bra edge. Plaid mini skirt with open panels and small lace trim on edges','2009-07-11',1,0,0,NULL,NULL,NULL,NULL,NULL,NULL,NULL,NULL,0,1,NULL,'DEFAULT'),(369,1,'Stretch satin short sleeve top that ties at front. Plaid mini skirt with opening slit on side','80490','80490','White/Pink -:- M/L','Stretch satin short sleeve top that ties at front. Plaid mini skirt with opening slit on side',0,'Stretch satin short sleeve top that ties at front. Plaid mini skirt with opening slit on side','2009-07-11',1,0,0,NULL,NULL,NULL,NULL,NULL,NULL,NULL,NULL,0,1,NULL,'DEFAULT'),(370,1,'Sheer top and micro mini skirt with lace trim. Matching thong','80505','80505','White -:- S/M->White -:- M/L->White -:- XL','Sheer top and micro mini skirt with lace trim. Matching thong',0,'Sheer top and micro mini skirt with lace trim. Matching thong','2009-07-11',1,0,0,NULL,NULL,NULL,NULL,NULL,NULL,NULL,NULL,0,1,NULL,'DEFAULT'),(371,1,'Halter top triangle soft cup flyaway chemise with matching thong','80545','80545','Soft Pink -:- S->Soft Pink -:- M->Soft Pink -:- L-','Halter top triangle soft cup flyaway chemise with matching thong',0,'Halter top triangle soft cup flyaway chemise with matching thong','2009-07-11',1,0,0,NULL,NULL,NULL,NULL,NULL,NULL,NULL,NULL,0,1,NULL,'DEFAULT'),(372,1,'Triangle soft cup sheer satin babydoll with heart pendant on keyhole.  Matching g-string','80595','80595','White -:- M/L','Triangle soft cup sheer satin babydoll with heart pendant on keyhole.  Matching g-string',0,'Triangle soft cup sheer satin babydoll with heart pendant on keyhole.  Matching g-string','2009-07-11',1,0,0,NULL,NULL,NULL,NULL,NULL,NULL,NULL,NULL,0,1,NULL,'DEFAULT'),(373,1,'Sheer satin slip with side openings.  Lace trim and satin ties.  Matching g-string','80596','80596','Satin Blue -:- S->Satin Blue -:- M->Satin Blue -:-','Sheer satin slip with side openings.  Lace trim and satin ties.  Matching g-string',0,'Sheer satin slip with side openings.  Lace trim and satin ties.  Matching g-string','2009-07-11',1,0,0,NULL,NULL,NULL,NULL,NULL,NULL,NULL,NULL,0,1,NULL,'DEFAULT'),(374,1,'Central slit teddy with peekaboo top','80604','80604','White/Leopard -:- S/M->White/Leopard -:- M/L->Whit','Central slit teddy with peekaboo top',0,'Central slit teddy with peekaboo top','2009-07-11',1,0,0,NULL,NULL,NULL,NULL,NULL,NULL,NULL,NULL,0,1,NULL,'DEFAULT'),(375,1,'Plaid halter top with box pleats with metal fastenings.  Bikini panty with fastening','80609','80609','Red -:- S->Red -:- XL','Plaid halter top with box pleats with metal fastenings.  Bikini panty with fastening',0,'Plaid halter top with box pleats with metal fastenings.  Bikini panty with fastening','2009-07-11',1,0,0,NULL,NULL,NULL,NULL,NULL,NULL,NULL,NULL,0,1,NULL,'DEFAULT'),(376,1,'Leopard soft cup triangle bra with matching leopard panty','80449','80449','Leopard/Black -:- One Size->Leopard/Black -:- XL','Leopard soft cup triangle bra with matching leopard panty',0,'Leopard soft cup triangle bra with matching leopard panty','2009-07-11',1,0,0,NULL,NULL,NULL,NULL,NULL,NULL,NULL,NULL,0,1,NULL,'DEFAULT'),(377,1,'Cow print soft cup triangle bra with center slits and satin ties.  Matching g-string','80602','80602','Black/White -:- One Size->Black/White -:- XL','Cow print soft cup triangle bra with center slits and satin ties.  Matching g-string',0,'Cow print soft cup triangle bra with center slits and satin ties.  Matching g-string','2009-07-11',1,0,0,NULL,NULL,NULL,NULL,NULL,NULL,NULL,NULL,0,1,NULL,'DEFAULT'),(378,1,'Sheer camouflage halter fitted babydoll with side cutouts. Matching panty','80465','80465','Brown Camouflage -:- S/M->Brown Camouflage -:- M/L','Sheer camouflage halter fitted babydoll with side cutouts. Matching panty',0,'Sheer camouflage halter fitted babydoll with side cutouts. Matching panty','2009-07-11',1,0,0,NULL,NULL,NULL,NULL,NULL,NULL,NULL,NULL,0,1,NULL,'DEFAULT'),(379,1,'Lace camisole with keyhole opening&comma; lettice hem.  Lace g-string','80601','80601','Satin Blue -:- S/M->Satin Blue -:- M/L->Satin Blue','Lace camisole with keyhole opening&comma; lettice hem.  Lace g-string',0,'Lace camisole with keyhole opening&comma; lettice hem.  Lace g-string','2009-07-11',1,0,0,NULL,NULL,NULL,NULL,NULL,NULL,NULL,NULL,0,1,NULL,'DEFAULT'),(380,1,'Sheer camouflage tank top with lettice hem. Matching sheer camouflage panty','80467','80467','Brown Camouflage -:- S/M->Brown Camouflage -:- M/L','Sheer camouflage tank top with lettice hem. Matching sheer camouflage panty',0,'Sheer camouflage tank top with lettice hem. Matching sheer camouflage panty','2009-07-11',1,0,0,NULL,NULL,NULL,NULL,NULL,NULL,NULL,NULL,0,1,NULL,'DEFAULT'),(381,1,'Lace soft cup triangle top with lace boy cut panty. Tiny bows accent on top','80489','80489','Pink -:- S/M->Pink -:- M/L->Pink -:- XL','Lace soft cup triangle top with lace boy cut panty. Tiny bows accent on top',0,'Lace soft cup triangle top with lace boy cut panty. Tiny bows accent on top','2009-07-11',1,0,0,NULL,NULL,NULL,NULL,NULL,NULL,NULL,NULL,0,1,NULL,'DEFAULT'),(382,1,'Sheer soft cups flyaway babydoll with ruffled lace.  Matching sheer g-string with ruffled lace','80589','80589','White -:- S/M->White -:- M/L->White -:- XL','Sheer soft cups flyaway babydoll with ruffled lace.  Matching sheer g-string with ruffled lace',0,'Sheer soft cups flyaway babydoll with ruffled lace.  Matching sheer g-string with ruffled lace','2009-07-11',1,0,0,NULL,NULL,NULL,NULL,NULL,NULL,NULL,NULL,0,1,NULL,'DEFAULT'),(383,1,'Sheer fitted camisole with lace trim.  Sheer g-string','80590','80590','White -:- S/M->White -:- M/L->White -:- XL','Sheer fitted camisole with lace trim.  Sheer g-string',0,'Sheer fitted camisole with lace trim.  Sheer g-string','2009-07-11',1,0,0,NULL,NULL,NULL,NULL,NULL,NULL,NULL,NULL,0,1,NULL,'DEFAULT'),(384,1,'Sheer flyaway camisole with triangle soft cups.  Lace ribbon on cups and hem.  Matching sheer g-string with lace ribbon','80592','80592','White -:- S/M->White -:- M/L->White -:- XL','Sheer flyaway camisole with triangle soft cups.  Lace ribbon on cups and hem.  Matching sheer g-string with lace ribbon',0,'Sheer flyaway camisole with triangle soft cups.  Lace ribbon on cups and hem.  Matching sheer g-string with lace ribbon','2009-07-11',1,0,0,NULL,NULL,NULL,NULL,NULL,NULL,NULL,NULL,0,1,NULL,'DEFAULT'),(385,1,'Leopard soft cup triangle bra with diamond square accent. Wrist cuffs. Matching leopard g-string','80600','80600','Leopard -:- One Size->Leopard -:- XL','Leopard soft cup triangle bra with diamond square accent. Wrist cuffs. Matching leopard g-string',0,'Leopard soft cup triangle bra with diamond square accent. Wrist cuffs. Matching leopard g-string','2009-07-11',1,0,0,NULL,NULL,NULL,NULL,NULL,NULL,NULL,NULL,0,1,NULL,'DEFAULT'),(386,1,'Camouflage triangle soft cup bra with matching panty and skirt with side opening','80610','80610','Camouflage -:- M/L->Camouflage -:- XL','Camouflage triangle soft cup bra with matching panty and skirt with side opening',0,'Camouflage triangle soft cup bra with matching panty and skirt with side opening','2009-07-11',1,0,0,NULL,NULL,NULL,NULL,NULL,NULL,NULL,NULL,0,1,NULL,'DEFAULT'),(387,1,'Lace triangle cup bra with underwire. Lace panty with cris cross band','80468','80468','Lipstick Pink -:- S/M','Lace triangle cup bra with underwire. Lace panty with cris cross band',0,'Lace triangle cup bra with underwire. Lace panty with cris cross band','2009-07-11',1,0,0,NULL,NULL,NULL,NULL,NULL,NULL,NULL,NULL,0,1,NULL,'DEFAULT'),(388,1,'Fitted polka dot slip with lace trim on neckline. Side drawstrings','80496','80496','Black/Pink -:- S/M->Black/Pink -:- M/L->Black/Pink','Fitted polka dot slip with lace trim on neckline. Side drawstrings',0,'Fitted polka dot slip with lace trim on neckline. Side drawstrings','2009-07-11',1,0,0,NULL,NULL,NULL,NULL,NULL,NULL,NULL,NULL,0,1,NULL,'DEFAULT'),(389,1,'Animal print halter top with satin panty','80498','80498','Black/White -:- One Size->Black/White -:- XL','Animal print halter top with satin panty',0,'Animal print halter top with satin panty','2009-07-11',1,0,0,NULL,NULL,NULL,NULL,NULL,NULL,NULL,NULL,0,1,NULL,'DEFAULT'),(390,1,'Stretch satin corset with polka dot sheer underwire cups and side panels. Lace ribbon trim on cups. Garter straps. Matching thong','80501','80501','Black/Pink -:- S/M->Black/Pink -:- M/L','Stretch satin corset with polka dot sheer underwire cups and side panels. Lace ribbon trim on cups. Garter straps. Matching thong',0,'Stretch satin corset with polka dot sheer underwire cups and side panels. Lace ribbon trim on cups. Garter straps. Matching thong','2009-07-11',1,0,0,NULL,NULL,NULL,NULL,NULL,NULL,NULL,NULL,0,1,NULL,'DEFAULT'),(391,1,'Lace trim tank top with lace trim boy cut panty','80510','80510','White -:- M/L->White -:- XL','Lace trim tank top with lace trim boy cut panty',0,'Lace trim tank top with lace trim boy cut panty','2009-07-11',1,0,0,NULL,NULL,NULL,NULL,NULL,NULL,NULL,NULL,0,1,NULL,'DEFAULT'),(392,1,'Soft cup polka dot babydoll with small side slits. Matching thong','80511','80511','Baby Pink -:- M/L->Baby Pink -:- XL','Soft cup polka dot babydoll with small side slits. Matching thong',0,'Soft cup polka dot babydoll with small side slits. Matching thong','2009-07-11',1,0,0,NULL,NULL,NULL,NULL,NULL,NULL,NULL,NULL,0,1,NULL,'DEFAULT'),(393,1,'Polka dot lace gathered bandeau style halter top. Matching panty with satin ribbon on sides','80512','80512','Black -:- One Size->Black -:- XL','Polka dot lace gathered bandeau style halter top. Matching panty with satin ribbon on sides',0,'Polka dot lace gathered bandeau style halter top. Matching panty with satin ribbon on sides','2009-07-11',1,0,0,NULL,NULL,NULL,NULL,NULL,NULL,NULL,NULL,0,1,NULL,'DEFAULT'),(394,1,'Fitted stretch fishnet tank top with attached garter straps.  Lace detail and fishnet thong','80593','80593','White -:- S/M->White -:- M/L->White -:- XL','Fitted stretch fishnet tank top with attached garter straps.  Lace detail and fishnet thong',0,'Fitted stretch fishnet tank top with attached garter straps.  Lace detail and fishnet thong','2009-07-11',1,0,0,NULL,NULL,NULL,NULL,NULL,NULL,NULL,NULL,0,1,NULL,'DEFAULT'),(395,1,'Mini peasant top with micro mini skirt. Lace ruffled trim on edges of garments','80474','80474','Black/Pink -:- M/L->Black/Pink -:- XL','Mini peasant top with micro mini skirt. Lace ruffled trim on edges of garments',0,'Mini peasant top with micro mini skirt. Lace ruffled trim on edges of garments','2009-07-11',1,0,0,NULL,NULL,NULL,NULL,NULL,NULL,NULL,NULL,0,1,NULL,'DEFAULT'),(396,1,'Satin underwire soft cup slip with sheer side panels. Gathered sheer hem and small accent bows','80497','80497','Black/Pink -:- M/L->Black/Pink -:- XL','Satin underwire soft cup slip with sheer side panels. Gathered sheer hem and small accent bows',0,'Satin underwire soft cup slip with sheer side panels. Gathered sheer hem and small accent bows','2009-07-11',1,0,0,NULL,NULL,NULL,NULL,NULL,NULL,NULL,NULL,0,1,NULL,'DEFAULT'),(397,1,'Satin soft cup slip with lace trim on bust. Ruffled satin hem. Matching thong','80499','80499','Red Wine -:- S/M->Red Wine -:- M/L->Red Wine -:- X','Satin soft cup slip with lace trim on bust. Ruffled satin hem. Matching thong',0,'Satin soft cup slip with lace trim on bust. Ruffled satin hem. Matching thong','2009-07-11',1,0,0,NULL,NULL,NULL,NULL,NULL,NULL,NULL,NULL,0,1,NULL,'DEFAULT'),(398,1,'Stretch lace camisole with ruffled contrast hem.  Lace g-string','80581','80581','Black/Pink -:- S/M->Black/Pink -:- M/L->Black/Pink','Stretch lace camisole with ruffled contrast hem.  Lace g-string',0,'Stretch lace camisole with ruffled contrast hem.  Lace g-string','2009-07-11',1,0,0,NULL,NULL,NULL,NULL,NULL,NULL,NULL,NULL,0,1,NULL,'DEFAULT'),(399,1,'Sheer animal print slip dress','80598','80598','Blue/Brown -:- S->Blue/Brown -:- M->Blue/Brown -:-','Sheer animal print slip dress',0,'Sheer animal print slip dress','2009-07-11',1,0,0,NULL,NULL,NULL,NULL,NULL,NULL,NULL,NULL,0,1,NULL,'DEFAULT'),(400,1,'Soft satin underwire cup camisole with lace trim and satin ribbon .  Attatched garter straps.  Matching g-string and thigh highs','80587','80587','Black/Hot Pink -:- S/M->Black/Hot Pink -:- M/L->Bl','Soft satin underwire cup camisole with lace trim and satin ribbon .  Attatched garter straps.  Matching g-string and thigh highs',0,'Soft satin underwire cup camisole with lace trim and satin ribbon .  Attatched garter straps.  Matching g-string and thigh highs','2009-07-11',1,0,0,NULL,NULL,NULL,NULL,NULL,NULL,NULL,NULL,0,1,NULL,'DEFAULT'),(401,1,'Sheer babydoll with lettice edges. Embroidered soft cups with adjustable straps. Matching sheer embroidered panty','80457','80457','Black/Blue Embroidery -:- S/M->Black/Blue Embroide','Sheer babydoll with lettice edges. Embroidered soft cups with adjustable straps. Matching sheer embroidered panty',0,'Sheer babydoll with lettice edges. Embroidered soft cups with adjustable straps. Matching sheer embroidered panty','2009-07-11',1,0,0,NULL,NULL,NULL,NULL,NULL,NULL,NULL,NULL,0,1,NULL,'DEFAULT'),(402,1,'Floral embroidered sheer bustier with underwire pushup cups. Hook and eye back closure. Adjustable straps. Matching embroidered boy cut panty','80464','80464','Black/Red -:- S/M->Black/Red -:- M/L->Black/Red -:','Floral embroidered sheer bustier with underwire pushup cups. Hook and eye back closure. Adjustable straps. Matching embroidered boy cut panty',0,'Floral embroidered sheer bustier with underwire pushup cups. Hook and eye back closure. Adjustable straps. Matching embroidered boy cut panty','2009-07-11',1,0,0,NULL,NULL,NULL,NULL,NULL,NULL,NULL,NULL,0,1,NULL,'DEFAULT'),(403,1,'Lace slip with sheer triangle insert in the middle and adjustable straps. Scalloped edges. Matching thong','80482','80482','Rose/Black -:- S/M->Rose/Black -:- M/L','Lace slip with sheer triangle insert in the middle and adjustable straps. Scalloped edges. Matching thong',0,'Lace slip with sheer triangle insert in the middle and adjustable straps. Scalloped edges. Matching thong','2009-07-11',1,0,0,NULL,NULL,NULL,NULL,NULL,NULL,NULL,NULL,0,1,NULL,'DEFAULT'),(404,1,'Stretch lace slip with sheer ruffled attatched skirt.  Matching thong','80580','80580','Black/Pink -:- S/M->Black/Pink -:- M/L->Black/Pink','Stretch lace slip with sheer ruffled attatched skirt.  Matching thong',0,'Stretch lace slip with sheer ruffled attatched skirt.  Matching thong','2009-07-11',1,0,0,NULL,NULL,NULL,NULL,NULL,NULL,NULL,NULL,0,1,NULL,'DEFAULT'),(405,1,'Faux leather fitted underwire cup corset with boning and metal fastenings at front. Matching panty','80448','80448','Black -:- S->Black -:- M->Black -:- XL','Faux leather fitted underwire cup corset with boning and metal fastenings at front. Matching panty',0,'Faux leather fitted underwire cup corset with boning and metal fastenings at front. Matching panty','2009-07-11',1,0,0,NULL,NULL,NULL,NULL,NULL,NULL,NULL,NULL,0,1,NULL,'DEFAULT'),(406,1,'Sheer/Lace bustier with underwire padded scalloped cups. Lace inserts on front and side panels. Garter straps and matching panty','80455','80455','Black -:- S->Black -:- M->Black -:- L->Black -:- X','Sheer/Lace bustier with underwire padded scalloped cups. Lace inserts on front and side panels. Garter straps and matching panty',0,'Sheer/Lace bustier with underwire padded scalloped cups. Lace inserts on front and side panels. Garter straps and matching panty','2009-07-11',1,0,0,NULL,NULL,NULL,NULL,NULL,NULL,NULL,NULL,0,1,NULL,'DEFAULT'),(407,1,'Pleather corset with boning and adjustable shoulder straps. Opening on front. Matching thong','80475','80475','Black -:- S->Black -:- M->Black -:- L->Black -:- X','Pleather corset with boning and adjustable shoulder straps. Opening on front. Matching thong',0,'Pleather corset with boning and adjustable shoulder straps. Opening on front. Matching thong','2009-07-11',1,0,0,NULL,NULL,NULL,NULL,NULL,NULL,NULL,NULL,0,1,NULL,'DEFAULT'),(408,1,'Heart shaped pleather corset with boning and zipper front opening. Detachable garter straps and matching pleather panty','80476','80476','Black -:- S->Black -:- M->Black -:- L->Black -:- X','Heart shaped pleather corset with boning and zipper front opening. Detachable garter straps and matching pleather panty',0,'Heart shaped pleather corset with boning and zipper front opening. Detachable garter straps and matching pleather panty','2009-07-11',1,0,0,NULL,NULL,NULL,NULL,NULL,NULL,NULL,NULL,0,1,NULL,'DEFAULT'),(409,1,'Rose embroidered top with underwire cups. Matching thong. No garter belt attached.','80502','80502','Black/Light Pink -:- S/M->Black/Light Pink -:- M/L','Rose embroidered top with underwire cups. Matching thong. No garter belt attached.',0,'Rose embroidered top with underwire cups. Matching thong. No garter belt attached.','2009-07-11',1,0,0,NULL,NULL,NULL,NULL,NULL,NULL,NULL,NULL,0,1,NULL,'DEFAULT'),(410,1,'Lace corset top with underwire pushup cups and boning. Detachable garter straps and matching panty','80509','80509','White -:- S->White -:- M->White -:- L->White -:- X','Lace corset top with underwire pushup cups and boning. Detachable garter straps and matching panty',0,'Lace corset top with underwire pushup cups and boning. Detachable garter straps and matching panty','2009-07-11',1,0,0,NULL,NULL,NULL,NULL,NULL,NULL,NULL,NULL,0,1,NULL,'DEFAULT'),(411,1,'Satin dragon print corset with boning. Closure at center front. Matching panty','80459','80459','Black/Green -:- S->Black/Green -:- M->Black/Green ','Satin dragon print corset with boning. Closure at center front. Matching panty',0,'Satin dragon print corset with boning. Closure at center front. Matching panty','2009-07-11',1,0,0,NULL,NULL,NULL,NULL,NULL,NULL,NULL,NULL,0,1,NULL,'DEFAULT'),(412,1,'Satin/polka dot fishnet corset with boning and underwire cups. Invisible hook and eye closer at front. Lace up back. Matching panty','80462','80462','Red/Black -:- S','Satin/polka dot fishnet corset with boning and underwire cups. Invisible hook and eye closer at front. Lace up back. Matching panty',0,'Satin/polka dot fishnet corset with boning and underwire cups. Invisible hook and eye closer at front. Lace up back. Matching panty','2009-07-11',1,0,0,NULL,NULL,NULL,NULL,NULL,NULL,NULL,NULL,0,1,NULL,'DEFAULT'),(413,1,'Heart shaped cherry blossom satin print corset with boning. Opening along front with hook and eyes. Matching cherry blossom panty','80488','80488','Grape -:- S->Grape -:- M','Heart shaped cherry blossom satin print corset with boning. Opening along front with hook and eyes. Matching cherry blossom panty',0,'Heart shaped cherry blossom satin print corset with boning. Opening along front with hook and eyes. Matching cherry blossom panty','2009-07-11',1,0,0,NULL,NULL,NULL,NULL,NULL,NULL,NULL,NULL,0,1,NULL,'DEFAULT'),(414,1,'Embroidered satin corset with boning and underwire pushup cups. Closure on front and matching panty','80507','80507','Satin Baby Blue -:- S->Satin Baby Blue -:- M->Sati','Embroidered satin corset with boning and underwire pushup cups. Closure on front and matching panty',0,'Embroidered satin corset with boning and underwire pushup cups. Closure on front and matching panty','2009-07-11',1,0,0,NULL,NULL,NULL,NULL,NULL,NULL,NULL,NULL,0,1,NULL,'DEFAULT'),(415,1,'Embroidered satin corset with boning and underwire pushup cups. Bead trim on top of corset. Closure on front and matching panty','80508','80508','White -:- S/M->White -:- M/L','Embroidered satin corset with boning and underwire pushup cups. Bead trim on top of corset. Closure on front and matching panty',0,'Embroidered satin corset with boning and underwire pushup cups. Bead trim on top of corset. Closure on front and matching panty','2009-07-11',1,0,0,NULL,NULL,NULL,NULL,NULL,NULL,NULL,NULL,0,1,NULL,'DEFAULT'),(416,1,'Lace corset with underwire pushup bra. Weaved thin satin ribbon on top and bottom edge. Metal closures along center front. Lace up back closure. Matching panty','80469','80469','Black/Pink -:- S->Black/Pink -:- M->Black/Pink -:-','Lace corset with underwire pushup bra. Weaved thin satin ribbon on top and bottom edge. Metal closures along center front. Lace up back closure. Matching panty',0,'Lace corset with underwire pushup bra. Weaved thin satin ribbon on top and bottom edge. Metal closures along center front. Lace up back closure. Matching panty','2009-07-11',1,0,0,NULL,NULL,NULL,NULL,NULL,NULL,NULL,NULL,0,1,NULL,'DEFAULT'),(417,1,'Heart shaped fitted corset with boning. Closure along center front. Satin trim along top and bottom edge. Lace up back closure. Matching panty','80471','80471','Ivory -:- S->Ivory -:- XL','Heart shaped fitted corset with boning. Closure along center front. Satin trim along top and bottom edge. Lace up back closure. Matching panty',0,'Heart shaped fitted corset with boning. Closure along center front. Satin trim along top and bottom edge. Lace up back closure. Matching panty','2009-07-11',1,0,0,NULL,NULL,NULL,NULL,NULL,NULL,NULL,NULL,0,1,NULL,'DEFAULT'),(418,1,'Embroidered eyelet corset with boning. Underwire soft cups with lace trim on top and bottom. Front closure with metal clasps','80500','80500','Rose/Ivory -:- S','Embroidered eyelet corset with boning. Underwire soft cups with lace trim on top and bottom. Front closure with metal clasps',0,'Embroidered eyelet corset with boning. Underwire soft cups with lace trim on top and bottom. Front closure with metal clasps','2009-07-11',1,0,0,NULL,NULL,NULL,NULL,NULL,NULL,NULL,NULL,0,1,NULL,'DEFAULT'),(419,1,'Shiny pleather underwire cup bustier. Pleather panty with long chain fringe','80485','80485','Black -:- S->Black -:- M->Black -:- L->Black -:- X','Shiny pleather underwire cup bustier. Pleather panty with long chain fringe',0,'Shiny pleather underwire cup bustier. Pleather panty with long chain fringe','2009-07-11',1,0,0,NULL,NULL,NULL,NULL,NULL,NULL,NULL,NULL,0,1,NULL,'DEFAULT'),(420,1,'Floral lace triangle soft cup flyaway babydoll with satin ties at center of bra. Matching floral panty','80445','80445','Black/Pink -:- S/M->Black/Pink -:- M/L->Black/Pink','Floral lace triangle soft cup flyaway babydoll with satin ties at center of bra. Matching floral panty',0,'Floral lace triangle soft cup flyaway babydoll with satin ties at center of bra. Matching floral panty','2009-07-11',1,0,0,NULL,NULL,NULL,NULL,NULL,NULL,NULL,NULL,0,1,NULL,'DEFAULT'),(421,1,'Faux leather soft cup halter teddy with gromets accents. Ties at front','80446','80446','Black -:- S->Black -:- M->Black -:- L->Black -:- X','Faux leather soft cup halter teddy with gromets accents. Ties at front',0,'Faux leather soft cup halter teddy with gromets accents. Ties at front','2009-07-11',1,0,0,NULL,NULL,NULL,NULL,NULL,NULL,NULL,NULL,0,1,NULL,'DEFAULT'),(422,1,'Fitted cherry blossom satin corset with heart top. Boning in corset&comma; back closure. Matching cherry blossom satin panty.','80451','80451','Sea Blue -:- S->Sea Blue -:- M->Sea Blue -:- L->Se','Fitted cherry blossom satin corset with heart top. Boning in corset&comma; back closure. Matching cherry blossom satin panty.',0,'Fitted cherry blossom satin corset with heart top. Boning in corset&comma; back closure. Matching cherry blossom satin panty.','2009-07-11',1,0,0,NULL,NULL,NULL,NULL,NULL,NULL,NULL,NULL,0,1,NULL,'DEFAULT'),(423,1,'Satin slip with soft cup lace bra. Small satin bow at end of slit. Adjustable straps and matching panty','80453','80453','Black -:- S/M->Black -:- M/L','Satin slip with soft cup lace bra. Small satin bow at end of slit. Adjustable straps and matching panty',0,'Satin slip with soft cup lace bra. Small satin bow at end of slit. Adjustable straps and matching panty','2009-07-11',1,0,0,NULL,NULL,NULL,NULL,NULL,NULL,NULL,NULL,0,1,NULL,'DEFAULT'),(424,1,'Satin short sleeve collard mini blouse with plaid mini skirt and matching plaid neck tie','80454','80454','Red Plaid -:- S','Satin short sleeve collard mini blouse with plaid mini skirt and matching plaid neck tie',0,'Satin short sleeve collard mini blouse with plaid mini skirt and matching plaid neck tie','2009-07-11',1,0,0,NULL,NULL,NULL,NULL,NULL,NULL,NULL,NULL,0,1,NULL,'DEFAULT'),(425,1,'Fitted satin floral print corset with trim on edges. Boning and metal closures at center front. Detachable garter straps and matching panty. Lace up back','80456','80456','Red Wine/Black -:- S','Fitted satin floral print corset with trim on edges. Boning and metal closures at center front. Detachable garter straps and matching panty. Lace up back',0,'Fitted satin floral print corset with trim on edges. Boning and metal closures at center front. Detachable garter straps and matching panty. Lace up back','2009-07-11',1,0,0,NULL,NULL,NULL,NULL,NULL,NULL,NULL,NULL,0,1,NULL,'DEFAULT'),(426,1,'Sheer flyaway babydoll with lace triangle soft cups. Matching lace panty','80460','80460','Black/Red -:- S/M->Black/Red -:- M/L->Black/Red -:','Sheer flyaway babydoll with lace triangle soft cups. Matching lace panty',0,'Sheer flyaway babydoll with lace triangle soft cups. Matching lace panty','2009-07-11',1,0,0,NULL,NULL,NULL,NULL,NULL,NULL,NULL,NULL,0,1,NULL,'DEFAULT'),(427,1,'Stretch satin halter top with ties crossing at center of bust. Matching micro mini skirt with ties at sides','80461','80461','Black -:- XL','Stretch satin halter top with ties crossing at center of bust. Matching micro mini skirt with ties at sides',0,'Stretch satin halter top with ties crossing at center of bust. Matching micro mini skirt with ties at sides','2009-07-11',1,0,0,NULL,NULL,NULL,NULL,NULL,NULL,NULL,NULL,0,1,NULL,'DEFAULT'),(428,1,'Sheer bustier top with boning. Soft cup lace bra. Ties at center front. Detachable garter straps. Matching thong','80463','80463','Black -:- S->Black -:- M->Black -:- L->Black -:- X','Sheer bustier top with boning. Soft cup lace bra. Ties at center front. Detachable garter straps. Matching thong',0,'Sheer bustier top with boning. Soft cup lace bra. Ties at center front. Detachable garter straps. Matching thong','2009-07-11',1,0,0,NULL,NULL,NULL,NULL,NULL,NULL,NULL,NULL,0,1,NULL,'DEFAULT'),(429,1,'Sheer embroidered corset with boning. Underwire pushup cups&comma; garter straps and matching panty','80477','80477','Black/Blue -:- XL','Sheer embroidered corset with boning. Underwire pushup cups&comma; garter straps and matching panty',0,'Sheer embroidered corset with boning. Underwire pushup cups&comma; garter straps and matching panty','2009-07-11',1,0,0,NULL,NULL,NULL,NULL,NULL,NULL,NULL,NULL,0,1,NULL,'DEFAULT'),(430,1,'Soft cup underwire lace bra with micro mini stretch lace skirt and matching thong','80480','80480','White -:- S/M->White -:- M/L->White -:- XL','Soft cup underwire lace bra with micro mini stretch lace skirt and matching thong',0,'Soft cup underwire lace bra with micro mini stretch lace skirt and matching thong','2009-07-11',1,0,0,NULL,NULL,NULL,NULL,NULL,NULL,NULL,NULL,0,1,NULL,'DEFAULT'),(431,1,'Heart shaped cherry blossom satin print corset with boning. Opening along front with hook and eyes. Matching cherry blossom panty','80487','80487','Red -:- S->Red -:- M->Red -:- L->Red -:- 1X->Red -','Heart shaped cherry blossom satin print corset with boning. Opening along front with hook and eyes. Matching cherry blossom panty',0,'Heart shaped cherry blossom satin print corset with boning. Opening along front with hook and eyes. Matching cherry blossom panty','2009-07-11',1,0,0,NULL,NULL,NULL,NULL,NULL,NULL,NULL,NULL,0,1,NULL,'DEFAULT'),(432,1,'Sheer slip with underwire soft cups. Flower embroidery along hem and cups. Adjustable straps and sheer panty','80491','80491','Black/Nude -:- S/M->Black/Nude -:- M/L->Black/Nude','Sheer slip with underwire soft cups. Flower embroidery along hem and cups. Adjustable straps and sheer panty',0,'Sheer slip with underwire soft cups. Flower embroidery along hem and cups. Adjustable straps and sheer panty','2009-07-11',1,0,0,NULL,NULL,NULL,NULL,NULL,NULL,NULL,NULL,0,1,NULL,'DEFAULT'),(433,1,'Sheer button up blouse with satin collar&comma; cuffs and button plackets','80492','80492','Black -:- S->Black -:- M->Black -:- L->Black -:- X','Sheer button up blouse with satin collar&comma; cuffs and button plackets',0,'Sheer button up blouse with satin collar&comma; cuffs and button plackets','2009-07-11',1,0,0,NULL,NULL,NULL,NULL,NULL,NULL,NULL,NULL,0,1,NULL,'DEFAULT'),(434,1,'Cherry blossom print satin corset with boning. Flower lace trim on top and bottom edges. Closure on back. Matching panty. Detachable garter straps','80493','80493','Red -:- S->Red -:- M->Red -:- L->Red -:- 1X->Red -','Cherry blossom print satin corset with boning. Flower lace trim on top and bottom edges. Closure on back. Matching panty. Detachable garter straps',0,'Cherry blossom print satin corset with boning. Flower lace trim on top and bottom edges. Closure on back. Matching panty. Detachable garter straps','2009-07-11',1,0,0,NULL,NULL,NULL,NULL,NULL,NULL,NULL,NULL,0,1,NULL,'DEFAULT'),(435,1,'Long chiffon nightgown with lace soft cups and lace trim along side slit. Matching panty','80494','80494','Soft Pink -:- S/M->Soft Pink -:- M/L->Soft Pink -:','Long chiffon nightgown with lace soft cups and lace trim along side slit. Matching panty',0,'Long chiffon nightgown with lace soft cups and lace trim along side slit. Matching panty','2009-07-11',1,0,0,NULL,NULL,NULL,NULL,NULL,NULL,NULL,NULL,0,1,NULL,'DEFAULT'),(436,1,'Short satin robe with satin belt','80495','80495','Red -:- One Size->Red -:- XL','Short satin robe with satin belt',0,'Short satin robe with satin belt','2009-07-11',1,0,0,NULL,NULL,NULL,NULL,NULL,NULL,NULL,NULL,0,1,NULL,'DEFAULT'),(437,1,'Long satin nightgown with scalloped lace trim down center back.','80503','80503','Pink/Black -:- S/M->Pink/Black -:- M/L->Pink/Black','Long satin nightgown with scalloped lace trim down center back.',0,'Long satin nightgown with scalloped lace trim down center back.','2009-07-11',1,0,0,NULL,NULL,NULL,NULL,NULL,NULL,NULL,NULL,0,1,NULL,'DEFAULT'),(438,1,'Chemise with lace halter top. Gathered elastic back and ties at back. Matching thong','80504','80504','Soft Pink -:- S/M->Soft Pink -:- M/L->Soft Pink -:','Chemise with lace halter top. Gathered elastic back and ties at back. Matching thong',0,'Chemise with lace halter top. Gathered elastic back and ties at back. Matching thong','2009-07-11',1,0,0,NULL,NULL,NULL,NULL,NULL,NULL,NULL,NULL,0,1,NULL,'DEFAULT'),(439,1,'Satin slip with lace bust and hem','80513','80513','Black -:- S/M->Black -:- M/L->Black -:- XL','Satin slip with lace bust and hem',0,'Satin slip with lace bust and hem','2009-07-11',1,0,0,NULL,NULL,NULL,NULL,NULL,NULL,NULL,NULL,0,1,NULL,'DEFAULT'),(440,1,'Fitted lace nightgown with center front slit on sheer skirt.  Matching thong','80522','80522','Black -:- S/M->Black -:- M/L->Black -:- XL','Fitted lace nightgown with center front slit on sheer skirt.  Matching thong',0,'Fitted lace nightgown with center front slit on sheer skirt.  Matching thong','2009-07-11',1,0,0,NULL,NULL,NULL,NULL,NULL,NULL,NULL,NULL,0,1,NULL,'DEFAULT'),(441,1,'Sheer halter top babydoll with lace triangle soft cups.  Lettice edge hem.  Matching thong','80525','80525','Black -:- S/M->Black -:- M/L->Black -:- XL','Sheer halter top babydoll with lace triangle soft cups.  Lettice edge hem.  Matching thong',0,'Sheer halter top babydoll with lace triangle soft cups.  Lettice edge hem.  Matching thong','2009-07-11',1,0,0,NULL,NULL,NULL,NULL,NULL,NULL,NULL,NULL,0,1,NULL,'DEFAULT'),(442,1,'Sheer french maid teddy with lace trim on neckline.  Tiny accent bows.    Small lace apron','80526','80526','Black/White -:- S/M->Black/White -:- M/L->Black/Wh','Sheer french maid teddy with lace trim on neckline.  Tiny accent bows.    Small lace apron',0,'Sheer french maid teddy with lace trim on neckline.  Tiny accent bows.    Small lace apron','2009-07-11',1,0,0,NULL,NULL,NULL,NULL,NULL,NULL,NULL,NULL,0,1,NULL,'DEFAULT'),(443,1,'Sheer satin halter bra with underwire.  Sheer satin bikini.  Polka dot halter strap and accent bows on bikini panty','80530','80530','Black -:- M/L','Sheer satin halter bra with underwire.  Sheer satin bikini.  Polka dot halter strap and accent bows on bikini panty',0,'Sheer satin halter bra with underwire.  Sheer satin bikini.  Polka dot halter strap and accent bows on bikini panty','2009-07-11',1,0,0,NULL,NULL,NULL,NULL,NULL,NULL,NULL,NULL,0,1,NULL,'DEFAULT'),(444,1,'Stretch satin bustier.    Lace trim on hem. Detachable garter straps and satin thong','80532','80532','Black -:- S->Black -:- M->Black -:- L->Black -:- X','Stretch satin bustier.    Lace trim on hem. Detachable garter straps and satin thong',0,'Stretch satin bustier.    Lace trim on hem. Detachable garter straps and satin thong','2009-07-11',1,0,0,NULL,NULL,NULL,NULL,NULL,NULL,NULL,NULL,0,1,NULL,'DEFAULT'),(445,1,'Pinstripe slip with soft cup triangle lace cups and lace trim at hem.  Adjustable shoulder straps and pinstripe thong','80537','80537','Black -:- S/M->Black -:- M/L->Black -:- XL','Pinstripe slip with soft cup triangle lace cups and lace trim at hem.  Adjustable shoulder straps and pinstripe thong',0,'Pinstripe slip with soft cup triangle lace cups and lace trim at hem.  Adjustable shoulder straps and pinstripe thong','2009-07-11',1,0,0,NULL,NULL,NULL,NULL,NULL,NULL,NULL,NULL,0,1,NULL,'DEFAULT'),(446,1,'Satin print fitted babydoll with lace trim on necklnie.  Double satin shoulder straps and laceup front. Matching thong','80551','80551','Purple/Black -:- S/M->Purple/Black -:- M/L','Satin print fitted babydoll with lace trim on necklnie.  Double satin shoulder straps and laceup front. Matching thong',0,'Satin print fitted babydoll with lace trim on necklnie.  Double satin shoulder straps and laceup front. Matching thong','2009-07-11',1,0,0,NULL,NULL,NULL,NULL,NULL,NULL,NULL,NULL,0,1,NULL,'DEFAULT'),(447,1,'Satin halter top gown with deep neckline with assymetrical skirt. Jeweled chain between bust. Matching thong','80554','80554','Soft Pink -:- S/M->Soft Pink -:- M/L->Soft Pink -:','Satin halter top gown with deep neckline with assymetrical skirt. Jeweled chain between bust. Matching thong',0,'Satin halter top gown with deep neckline with assymetrical skirt. Jeweled chain between bust. Matching thong','2009-07-11',1,0,0,NULL,NULL,NULL,NULL,NULL,NULL,NULL,NULL,0,1,NULL,'DEFAULT'),(448,1,'Underwire polka dot soft cup bra with layered ruffles.  Matching crotchless thong-skirt with layered ruffles','80555','80555','Soft Pink -:- S/M->Soft Pink -:- M/L->Soft Pink -:','Underwire polka dot soft cup bra with layered ruffles.  Matching crotchless thong-skirt with layered ruffles',0,'Underwire polka dot soft cup bra with layered ruffles.  Matching crotchless thong-skirt with layered ruffles','2009-07-11',1,0,0,NULL,NULL,NULL,NULL,NULL,NULL,NULL,NULL,0,1,NULL,'DEFAULT'),(449,1,'Lace center tie string bra with sheer triangle panels.  Matching lace thong','80557','80557','Soft Pink -:- XL','Lace center tie string bra with sheer triangle panels.  Matching lace thong',0,'Lace center tie string bra with sheer triangle panels.  Matching lace thong','2009-07-11',1,0,0,NULL,NULL,NULL,NULL,NULL,NULL,NULL,NULL,0,1,NULL,'DEFAULT'),(450,1,'Floral lace underwire  camisole with adjustable shoulder straps.  Matching thong','80559','80559','Floral -:- S/M->Floral -:- M/L->Floral -:- XL','Floral lace underwire  camisole with adjustable shoulder straps.  Matching thong',0,'Floral lace underwire  camisole with adjustable shoulder straps.  Matching thong','2009-07-11',1,0,0,NULL,NULL,NULL,NULL,NULL,NULL,NULL,NULL,0,1,NULL,'DEFAULT'),(451,1,'Sheer floral embroidered slip dress with layred sheer ruffles.  Sheer thong','80560','80560','Pink -:- S/M->Pink -:- XL','Sheer floral embroidered slip dress with layred sheer ruffles.  Sheer thong',0,'Sheer floral embroidered slip dress with layred sheer ruffles.  Sheer thong','2009-07-11',1,0,0,NULL,NULL,NULL,NULL,NULL,NULL,NULL,NULL,0,1,NULL,'DEFAULT'),(452,1,'Fishnet flyaway camisole with lace trim on edges and shoulder straps.  Soft triangle cups with peekaboo opening.  Matching fishnet thong','80564','80564','Black/Pink -:- S/M->Black/Pink -:- M/L','Fishnet flyaway camisole with lace trim on edges and shoulder straps.  Soft triangle cups with peekaboo opening.  Matching fishnet thong',0,'Fishnet flyaway camisole with lace trim on edges and shoulder straps.  Soft triangle cups with peekaboo opening.  Matching fishnet thong','2009-07-11',1,0,0,NULL,NULL,NULL,NULL,NULL,NULL,NULL,NULL,0,1,NULL,'DEFAULT'),(453,1,'Short satin robe with waist tie (nightgown is not included)','80565','80565','Purple/Satin Pink -:- One Size->Purple/Satin Pink ','Short satin robe with waist tie (nightgown is not included)',0,'Short satin robe with waist tie (nightgown is not included)','2009-07-11',1,0,0,NULL,NULL,NULL,NULL,NULL,NULL,NULL,NULL,0,1,NULL,'DEFAULT'),(454,1,'Sheer embroidered soft cup triangle bra with adjustable bra straps and matching boyshort panty','80569','80569','Black/Purple -:- S/M->Black/Purple -:- M/L->Black/','Sheer embroidered soft cup triangle bra with adjustable bra straps and matching boyshort panty',0,'Sheer embroidered soft cup triangle bra with adjustable bra straps and matching boyshort panty','2009-07-11',1,0,0,NULL,NULL,NULL,NULL,NULL,NULL,NULL,NULL,0,1,NULL,'DEFAULT'),(455,1,'Lace halter triangle soft cup babydoll with sheer bodice and lettice hems.  Matching thong thong','80572','80572','Red -:- S/M->Red -:- M/L->Red -:- XL','Lace halter triangle soft cup babydoll with sheer bodice and lettice hems.  Matching thong thong',0,'Lace halter triangle soft cup babydoll with sheer bodice and lettice hems.  Matching thong thong','2009-07-11',1,0,0,NULL,NULL,NULL,NULL,NULL,NULL,NULL,NULL,0,1,NULL,'DEFAULT'),(456,1,'Sheer underwire soft cup bra with contrast satin ribbon and sheer ruffles.  Matching g-string with sheer ruffles on waistband','80573','80573','Red/Black -:- S/M->Red/Black -:- M/L->Red/Black -:','Sheer underwire soft cup bra with contrast satin ribbon and sheer ruffles.  Matching g-string with sheer ruffles on waistband',0,'Sheer underwire soft cup bra with contrast satin ribbon and sheer ruffles.  Matching g-string with sheer ruffles on waistband','2009-07-11',1,0,0,NULL,NULL,NULL,NULL,NULL,NULL,NULL,NULL,0,1,NULL,'DEFAULT'),(457,1,'Stretch  strapless softcup bra with string back and micromini g-string skirt','80579','80579','Black/Cherry Print -:- S/M->Black/Cherry Print -:-','Stretch  strapless softcup bra with string back and micromini g-string skirt',0,'Stretch  strapless softcup bra with string back and micromini g-string skirt','2009-07-11',1,0,0,NULL,NULL,NULL,NULL,NULL,NULL,NULL,NULL,0,1,NULL,'DEFAULT'),(458,1,'Longsleeve fishnet coverall with front satin ties.  Lace neckline and cuffs.  Matching thong','80594','80594','White -:- S/M->White -:- M/L->White -:- XL','Longsleeve fishnet coverall with front satin ties.  Lace neckline and cuffs.  Matching thong',0,'Longsleeve fishnet coverall with front satin ties.  Lace neckline and cuffs.  Matching thong','2009-07-11',1,0,0,NULL,NULL,NULL,NULL,NULL,NULL,NULL,NULL,0,1,NULL,'DEFAULT'),(459,1,'Zebra print g-string with satin tie attached to chocker','80606','80606','Black/White -:- One Size->Black/White -:- XL','Zebra print g-string with satin tie attached to chocker',0,'Zebra print g-string with satin tie attached to chocker','2009-07-11',1,0,0,NULL,NULL,NULL,NULL,NULL,NULL,NULL,NULL,0,1,NULL,'DEFAULT'),(460,1,'Pleather halter open teddy with gromets along all edges and metal rings','80612','80612','Black -:- S->Black -:- M->Black -:- L->Black -:- X','Pleather halter open teddy with gromets along all edges and metal rings',0,'Pleather halter open teddy with gromets along all edges and metal rings','2009-07-11',1,0,0,NULL,NULL,NULL,NULL,NULL,NULL,NULL,NULL,0,1,NULL,'DEFAULT'),(461,1,'Fishnet slip with fringe hem.  Matching thong','80613','80613','Black -:- S/M->Black -:- M/L->Black -:- XL','Fishnet slip with fringe hem.  Matching thong',0,'Fishnet slip with fringe hem.  Matching thong','2009-07-11',1,0,0,NULL,NULL,NULL,NULL,NULL,NULL,NULL,NULL,0,1,NULL,'DEFAULT'),(462,1,'Stretch sheer slip with peek a boo slits.  G-string','80617','80617','Black -:- S/M->Black -:- M/L->Black -:- XL','Stretch sheer slip with peek a boo slits.  G-string',0,'Stretch sheer slip with peek a boo slits.  G-string','2009-07-11',1,0,0,NULL,NULL,NULL,NULL,NULL,NULL,NULL,NULL,0,1,NULL,'DEFAULT'),(463,1,'Lace camisole with contrast binding. Lace up sides with ribbon and matching lace panty','80329','80329','Light Pink/Black -:- S/M->Light Pink/Black -:- M/L','Lace camisole with contrast binding. Lace up sides with ribbon and matching lace panty',0,'Lace camisole with contrast binding. Lace up sides with ribbon and matching lace panty','2009-07-11',1,0,0,NULL,NULL,NULL,NULL,NULL,NULL,NULL,NULL,0,1,NULL,'DEFAULT'),(464,1,'Lace soft cup halter babydoll dress with lace up at front. Side slits with tiny bows. Matching thong','80330','80330','Light Pink/Black -:- S/M->Light Pink/Black -:- M/L','Lace soft cup halter babydoll dress with lace up at front. Side slits with tiny bows. Matching thong',0,'Lace soft cup halter babydoll dress with lace up at front. Side slits with tiny bows. Matching thong','2009-07-11',1,0,0,NULL,NULL,NULL,NULL,NULL,NULL,NULL,NULL,0,1,NULL,'DEFAULT'),(465,1,'Lace fitted babydoll with underwire bra. Side slits with tiny bows. Contrast binding on top edge to straps','80331','80331','Light Pink/Black -:- M/L->Light Pink/Black -:- XL','Lace fitted babydoll with underwire bra. Side slits with tiny bows. Contrast binding on top edge to straps',0,'Lace fitted babydoll with underwire bra. Side slits with tiny bows. Contrast binding on top edge to straps','2009-07-11',1,0,0,NULL,NULL,NULL,NULL,NULL,NULL,NULL,NULL,0,1,NULL,'DEFAULT'),(466,1,'Lace underwire babydoll with binding edges and sheer ruffles. Lace up on princess panels. Hook & eye back closure. Matching thong','80332','80332','Light Pink/Black -:- S->Light Pink/Black -:- M->Li','Lace underwire babydoll with binding edges and sheer ruffles. Lace up on princess panels. Hook & eye back closure. Matching thong',0,'Lace underwire babydoll with binding edges and sheer ruffles. Lace up on princess panels. Hook & eye back closure. Matching thong','2009-07-11',1,0,0,NULL,NULL,NULL,NULL,NULL,NULL,NULL,NULL,0,1,NULL,'DEFAULT'),(467,1,'Underwire bra sheer teddy with garter straps. Lace embroidery on cup and center front of teddy. Adjustable shoulder straps and knee highs','80336','80336','Light Sky Blue -:- S/M->Light Sky Blue -:- M/L->Li','Underwire bra sheer teddy with garter straps. Lace embroidery on cup and center front of teddy. Adjustable shoulder straps and knee highs',0,'Underwire bra sheer teddy with garter straps. Lace embroidery on cup and center front of teddy. Adjustable shoulder straps and knee highs','2009-07-11',1,0,0,NULL,NULL,NULL,NULL,NULL,NULL,NULL,NULL,0,1,NULL,'DEFAULT'),(468,1,'Sheer babydoll slip with side slits. Underwire lace bra attached. Adjustable bra straps','80337','80337','Light Sky Blue -:- S/M->Light Sky Blue -:- M/L->Li','Sheer babydoll slip with side slits. Underwire lace bra attached. Adjustable bra straps',0,'Sheer babydoll slip with side slits. Underwire lace bra attached. Adjustable bra straps','2009-07-11',1,0,0,NULL,NULL,NULL,NULL,NULL,NULL,NULL,NULL,0,1,NULL,'DEFAULT'),(469,1,'Sheer top with underwire bra. Triangle shaped lace embroidery down center front covering bra. Detachable garter straps. Hook & eye back closure. Matching thong','80338','80338','Light Sky Blue -:- S->Light Sky Blue -:- M->Light ','Sheer top with underwire bra. Triangle shaped lace embroidery down center front covering bra. Detachable garter straps. Hook & eye back closure. Matching thong',0,'Sheer top with underwire bra. Triangle shaped lace embroidery down center front covering bra. Detachable garter straps. Hook & eye back closure. Matching thong','2009-07-11',1,0,0,NULL,NULL,NULL,NULL,NULL,NULL,NULL,NULL,0,1,NULL,'DEFAULT'),(470,1,'Sheer flyaway babydoll with soft lace contrast cups. Ribbon lacing under bust tying at center. Matching panty','80339','80339','Light Sky Blue -:- S/M->Light Sky Blue -:- M/L->Li','Sheer flyaway babydoll with soft lace contrast cups. Ribbon lacing under bust tying at center. Matching panty',0,'Sheer flyaway babydoll with soft lace contrast cups. Ribbon lacing under bust tying at center. Matching panty','2009-07-11',1,0,0,NULL,NULL,NULL,NULL,NULL,NULL,NULL,NULL,0,1,NULL,'DEFAULT'),(471,1,'Soft cup underwire babydoll with lace overlay panels. Ruffled chiffon hem','80340','80340','Light Sky Blue -:- S/M->Light Sky Blue -:- M/L->Li','Soft cup underwire babydoll with lace overlay panels. Ruffled chiffon hem',0,'Soft cup underwire babydoll with lace overlay panels. Ruffled chiffon hem','2009-07-11',1,0,0,NULL,NULL,NULL,NULL,NULL,NULL,NULL,NULL,0,1,NULL,'DEFAULT'),(472,1,'Sheer triangle top corset with front laceup. Boning in bodice&comma; side ruffles and lace on top of bra. Matching sheer panty','80341','80341','Plum -:- S->Plum -:- M->Plum -:- L->Plum -:- XL','Sheer triangle top corset with front laceup. Boning in bodice&comma; side ruffles and lace on top of bra. Matching sheer panty',0,'Sheer triangle top corset with front laceup. Boning in bodice&comma; side ruffles and lace on top of bra. Matching sheer panty','2009-07-11',1,0,0,NULL,NULL,NULL,NULL,NULL,NULL,NULL,NULL,0,1,NULL,'DEFAULT'),(473,1,'Sheer flyaway babydoll with underwire lace bra. Ribbon bow at center front and matching panty','80342','80342','Plum -:- S/M->Plum -:- M/L->Plum -:- XL','Sheer flyaway babydoll with underwire lace bra. Ribbon bow at center front and matching panty',0,'Sheer flyaway babydoll with underwire lace bra. Ribbon bow at center front and matching panty','2009-07-11',1,0,0,NULL,NULL,NULL,NULL,NULL,NULL,NULL,NULL,0,1,NULL,'DEFAULT'),(474,1,'Sheer flyaway babydoll with center panel. Shirred underwire bra cup with lace on top half of cup. Matching sheer panty','80343','80343','Plum -:- M/L->Plum -:- XL','Sheer flyaway babydoll with center panel. Shirred underwire bra cup with lace on top half of cup. Matching sheer panty',0,'Sheer flyaway babydoll with center panel. Shirred underwire bra cup with lace on top half of cup. Matching sheer panty','2009-07-11',1,0,0,NULL,NULL,NULL,NULL,NULL,NULL,NULL,NULL,0,1,NULL,'DEFAULT'),(475,1,'Stretch chiffon corset top with scooped neckline. Lace detail on bra. Matching panty','80344','80344','Plum -:- S/M->Plum -:- M/L->Plum -:- XL','Stretch chiffon corset top with scooped neckline. Lace detail on bra. Matching panty',0,'Stretch chiffon corset top with scooped neckline. Lace detail on bra. Matching panty','2009-07-11',1,0,0,NULL,NULL,NULL,NULL,NULL,NULL,NULL,NULL,0,1,NULL,'DEFAULT'),(476,1,'Lace overlay bandeau top babydoll with keyhole at center with halter tie. Satin ribbon at top edge. Matching thong','80352','80352','Black/Light Pink -:- S/M->Black/Light Pink -:- M/L','Lace overlay bandeau top babydoll with keyhole at center with halter tie. Satin ribbon at top edge. Matching thong',0,'Lace overlay bandeau top babydoll with keyhole at center with halter tie. Satin ribbon at top edge. Matching thong','2009-07-11',1,0,0,NULL,NULL,NULL,NULL,NULL,NULL,NULL,NULL,0,1,NULL,'DEFAULT'),(477,1,'Chiffon flyaway halter top with lace overlay triangle cups. Satin ties at center and around neck. Matching thong','80353','80353','Black/Light Pink -:- S/M->Black/Light Pink -:- M/L','Chiffon flyaway halter top with lace overlay triangle cups. Satin ties at center and around neck. Matching thong',0,'Chiffon flyaway halter top with lace overlay triangle cups. Satin ties at center and around neck. Matching thong','2009-07-11',1,0,0,NULL,NULL,NULL,NULL,NULL,NULL,NULL,NULL,0,1,NULL,'DEFAULT'),(478,1,'Flyaway chiffon babydoll with soft lace overlay cups. Satin ribbon under bra that ties at center. Matching thong','80354','80354','Black/Light Pink -:- S/M->Black/Light Pink -:- M/L','Flyaway chiffon babydoll with soft lace overlay cups. Satin ribbon under bra that ties at center. Matching thong',0,'Flyaway chiffon babydoll with soft lace overlay cups. Satin ribbon under bra that ties at center. Matching thong','2009-07-11',1,0,0,NULL,NULL,NULL,NULL,NULL,NULL,NULL,NULL,0,1,NULL,'DEFAULT'),(479,1,'Lace overlay underwire bustier with satin ribbon at center. Chiffon side panels and matching thong','80355','80355','Black/Light Pink -:- S/M->Black/Light Pink -:- M/L','Lace overlay underwire bustier with satin ribbon at center. Chiffon side panels and matching thong',0,'Lace overlay underwire bustier with satin ribbon at center. Chiffon side panels and matching thong','2009-07-11',1,0,0,NULL,NULL,NULL,NULL,NULL,NULL,NULL,NULL,0,1,NULL,'DEFAULT'),(480,1,'Satin underwire bustier top with lace trim on bra and princess seam. Removable garter belt. Hook & eye back closure. Matching thong','80374','80374','Medium Violet Red/Black -:- S->Medium Violet Red/B','Satin underwire bustier top with lace trim on bra and princess seam. Removable garter belt. Hook & eye back closure. Matching thong',0,'Satin underwire bustier top with lace trim on bra and princess seam. Removable garter belt. Hook & eye back closure. Matching thong','2009-07-11',1,0,0,NULL,NULL,NULL,NULL,NULL,NULL,NULL,NULL,0,1,NULL,'DEFAULT'),(481,1,'Georgette teddy with thick lace trim crossed along bodice','80375','80375','Medium Violet Red/Black -:- S/M->Medium Violet Red','Georgette teddy with thick lace trim crossed along bodice',0,'Georgette teddy with thick lace trim crossed along bodice','2009-07-11',1,0,0,NULL,NULL,NULL,NULL,NULL,NULL,NULL,NULL,0,1,NULL,'DEFAULT'),(482,1,'Georgette slip with lace trim along edges. Side slits with tiny bows. Matching thong','80376','80376','Medium Violet Red/Black -:- XL','Georgette slip with lace trim along edges. Side slits with tiny bows. Matching thong',0,'Georgette slip with lace trim along edges. Side slits with tiny bows. Matching thong','2009-07-11',1,0,0,NULL,NULL,NULL,NULL,NULL,NULL,NULL,NULL,0,1,NULL,'DEFAULT'),(483,1,'Georgette underwire bra top with lace trim along bra edge. Contrast thin trim along hem and matching panty','80377','80377','Medium Violet Red/Black -:- S/M->Medium Violet Red','Georgette underwire bra top with lace trim along bra edge. Contrast thin trim along hem and matching panty',0,'Georgette underwire bra top with lace trim along bra edge. Contrast thin trim along hem and matching panty','2009-07-11',1,0,0,NULL,NULL,NULL,NULL,NULL,NULL,NULL,NULL,0,1,NULL,'DEFAULT'),(484,1,'Gathered chiffon babydoll with rhinestones on top edge Small ruffled hem. Matching thong','80382','80382','Black -:- S/M->Black -:- XL','Gathered chiffon babydoll with rhinestones on top edge Small ruffled hem. Matching thong',0,'Gathered chiffon babydoll with rhinestones on top edge Small ruffled hem. Matching thong','2009-07-11',1,0,0,NULL,NULL,NULL,NULL,NULL,NULL,NULL,NULL,0,1,NULL,'DEFAULT'),(485,1,'Lace soft cup triangle bra with front metal opening. Matching g-string','80616','80616','White -:- One Size->White -:- XL','Lace soft cup triangle bra with front metal opening. Matching g-string',0,'Lace soft cup triangle bra with front metal opening. Matching g-string','2009-07-11',1,0,0,NULL,NULL,NULL,NULL,NULL,NULL,NULL,NULL,0,1,NULL,'DEFAULT'),(486,1,'Flyaway babydoll with satin bow.  Lace trimmed shoulder strap.  Matching thong','80441','80441','Black/Pink -:- S->Black/Pink -:- M->Black/Pink -:-','Flyaway babydoll with satin bow.  Lace trimmed shoulder strap.  Matching thong',0,'Flyaway babydoll with satin bow.  Lace trimmed shoulder strap.  Matching thong','2009-07-11',1,0,0,NULL,NULL,NULL,NULL,NULL,NULL,NULL,NULL,0,1,NULL,'DEFAULT'),(487,1,'Sheer flyaway babydoll with contrast lettice edges. Floral contrast embroidered soft cups with satin ribbon ties. Sheer satin panty','80458','80458','Black/Pink -:- S/M->Black/Pink -:- M/L->Black/Pink','Sheer flyaway babydoll with contrast lettice edges. Floral contrast embroidered soft cups with satin ribbon ties. Sheer satin panty',0,'Sheer flyaway babydoll with contrast lettice edges. Floral contrast embroidered soft cups with satin ribbon ties. Sheer satin panty','2009-07-11',1,0,0,NULL,NULL,NULL,NULL,NULL,NULL,NULL,NULL,0,1,NULL,'DEFAULT'),(488,1,'Lace triangle cut top with ribbon ties along center front. Matching lace panty','80470','80470','White -:- S/M->White -:- M/L','Lace triangle cut top with ribbon ties along center front. Matching lace panty',0,'Lace triangle cut top with ribbon ties along center front. Matching lace panty','2009-07-11',1,0,0,NULL,NULL,NULL,NULL,NULL,NULL,NULL,NULL,0,1,NULL,'DEFAULT'),(489,1,'Lace top with contrast edge on top with a matching panty','80472','80472','Black/Red -:- S/M->Black/Red -:- M/L->Black/Red -:','Lace top with contrast edge on top with a matching panty',0,'Lace top with contrast edge on top with a matching panty','2009-07-11',1,0,0,NULL,NULL,NULL,NULL,NULL,NULL,NULL,NULL,0,1,NULL,'DEFAULT'),(490,1,'Sheer blouse with satin collar&comma; cuffs and chest pockets','80481','80481','White -:- S->White -:- M->White -:- L->White -:- X','Sheer blouse with satin collar&comma; cuffs and chest pockets',0,'Sheer blouse with satin collar&comma; cuffs and chest pockets','2009-07-11',1,0,0,NULL,NULL,NULL,NULL,NULL,NULL,NULL,NULL,0,1,NULL,'DEFAULT'),(491,1,'Long satin nightgown with lace trim on top bra edge. Ties are on back. Lace trim accents on back of gown.','80484','80484','Red -:- S/M->Red -:- M/L->Red -:- XL','Long satin nightgown with lace trim on top bra edge. Ties are on back. Lace trim accents on back of gown.',0,'Long satin nightgown with lace trim on top bra edge. Ties are on back. Lace trim accents on back of gown.','2009-07-11',1,0,0,NULL,NULL,NULL,NULL,NULL,NULL,NULL,NULL,0,1,NULL,'DEFAULT'),(492,1,'Stretch satin corset with boning. Underwire embroidered cups with lace shoulder straps. Matching embroidered panty','80486','80486','Black/Pink -:- S->Black/Pink -:- M->Black/Pink -:-','Stretch satin corset with boning. Underwire embroidered cups with lace shoulder straps. Matching embroidered panty',0,'Stretch satin corset with boning. Underwire embroidered cups with lace shoulder straps. Matching embroidered panty','2009-07-11',1,0,0,NULL,NULL,NULL,NULL,NULL,NULL,NULL,NULL,0,1,NULL,'DEFAULT'),(493,1,'Satin lace corset with hook and eye opening. Detachable garter straps and matching lace panty','80506','80506','Black -:- S/M->Black -:- M/L->Black -:- XL','Satin lace corset with hook and eye opening. Detachable garter straps and matching lace panty',0,'Satin lace corset with hook and eye opening. Detachable garter straps and matching lace panty','2009-07-11',1,0,0,NULL,NULL,NULL,NULL,NULL,NULL,NULL,NULL,0,1,NULL,'DEFAULT'),(494,1,'Sheer lace night gown with soft cups.  Faux fur on neckline.  Attached sheer skirt bottom.  G-string','80516','80516','Black -:- S/M->Black -:- M/L->Black -:- XL','Sheer lace night gown with soft cups.  Faux fur on neckline.  Attached sheer skirt bottom.  G-string',0,'Sheer lace night gown with soft cups.  Faux fur on neckline.  Attached sheer skirt bottom.  G-string','2009-07-11',1,0,0,NULL,NULL,NULL,NULL,NULL,NULL,NULL,NULL,0,1,NULL,'DEFAULT'),(495,1,'Sheer fitted babydoll with lace trim.  Gathers at underbust and at skirt. Matching thong','80520','80520','Black -:- S->Black -:- M->Black -:- L->Black -:- X','Sheer fitted babydoll with lace trim.  Gathers at underbust and at skirt. Matching thong',0,'Sheer fitted babydoll with lace trim.  Gathers at underbust and at skirt. Matching thong','2009-07-11',1,0,0,NULL,NULL,NULL,NULL,NULL,NULL,NULL,NULL,0,1,NULL,'DEFAULT'),(496,1,'Long sheer nightgown with front keyhole.  Satin ribbon tie around under bust. Matching sheer thong','80521','80521','Black -:- S->Black -:- M->Black -:- L->Black -:- X','Long sheer nightgown with front keyhole.  Satin ribbon tie around under bust. Matching sheer thong',0,'Long sheer nightgown with front keyhole.  Satin ribbon tie around under bust. Matching sheer thong','2009-07-11',1,0,0,NULL,NULL,NULL,NULL,NULL,NULL,NULL,NULL,0,1,NULL,'DEFAULT'),(497,1,'Sheer babydoll with side slits.  Lace soft cups halter.  Matching thong','80523','80523','Black -:- S/M->Black -:- M/L->Black -:- XL','Sheer babydoll with side slits.  Lace soft cups halter.  Matching thong',0,'Sheer babydoll with side slits.  Lace soft cups halter.  Matching thong','2009-07-11',1,0,0,NULL,NULL,NULL,NULL,NULL,NULL,NULL,NULL,0,1,NULL,'DEFAULT'),(498,1,'Lace flyaway halter top nightgown with center ties.  Matching lace panty','80524','80524','Black -:- S/M->Black -:- M/L->Black -:- XL','Lace flyaway halter top nightgown with center ties.  Matching lace panty',0,'Lace flyaway halter top nightgown with center ties.  Matching lace panty','2009-07-11',1,0,0,NULL,NULL,NULL,NULL,NULL,NULL,NULL,NULL,0,1,NULL,'DEFAULT'),(499,1,'Sheer flyaway babydoll with cross shoulder straps.  Matching sheer thong','80528','80528','Black -:- S/M->Black -:- M/L->Black -:- XL','Sheer flyaway babydoll with cross shoulder straps.  Matching sheer thong',0,'Sheer flyaway babydoll with cross shoulder straps.  Matching sheer thong','2009-07-11',1,0,0,NULL,NULL,NULL,NULL,NULL,NULL,NULL,NULL,0,1,NULL,'DEFAULT'),(500,1,'Sheer satin string strapless bikini top with square bust covers and center ring.  Matching thong','80529','80529','Black -:- S/M->Black -:- M/L->Black -:- XL','Sheer satin string strapless bikini top with square bust covers and center ring.  Matching thong',0,'Sheer satin string strapless bikini top with square bust covers and center ring.  Matching thong','2009-07-11',1,0,0,NULL,NULL,NULL,NULL,NULL,NULL,NULL,NULL,0,1,NULL,'DEFAULT'),(501,1,'Stretch lace bikini top with thin shoulder straps and matching bikini panty and wrist cuffs','80533','80533','Black -:- S/M->Black -:- M/L->Black -:- XL','Stretch lace bikini top with thin shoulder straps and matching bikini panty and wrist cuffs',0,'Stretch lace bikini top with thin shoulder straps and matching bikini panty and wrist cuffs','2009-07-11',1,0,0,NULL,NULL,NULL,NULL,NULL,NULL,NULL,NULL,0,1,NULL,'DEFAULT'),(502,1,'Lace mini camisole with underwire soft cups and adjustable shoulder straps.  Matching thong with sheer lettice trim on waistband','80534','80534','Black -:- S/M->Black -:- M/L->Black -:- XL','Lace mini camisole with underwire soft cups and adjustable shoulder straps.  Matching thong with sheer lettice trim on waistband',0,'Lace mini camisole with underwire soft cups and adjustable shoulder straps.  Matching thong with sheer lettice trim on waistband','2009-07-11',1,0,0,NULL,NULL,NULL,NULL,NULL,NULL,NULL,NULL,0,1,NULL,'DEFAULT'),(503,1,'Lace halter bikini top with lace thong. Separate satin ribbon garter straps','80535','80535','Black -:- S/M->Black -:- M/L->Black -:- XL','Lace halter bikini top with lace thong. Separate satin ribbon garter straps',0,'Lace halter bikini top with lace thong. Separate satin ribbon garter straps','2009-07-11',1,0,0,NULL,NULL,NULL,NULL,NULL,NULL,NULL,NULL,0,1,NULL,'DEFAULT'),(504,1,'Sheer softcup babydoll with lettice hem and adjustable shoulder straps.  Matching thong','80539','80539','Black -:- S/M->Black -:- M/L->Black -:- XL','Sheer softcup babydoll with lettice hem and adjustable shoulder straps.  Matching thong',0,'Sheer softcup babydoll with lettice hem and adjustable shoulder straps.  Matching thong','2009-07-11',1,0,0,NULL,NULL,NULL,NULL,NULL,NULL,NULL,NULL,0,1,NULL,'DEFAULT'),(505,1,'Fitted stretch camisole with shirring detail and underwire cups.  Matching thong','80540','80540','Black -:- S->Black -:- M->Black -:- L->Black -:- X','Fitted stretch camisole with shirring detail and underwire cups.  Matching thong',0,'Fitted stretch camisole with shirring detail and underwire cups.  Matching thong','2009-07-11',1,0,0,NULL,NULL,NULL,NULL,NULL,NULL,NULL,NULL,0,1,NULL,'DEFAULT'),(506,1,'Sheer floral lace babydoll with underwire padded bra attached.  Matching thong','80542','80542','Black -:- S->Black -:- M->Black -:- L->Black -:- X','Sheer floral lace babydoll with underwire padded bra attached.  Matching thong',0,'Sheer floral lace babydoll with underwire padded bra attached.  Matching thong','2009-07-11',1,0,0,NULL,NULL,NULL,NULL,NULL,NULL,NULL,NULL,0,1,NULL,'DEFAULT'),(507,1,'Lace flyaway babydoll with center ties.  Matching lace thong','80543','80543','Black -:- S/M->Black -:- M/L->Black -:- XL','Lace flyaway babydoll with center ties.  Matching lace thong',0,'Lace flyaway babydoll with center ties.  Matching lace thong','2009-07-11',1,0,0,NULL,NULL,NULL,NULL,NULL,NULL,NULL,NULL,0,1,NULL,'DEFAULT'),(508,1,'Fitted sheer camisole with lightly padded underwire cups.  Lace ribbon trims accenting camisole and thong','80544','80544','Hot Pink/Red -:- S->Hot Pink/Red -:- M->Hot Pink/R','Fitted sheer camisole with lightly padded underwire cups.  Lace ribbon trims accenting camisole and thong',0,'Fitted sheer camisole with lightly padded underwire cups.  Lace ribbon trims accenting camisole and thong','2009-07-11',1,0,0,NULL,NULL,NULL,NULL,NULL,NULL,NULL,NULL,0,1,NULL,'DEFAULT'),(509,1,'Scoop neck sheer babydoll.  Satin ribbon woven into lace neckline.  Matching thong','80546','80546','Hot Pink -:- S->Hot Pink -:- M->Hot Pink -:- L->Ho','Scoop neck sheer babydoll.  Satin ribbon woven into lace neckline.  Matching thong',0,'Scoop neck sheer babydoll.  Satin ribbon woven into lace neckline.  Matching thong','2009-07-11',1,0,0,NULL,NULL,NULL,NULL,NULL,NULL,NULL,NULL,0,1,NULL,'DEFAULT'),(510,1,'Sheer polka dot short sleeve babydoll with contrast ties at sleeves and neckline.  Matching thong','80547','80547','Pink/Yellow Strings -:- S->Pink/Yellow Strings -:-','Sheer polka dot short sleeve babydoll with contrast ties at sleeves and neckline.  Matching thong',0,'Sheer polka dot short sleeve babydoll with contrast ties at sleeves and neckline.  Matching thong','2009-07-11',1,0,0,NULL,NULL,NULL,NULL,NULL,NULL,NULL,NULL,0,1,NULL,'DEFAULT'),(511,1,'Satin camisole with side panel ribbon ties.  Deep v neckline with lace trim.  Satin gathered hem with contrast lettice edges.  Matching thong','80548','80548','Soft Pink/Black -:- S->Soft Pink/Black -:- M->Soft','Satin camisole with side panel ribbon ties.  Deep v neckline with lace trim.  Satin gathered hem with contrast lettice edges.  Matching thong',0,'Satin camisole with side panel ribbon ties.  Deep v neckline with lace trim.  Satin gathered hem with contrast lettice edges.  Matching thong','2009-07-11',1,0,0,NULL,NULL,NULL,NULL,NULL,NULL,NULL,NULL,0,1,NULL,'DEFAULT'),(512,1,'Sheer flyaway babydoll with lace triangle soft cups.  Matching lace g-string','80549','80549','Pink -:- S/M->Pink -:- M/L->Pink -:- XL','Sheer flyaway babydoll with lace triangle soft cups.  Matching lace g-string',0,'Sheer flyaway babydoll with lace triangle soft cups.  Matching lace g-string','2009-07-11',1,0,0,NULL,NULL,NULL,NULL,NULL,NULL,NULL,NULL,0,1,NULL,'DEFAULT'),(513,1,'Sheer sequence tiered layered camisole with lightly padded lace cups.  Satin ribbon shoulder straps and bow accents.  Matching tiered layered panty','80550','80550','Pink -:- S->Pink -:- M->Pink -:- L->Pink -:- XL','Sheer sequence tiered layered camisole with lightly padded lace cups.  Satin ribbon shoulder straps and bow accents.  Matching tiered layered panty',0,'Sheer sequence tiered layered camisole with lightly padded lace cups.  Satin ribbon shoulder straps and bow accents.  Matching tiered layered panty','2009-07-11',1,0,0,NULL,NULL,NULL,NULL,NULL,NULL,NULL,NULL,0,1,NULL,'DEFAULT'),(514,1,'Stretch sheer slip with adjustable shoulder straps and sheer thong','80552','80552','Soft Pink -:- S/M->Soft Pink -:- M/L->Soft Pink -:','Stretch sheer slip with adjustable shoulder straps and sheer thong',0,'Stretch sheer slip with adjustable shoulder straps and sheer thong','2009-07-11',1,0,0,NULL,NULL,NULL,NULL,NULL,NULL,NULL,NULL,0,1,NULL,'DEFAULT'),(515,1,'Sheer slip with open laceup sides. Matching thong','80556','80556','Pink -:- S->Pink -:- M->Pink -:- L->Pink -:- XL','Sheer slip with open laceup sides. Matching thong',0,'Sheer slip with open laceup sides. Matching thong','2009-07-11',1,0,0,NULL,NULL,NULL,NULL,NULL,NULL,NULL,NULL,0,1,NULL,'DEFAULT'),(516,1,'Satin camisole with side panel ribbon ties.  Deep v neckline with lace trim.  Satin gathered hem with contrast lettice edges.  Matching thong','80558','80558','Satin Pink -:- S->Satin Pink -:- M->Satin Pink -:-','Satin camisole with side panel ribbon ties.  Deep v neckline with lace trim.  Satin gathered hem with contrast lettice edges.  Matching thong',0,'Satin camisole with side panel ribbon ties.  Deep v neckline with lace trim.  Satin gathered hem with contrast lettice edges.  Matching thong','2009-07-11',1,0,0,NULL,NULL,NULL,NULL,NULL,NULL,NULL,NULL,0,1,NULL,'DEFAULT'),(517,1,'Polka dot lace babydoll with drawstrings under bustline.  Adjustable shoulder straps and ruffled hem. Matching thong','80561','80561','Pink -:- S/M->Pink -:- M/L->Pink -:- XL','Polka dot lace babydoll with drawstrings under bustline.  Adjustable shoulder straps and ruffled hem. Matching thong',0,'Polka dot lace babydoll with drawstrings under bustline.  Adjustable shoulder straps and ruffled hem. Matching thong','2009-07-11',1,0,0,NULL,NULL,NULL,NULL,NULL,NULL,NULL,NULL,0,1,NULL,'DEFAULT'),(518,1,'Sheer satin nightgown with soft cups.  Open sides with satin ties. Matching thong','80562','80562','Lavender -:- S->Lavender -:- M->Lavender -:- L->La','Sheer satin nightgown with soft cups.  Open sides with satin ties. Matching thong',0,'Sheer satin nightgown with soft cups.  Open sides with satin ties. Matching thong','2009-07-11',1,0,0,NULL,NULL,NULL,NULL,NULL,NULL,NULL,NULL,0,1,NULL,'DEFAULT'),(519,1,'Short satin robe with contrast cuffs and satin tie around waist','80563','80563','Satin Blue/White -:- One Size->Satin Blue/White -:','Short satin robe with contrast cuffs and satin tie around waist',0,'Short satin robe with contrast cuffs and satin tie around waist','2009-07-11',1,0,0,NULL,NULL,NULL,NULL,NULL,NULL,NULL,NULL,0,1,NULL,'DEFAULT'),(520,1,'Short satin robe with satin waist tie (nightgown is not included)','80566','80566','Satin Pink/Black -:- One Size->Satin Pink/Black -:','Short satin robe with satin waist tie (nightgown is not included)',0,'Short satin robe with satin waist tie (nightgown is not included)','2009-07-11',1,0,0,NULL,NULL,NULL,NULL,NULL,NULL,NULL,NULL,0,1,NULL,'DEFAULT'),(521,1,'Sheer embroidered soft cup triangle bra with adjustable bra straps and matching boyshort panty','80567','80567','Black/Blue -:- S/M->Black/Blue -:- M/L->Black/Blue','Sheer embroidered soft cup triangle bra with adjustable bra straps and matching boyshort panty',0,'Sheer embroidered soft cup triangle bra with adjustable bra straps and matching boyshort panty','2009-07-11',1,0,0,NULL,NULL,NULL,NULL,NULL,NULL,NULL,NULL,0,1,NULL,'DEFAULT'),(522,1,'Short sheer camisole with adjustable shoulder straps. Satin laceup front with contrast trim.  Matching sheer g-string with trim','80571','80571','Black/Red -:- S/M->Black/Red -:- M/L->Black/Red -:','Short sheer camisole with adjustable shoulder straps. Satin laceup front with contrast trim.  Matching sheer g-string with trim',0,'Short sheer camisole with adjustable shoulder straps. Satin laceup front with contrast trim.  Matching sheer g-string with trim','2009-07-11',1,0,0,NULL,NULL,NULL,NULL,NULL,NULL,NULL,NULL,0,1,NULL,'DEFAULT'),(523,1,'Satin halter babydoll with lace trim on bodice. Matching thong','80574','80574','Red -:- S->Red -:- M->Red -:- L->Red -:- XL','Satin halter babydoll with lace trim on bodice. Matching thong',0,'Satin halter babydoll with lace trim on bodice. Matching thong','2009-07-11',1,0,0,NULL,NULL,NULL,NULL,NULL,NULL,NULL,NULL,0,1,NULL,'DEFAULT'),(524,1,'Lace underwire soft cup camisole with adjustable shoulder straps.  Thong with sheer ruffles on waistband','80575','80575','Red -:- S/M->Red -:- M/L->Red -:- XL','Lace underwire soft cup camisole with adjustable shoulder straps.  Thong with sheer ruffles on waistband',0,'Lace underwire soft cup camisole with adjustable shoulder straps.  Thong with sheer ruffles on waistband','2009-07-11',1,0,0,NULL,NULL,NULL,NULL,NULL,NULL,NULL,NULL,0,1,NULL,'DEFAULT'),(525,1,'Stretch lace cami with strappy cross front.  Matching lace g-string with strap accents','80578','80578','Red -:- S/M->Red -:- M/L','Stretch lace cami with strappy cross front.  Matching lace g-string with strap accents',0,'Stretch lace cami with strappy cross front.  Matching lace g-string with strap accents','2009-07-11',1,0,0,NULL,NULL,NULL,NULL,NULL,NULL,NULL,NULL,0,1,NULL,'DEFAULT'),(526,1,'Sheer softcup babydoll with ruffled hem and polka dot shoulder ties.  Matching thong','80582','80582','Pink/Black -:- S->Pink/Black -:- M->Pink/Black -:-','Sheer softcup babydoll with ruffled hem and polka dot shoulder ties.  Matching thong',0,'Sheer softcup babydoll with ruffled hem and polka dot shoulder ties.  Matching thong','2009-07-11',1,0,0,NULL,NULL,NULL,NULL,NULL,NULL,NULL,NULL,0,1,NULL,'DEFAULT'),(527,1,'Open softcup triangle bra with lace trim and lace bikini panty.  Lace cuffs with gold chain attached to lace choker','80583','80583','Black -:- One Size->Black -:- XL','Open softcup triangle bra with lace trim and lace bikini panty.  Lace cuffs with gold chain attached to lace choker',0,'Open softcup triangle bra with lace trim and lace bikini panty.  Lace cuffs with gold chain attached to lace choker','2009-07-11',1,0,0,NULL,NULL,NULL,NULL,NULL,NULL,NULL,NULL,0,1,NULL,'DEFAULT'),(528,1,'Lace soft cup halter top with shirred panel bodice with attached garter straps.  Matching thong','80588','80588','White -:- S->White -:- M->White -:- L->White -:- X','Lace soft cup halter top with shirred panel bodice with attached garter straps.  Matching thong',0,'Lace soft cup halter top with shirred panel bodice with attached garter straps.  Matching thong','2009-07-11',1,0,0,NULL,NULL,NULL,NULL,NULL,NULL,NULL,NULL,0,1,NULL,'DEFAULT'),(529,1,'Babydoll with triangle soft cups with slits.  Layered ruffled lace on cups and hem.  Sheer g-string','80591','80591','White -:- S->White -:- M->White -:- L->White -:- X','Babydoll with triangle soft cups with slits.  Layered ruffled lace on cups and hem.  Sheer g-string',0,'Babydoll with triangle soft cups with slits.  Layered ruffled lace on cups and hem.  Sheer g-string','2009-07-11',1,0,0,NULL,NULL,NULL,NULL,NULL,NULL,NULL,NULL,0,1,NULL,'DEFAULT'),(530,1,'Lace soft cup halter top with shirred bodice slip.  Matching g-sting','80597','80597','Light Mint Green -:- S->Light Mint Green -:- M->Li','Lace soft cup halter top with shirred bodice slip.  Matching g-sting',0,'Lace soft cup halter top with shirred bodice slip.  Matching g-sting','2009-07-11',1,0,0,NULL,NULL,NULL,NULL,NULL,NULL,NULL,NULL,0,1,NULL,'DEFAULT'),(531,1,'Sheer empire waist chemise with lace top and adjustable shoulder straps. Matching thong','80599','80599','Sweet Peach -:- S->Sweet Peach -:- M->Sweet Peach ','Sheer empire waist chemise with lace top and adjustable shoulder straps. Matching thong',0,'Sheer empire waist chemise with lace top and adjustable shoulder straps. Matching thong','2009-07-11',1,0,0,NULL,NULL,NULL,NULL,NULL,NULL,NULL,NULL,0,1,NULL,'DEFAULT'),(532,1,'Sheer triangle soft cup babydoll with pleats. Satin ribbon.  Bikini panty','80603','80603','Sweet Sunshine -:- S->Sweet Sunshine -:- M->Sweet ','Sheer triangle soft cup babydoll with pleats. Satin ribbon.  Bikini panty',0,'Sheer triangle soft cup babydoll with pleats. Satin ribbon.  Bikini panty','2009-07-11',1,0,0,NULL,NULL,NULL,NULL,NULL,NULL,NULL,NULL,0,1,NULL,'DEFAULT'),(533,1,'Sheer halter top with soft lace cups.  Lace boyshort panty','80605','80605','Blue -:- S/M->Blue -:- M/L->Blue -:- XL','Sheer halter top with soft lace cups.  Lace boyshort panty',0,'Sheer halter top with soft lace cups.  Lace boyshort panty','2009-07-11',1,0,0,NULL,NULL,NULL,NULL,NULL,NULL,NULL,NULL,0,1,NULL,'DEFAULT'),(534,1,'Camouflage triangle soft cup bra with matching panty','80608','80608','Camouflage -:- S/M->Camouflage -:- M/L->Camouflage','Camouflage triangle soft cup bra with matching panty',0,'Camouflage triangle soft cup bra with matching panty','2009-07-11',1,0,0,NULL,NULL,NULL,NULL,NULL,NULL,NULL,NULL,0,1,NULL,'DEFAULT'),(535,1,'Lace soft cup halter bra and low cut lace bikini panty','80614','80614','Ivory White -:- S/M->Ivory White -:- M/L->Ivory Wh','Lace soft cup halter bra and low cut lace bikini panty',0,'Lace soft cup halter bra and low cut lace bikini panty','2009-07-11',1,0,0,NULL,NULL,NULL,NULL,NULL,NULL,NULL,NULL,0,1,NULL,'DEFAULT'),(536,1,'Stretch fishnet camisole with garter straps.  Matching panty','80615','80615','Black -:- S/M->Black -:- M/L->Black -:- XL','Stretch fishnet camisole with garter straps.  Matching panty',0,'Stretch fishnet camisole with garter straps.  Matching panty','2009-07-11',1,0,0,NULL,NULL,NULL,NULL,NULL,NULL,NULL,NULL,0,1,NULL,'DEFAULT'),(537,1,'Floral lace underwire soft cup camisole with adjustable shoulder straps.  Lace thong with sheer ruffles at waistband','80618','80618','White -:- S/M->White -:- M/L->White -:- XL','Floral lace underwire soft cup camisole with adjustable shoulder straps.  Lace thong with sheer ruffles at waistband',0,'Floral lace underwire soft cup camisole with adjustable shoulder straps.  Lace thong with sheer ruffles at waistband','2009-07-11',1,0,0,NULL,NULL,NULL,NULL,NULL,NULL,NULL,NULL,0,1,NULL,'DEFAULT'),(538,1,'Sheer babydoll with lace triangle soft cups and small keyhole.  Adjustable shoulder straps and g-string','80620','80620','White -:- S->White -:- M->White -:- L->White -:- X','Sheer babydoll with lace triangle soft cups and small keyhole.  Adjustable shoulder straps and g-string',0,'Sheer babydoll with lace triangle soft cups and small keyhole.  Adjustable shoulder straps and g-string','2009-07-11',1,0,0,NULL,NULL,NULL,NULL,NULL,NULL,NULL,NULL,0,1,NULL,'DEFAULT'),(539,1,'Stretch floral lace halter bra with elastic.  Matching lace g-string','80622','80622','White -:- S/M->White -:- M/L->White -:- XL','Stretch floral lace halter bra with elastic.  Matching lace g-string',0,'Stretch floral lace halter bra with elastic.  Matching lace g-string','2009-07-11',1,0,0,NULL,NULL,NULL,NULL,NULL,NULL,NULL,NULL,0,1,NULL,'DEFAULT'),(540,1,'Sheer soft cup flyaway night gown with accent ribbon trim and ties at neck.  Matching g-string','80623','80623','White Pink -:- S->White Pink -:- M->White Pink -:-','Sheer soft cup flyaway night gown with accent ribbon trim and ties at neck.  Matching g-string',0,'Sheer soft cup flyaway night gown with accent ribbon trim and ties at neck.  Matching g-string','2009-07-11',1,0,0,NULL,NULL,NULL,NULL,NULL,NULL,NULL,NULL,0,1,NULL,'DEFAULT'),(541,1,'Embroidered sheer triangle soft cup top bustier with laceup at front and sides.  Attached garter straps.  Matching thong','80728','80728','Black -:- S->Black -:- M->Black -:- L->Black -:- X','Embroidered sheer triangle soft cup top bustier with laceup at front and sides.  Attached garter straps.  Matching thong',0,'Embroidered sheer triangle soft cup top bustier with laceup at front and sides.  Attached garter straps.  Matching thong','2009-07-11',1,0,0,NULL,NULL,NULL,NULL,NULL,NULL,NULL,NULL,0,1,NULL,'DEFAULT'),(542,1,'Sheer halter top slip with white contrast on center bust.  Matching thong','80626','80626','White -:- S/M->White -:- M/L->White -:- XL','Sheer halter top slip with white contrast on center bust.  Matching thong',0,'Sheer halter top slip with white contrast on center bust.  Matching thong','2009-07-11',1,0,0,NULL,NULL,NULL,NULL,NULL,NULL,NULL,NULL,0,1,NULL,'DEFAULT'),(543,1,'Sheer babydoll with top lace trim and woven satin ribbon.  Sheer ruffled hem with lace trim.  Matching thong','80627','80627','White/Purple -:- S/M->White/Purple -:- M/L->White/','Sheer babydoll with top lace trim and woven satin ribbon.  Sheer ruffled hem with lace trim.  Matching thong',0,'Sheer babydoll with top lace trim and woven satin ribbon.  Sheer ruffled hem with lace trim.  Matching thong','2009-07-11',1,0,0,NULL,NULL,NULL,NULL,NULL,NULL,NULL,NULL,0,1,NULL,'DEFAULT'),(544,1,'Lace triangle soft cups halter top babydoll with sheer bodice.  Slits on princes seams and matching g string','80628','80628','White -:- S/M->White -:- M/L->White -:- XL','Lace triangle soft cups halter top babydoll with sheer bodice.  Slits on princes seams and matching g string',0,'Lace triangle soft cups halter top babydoll with sheer bodice.  Slits on princes seams and matching g string','2009-07-11',1,0,0,NULL,NULL,NULL,NULL,NULL,NULL,NULL,NULL,0,1,NULL,'DEFAULT'),(545,1,'Sheer stretch slip with slits on princess lines.  Soft cups with lace embroidery. Matching lace panty','80632','80632','White -:- S/M->White -:- M/L->White -:- XL','Sheer stretch slip with slits on princess lines.  Soft cups with lace embroidery. Matching lace panty',0,'Sheer stretch slip with slits on princess lines.  Soft cups with lace embroidery. Matching lace panty','2009-07-11',1,0,0,NULL,NULL,NULL,NULL,NULL,NULL,NULL,NULL,0,1,NULL,'DEFAULT'),(546,1,'Sheer babydoll with lace bandeau cups and bow at center.  Matching sheer thong','80633','80633','White -:- S/M->White -:- M/L','Sheer babydoll with lace bandeau cups and bow at center.  Matching sheer thong',0,'Sheer babydoll with lace bandeau cups and bow at center.  Matching sheer thong','2009-07-11',1,0,0,NULL,NULL,NULL,NULL,NULL,NULL,NULL,NULL,0,1,NULL,'DEFAULT'),(547,1,'Stretch satin v neck tank top with criss cross neckline and g string','80635','80635','White -:- S/M->White -:- M/L->White -:- XL','Stretch satin v neck tank top with criss cross neckline and g string',0,'Stretch satin v neck tank top with criss cross neckline and g string','2009-07-11',1,0,0,NULL,NULL,NULL,NULL,NULL,NULL,NULL,NULL,0,1,NULL,'DEFAULT'),(548,1,'Satin lace halter top with adjustable shoulder straps.  Lace trim on waistline that ties at back','80646','80646','White -:- S/M->White -:- M/L->White -:- XL','Satin lace halter top with adjustable shoulder straps.  Lace trim on waistline that ties at back',0,'Satin lace halter top with adjustable shoulder straps.  Lace trim on waistline that ties at back','2009-07-11',1,0,0,NULL,NULL,NULL,NULL,NULL,NULL,NULL,NULL,0,1,NULL,'DEFAULT'),(549,1,'Stretch sheer slip with keyhole center and ruffled hem.  Beaded shoulder straps through back','80647','80647','White -:- S/M->White -:- M/L->White -:- XL','Stretch sheer slip with keyhole center and ruffled hem.  Beaded shoulder straps through back',0,'Stretch sheer slip with keyhole center and ruffled hem.  Beaded shoulder straps through back','2009-07-11',1,0,0,NULL,NULL,NULL,NULL,NULL,NULL,NULL,NULL,0,1,NULL,'DEFAULT'),(550,1,'Sheer backless teddy with embroidered cups.  Ruffles under bust and bikini line','80649','80649','White -:- S/M->White -:- M/L->White -:- XL','Sheer backless teddy with embroidered cups.  Ruffles under bust and bikini line',0,'Sheer backless teddy with embroidered cups.  Ruffles under bust and bikini line','2009-07-11',1,0,0,NULL,NULL,NULL,NULL,NULL,NULL,NULL,NULL,0,1,NULL,'DEFAULT'),(551,1,'Embroidered triangle bra with sheer ruffles and matching embroidered g string.  Sheer blouse with ruffled hem and cuffs','80658','80658','White -:- S/M->White -:- M/L->White -:- XL','Embroidered triangle bra with sheer ruffles and matching embroidered g string.  Sheer blouse with ruffled hem and cuffs',0,'Embroidered triangle bra with sheer ruffles and matching embroidered g string.  Sheer blouse with ruffled hem and cuffs','2009-07-11',1,0,0,NULL,NULL,NULL,NULL,NULL,NULL,NULL,NULL,0,1,NULL,'DEFAULT'),(552,1,'Lace underwire half cup bra with triangle lace garter belt with straps','80660','80660','White -:- S/M->White -:- M/L->White -:- XL','Lace underwire half cup bra with triangle lace garter belt with straps',0,'Lace underwire half cup bra with triangle lace garter belt with straps','2009-07-11',1,0,0,NULL,NULL,NULL,NULL,NULL,NULL,NULL,NULL,0,1,NULL,'DEFAULT'),(553,1,'Satin lace corset with metal closures on front with lace up back.  Matching lace g string','80668','80668','Black/Red -:- S->Black/Red -:- M->Black/Red -:- L-','Satin lace corset with metal closures on front with lace up back.  Matching lace g string',0,'Satin lace corset with metal closures on front with lace up back.  Matching lace g string','2009-07-11',1,0,0,NULL,NULL,NULL,NULL,NULL,NULL,NULL,NULL,0,1,NULL,'DEFAULT'),(554,1,'Satin lace corset with underwire cups and trim on top and bottom hem.  Front metal closures and lace up back.  Matching g string','80669','80669','Red/Black -:- S->Red/Black -:- M->Red/Black -:- L-','Satin lace corset with underwire cups and trim on top and bottom hem.  Front metal closures and lace up back.  Matching g string',0,'Satin lace corset with underwire cups and trim on top and bottom hem.  Front metal closures and lace up back.  Matching g string','2009-07-11',1,0,0,NULL,NULL,NULL,NULL,NULL,NULL,NULL,NULL,0,1,NULL,'DEFAULT'),(555,1,'Fitted satin dress with open front.  Metal rings down center front','80670','80670','Purple -:- S/M->Purple -:- M/L->Purple -:- XL','Fitted satin dress with open front.  Metal rings down center front',0,'Fitted satin dress with open front.  Metal rings down center front','2009-07-11',1,0,0,NULL,NULL,NULL,NULL,NULL,NULL,NULL,NULL,0,1,NULL,'DEFAULT'),(556,1,'Daisy print fitted corset with lace up back and matching g string','80671','80671','Black/Red -:- S->Black/Red -:- M->Black/Red -:- L-','Daisy print fitted corset with lace up back and matching g string',0,'Daisy print fitted corset with lace up back and matching g string','2009-07-11',1,0,0,NULL,NULL,NULL,NULL,NULL,NULL,NULL,NULL,0,1,NULL,'DEFAULT'),(557,1,'Lace up back fitted corset with g string','80672','80672','Black/Red -:- S->Black/Red -:- M->Black/Red -:- L-','Lace up back fitted corset with g string',0,'Lace up back fitted corset with g string','2009-07-11',1,0,0,NULL,NULL,NULL,NULL,NULL,NULL,NULL,NULL,0,1,NULL,'DEFAULT'),(558,1,'Cherry print bra with matching g string','80680','80680','Black/Yellow -:- S/M->Black/Yellow -:- M/L->Black/','Cherry print bra with matching g string',0,'Cherry print bra with matching g string','2009-07-11',1,0,0,NULL,NULL,NULL,NULL,NULL,NULL,NULL,NULL,0,1,NULL,'DEFAULT'),(559,1,'Satin corset with lace up detail on front and lace up on back.  Matching g string with lace up front','80681','80681','Light Purple -:- S->Light Purple -:- M->Light Purp','Satin corset with lace up detail on front and lace up on back.  Matching g string with lace up front',0,'Satin corset with lace up detail on front and lace up on back.  Matching g string with lace up front','2009-07-11',1,0,0,NULL,NULL,NULL,NULL,NULL,NULL,NULL,NULL,0,1,NULL,'DEFAULT'),(560,1,'Satin sheer camisole with woven satin ribbon under bustline.  Matching g string with satin ribbon woven to waistline','80683','80683','Light Purple/Black -:- S/M->Light Purple/Black -:-','Satin sheer camisole with woven satin ribbon under bustline.  Matching g string with satin ribbon woven to waistline',0,'Satin sheer camisole with woven satin ribbon under bustline.  Matching g string with satin ribbon woven to waistline','2009-07-11',1,0,0,NULL,NULL,NULL,NULL,NULL,NULL,NULL,NULL,0,1,NULL,'DEFAULT'),(561,1,'Satin lace up corset with lace trim accents.  Underwire padded cups.  Ruffled hem and lace up back with satin bow.  Detachable garter straps and g string included','80684','80684','Purple/Pink -:- S->Purple/Pink -:- M->Purple/Pink ','Satin lace up corset with lace trim accents.  Underwire padded cups.  Ruffled hem and lace up back with satin bow.  Detachable garter straps and g string included',0,'Satin lace up corset with lace trim accents.  Underwire padded cups.  Ruffled hem and lace up back with satin bow.  Detachable garter straps and g string included','2009-07-11',1,0,0,NULL,NULL,NULL,NULL,NULL,NULL,NULL,NULL,0,1,NULL,'DEFAULT'),(562,1,'Lace triangle halter bra. Sheer leopard print skirt with thick stretch lace waistband.  Leopard g string','80686','80686','Neutral/Leopard -:- S/M->Neutral/Leopard -:- M/L->','Lace triangle halter bra. Sheer leopard print skirt with thick stretch lace waistband.  Leopard g string',0,'Lace triangle halter bra. Sheer leopard print skirt with thick stretch lace waistband.  Leopard g string','2009-07-11',1,0,0,NULL,NULL,NULL,NULL,NULL,NULL,NULL,NULL,0,1,NULL,'DEFAULT'),(563,1,'Leopard tank top opened at center with lace and ribbon trim.  Matching g string with lace trim','80689','80689','Leopard -:- S/M->Leopard -:- M/L->Leopard -:- XL','Leopard tank top opened at center with lace and ribbon trim.  Matching g string with lace trim',0,'Leopard tank top opened at center with lace and ribbon trim.  Matching g string with lace trim','2009-07-11',1,0,0,NULL,NULL,NULL,NULL,NULL,NULL,NULL,NULL,0,1,NULL,'DEFAULT'),(564,1,'Satin underwire corset with trim on top and bottom hem.  Front closure and lace up back.  Matching g string','80694','80694','Pink/Black -:- S->Pink/Black -:- M->Pink/Black -:-','Satin underwire corset with trim on top and bottom hem.  Front closure and lace up back.  Matching g string',0,'Satin underwire corset with trim on top and bottom hem.  Front closure and lace up back.  Matching g string','2009-07-11',1,0,0,NULL,NULL,NULL,NULL,NULL,NULL,NULL,NULL,0,1,NULL,'DEFAULT'),(565,1,'Heart shaped satin corset with metal front closure and back lace up.  Ruffled neckline and satin trim on hem.  Matching g string','80695','80695','Red -:- S->Red -:- M->Red -:- L->Red -:- XL','Heart shaped satin corset with metal front closure and back lace up.  Ruffled neckline and satin trim on hem.  Matching g string',0,'Heart shaped satin corset with metal front closure and back lace up.  Ruffled neckline and satin trim on hem.  Matching g string','2009-07-11',1,0,0,NULL,NULL,NULL,NULL,NULL,NULL,NULL,NULL,0,1,NULL,'DEFAULT'),(566,1,'Heart shaped satin corset with round hem.  Front and back closures.  Matching g string','80696','80696','Red -:- S->Red -:- M->Red -:- L->Red -:- XL','Heart shaped satin corset with round hem.  Front and back closures.  Matching g string',0,'Heart shaped satin corset with round hem.  Front and back closures.  Matching g string','2009-07-11',1,0,0,NULL,NULL,NULL,NULL,NULL,NULL,NULL,NULL,0,1,NULL,'DEFAULT'),(567,1,'Lace mini top with sheer asymmetrical skirt with lace waistband','80697','80697','Pink -:- S/M->Pink -:- M/L->Pink -:- XL','Lace mini top with sheer asymmetrical skirt with lace waistband',0,'Lace mini top with sheer asymmetrical skirt with lace waistband','2009-07-11',1,0,0,NULL,NULL,NULL,NULL,NULL,NULL,NULL,NULL,0,1,NULL,'DEFAULT'),(568,1,'Fitted velvet corset with center front closures.  Lace tie up back.  Matching g string','80706','80706','Black -:- S->Black -:- M->Black -:- L->Black -:- X','Fitted velvet corset with center front closures.  Lace tie up back.  Matching g string',0,'Fitted velvet corset with center front closures.  Lace tie up back.  Matching g string','2009-07-11',1,0,0,NULL,NULL,NULL,NULL,NULL,NULL,NULL,NULL,0,1,NULL,'DEFAULT'),(569,1,'Dot net soft cup camisole with gathers at princess lines with satin bows at bottom.  Boy cut panty with princess gathers at front and back with satin bows.  Accent trim edges with lettice hem','80707','80707','Black/Light Pink -:- S/M->Black/Light Pink -:- M/L','Dot net soft cup camisole with gathers at princess lines with satin bows at bottom.  Boy cut panty with princess gathers at front and back with satin bows.  Accent trim edges with lettice hem',0,'Dot net soft cup camisole with gathers at princess lines with satin bows at bottom.  Boy cut panty with princess gathers at front and back with satin bows.  Accent trim edges with lettice hem','2009-07-11',1,0,0,NULL,NULL,NULL,NULL,NULL,NULL,NULL,NULL,0,1,NULL,'DEFAULT'),(570,1,'Long sheer nightgown with keyhole front.  Thin satin shoulder straps and under bust ties to back.  Heart pendant on center.  Matching g string','80709','80709','Black/Silver -:- S->Black/Silver -:- M->Black/Silv','Long sheer nightgown with keyhole front.  Thin satin shoulder straps and under bust ties to back.  Heart pendant on center.  Matching g string',0,'Long sheer nightgown with keyhole front.  Thin satin shoulder straps and under bust ties to back.  Heart pendant on center.  Matching g string','2009-07-11',1,0,0,NULL,NULL,NULL,NULL,NULL,NULL,NULL,NULL,0,1,NULL,'DEFAULT'),(571,1,'Sheer teddy with ruffled hem and under bust.  Lace soft cup halter bra.  Backless back','80710','80710','Black -:- S/M->Black -:- M/L->Black -:- XL','Sheer teddy with ruffled hem and under bust.  Lace soft cup halter bra.  Backless back',0,'Sheer teddy with ruffled hem and under bust.  Lace soft cup halter bra.  Backless back','2009-07-11',1,0,0,NULL,NULL,NULL,NULL,NULL,NULL,NULL,NULL,0,1,NULL,'DEFAULT'),(572,1,'Fishnet racer back camisole with attached garter straps and adjustable shoulder straps.  Sheer triangle g string','80715','80715','Black -:- S/M->Black -:- M/L->Black -:- XL','Fishnet racer back camisole with attached garter straps and adjustable shoulder straps.  Sheer triangle g string',0,'Fishnet racer back camisole with attached garter straps and adjustable shoulder straps.  Sheer triangle g string','2009-07-11',1,0,0,NULL,NULL,NULL,NULL,NULL,NULL,NULL,NULL,0,1,NULL,'DEFAULT'),(573,1,'Sheer long sleeve bolero top with ruffled cuffs. Ties at center.  Sheer g string','80717','80717','Black -:- S/M->Black -:- M/L->Black -:- XL','Sheer long sleeve bolero top with ruffled cuffs. Ties at center.  Sheer g string',0,'Sheer long sleeve bolero top with ruffled cuffs. Ties at center.  Sheer g string','2009-07-11',1,0,0,NULL,NULL,NULL,NULL,NULL,NULL,NULL,NULL,0,1,NULL,'DEFAULT'),(574,1,'Sheer babydoll with keyhole front.  Satin ribbon ties to back and adjustable shoulder straps','80722','80722','Black/Silver -:- S->Black/Silver -:- M->Black/Silv','Sheer babydoll with keyhole front.  Satin ribbon ties to back and adjustable shoulder straps',0,'Sheer babydoll with keyhole front.  Satin ribbon ties to back and adjustable shoulder straps','2009-07-11',1,0,0,NULL,NULL,NULL,NULL,NULL,NULL,NULL,NULL,0,1,NULL,'DEFAULT'),(575,1,'Sheer robe with ruffled cuffs.  Fur trim on neckline through opening and satin front ties.  Trim ribbon on hemline','80724','80724','Black/Red -:- S->Black/Red -:- M->Black/Red -:- L-','Sheer robe with ruffled cuffs.  Fur trim on neckline through opening and satin front ties.  Trim ribbon on hemline',0,'Sheer robe with ruffled cuffs.  Fur trim on neckline through opening and satin front ties.  Trim ribbon on hemline','2009-07-11',1,0,0,NULL,NULL,NULL,NULL,NULL,NULL,NULL,NULL,0,1,NULL,'DEFAULT'),(576,1,'Lace triangle bra with ruffled sheer hem.  Matching lace g string.  Sheer blouse','80725','80725','Black -:- S/M->Black -:- M/L->Black -:- XL','Lace triangle bra with ruffled sheer hem.  Matching lace g string.  Sheer blouse',0,'Lace triangle bra with ruffled sheer hem.  Matching lace g string.  Sheer blouse','2009-07-11',1,0,0,NULL,NULL,NULL,NULL,NULL,NULL,NULL,NULL,0,1,NULL,'DEFAULT'),(577,1,'Fitted stretch satin slip with underwire soft cups.  Sheer ruffles on cups and hem. Matching thong','80584','80584','Black/Pink -:- S','Fitted stretch satin slip with underwire soft cups.  Sheer ruffles on cups and hem. Matching thong',0,'Fitted stretch satin slip with underwire soft cups.  Sheer ruffles on cups and hem. Matching thong','2009-07-11',1,0,0,NULL,NULL,NULL,NULL,NULL,NULL,NULL,NULL,0,1,NULL,'DEFAULT'),(578,1,'Stretch lace bandeau soft cup with sheer bodice.  Matching lace G-string','80630','80630','White -:- S/M->White -:- M/L->White -:- XL','Stretch lace bandeau soft cup with sheer bodice.  Matching lace G-string',0,'Stretch lace bandeau soft cup with sheer bodice.  Matching lace G-string','2009-07-11',1,0,0,NULL,NULL,NULL,NULL,NULL,NULL,NULL,NULL,0,1,NULL,'DEFAULT'),(579,1,'Sheer flyaway camisole with satin underwire cups and center front closure.  Satin G-string','80631','80631','White -:- S/M->White -:- M/L->White -:- XL','Sheer flyaway camisole with satin underwire cups and center front closure.  Satin G-string',0,'Sheer flyaway camisole with satin underwire cups and center front closure.  Satin G-string','2009-07-11',1,0,0,NULL,NULL,NULL,NULL,NULL,NULL,NULL,NULL,0,1,NULL,'DEFAULT'),(580,1,'Lace soft cup flyaway top with ruffled bodice and bow in middle.  Matching panty with ruffled waistband','80634','80634','White -:- S/M->White -:- M/L->White -:- XL','Lace soft cup flyaway top with ruffled bodice and bow in middle.  Matching panty with ruffled waistband',0,'Lace soft cup flyaway top with ruffled bodice and bow in middle.  Matching panty with ruffled waistband','2009-07-11',1,0,0,NULL,NULL,NULL,NULL,NULL,NULL,NULL,NULL,0,1,NULL,'DEFAULT'),(581,1,'Sheer halter top with lace under bust.  Matching G-string','80636','80636','White -:- S/M->White -:- M/L->White -:- XL','Sheer halter top with lace under bust.  Matching G-string',0,'Sheer halter top with lace under bust.  Matching G-string','2009-07-11',1,0,0,NULL,NULL,NULL,NULL,NULL,NULL,NULL,NULL,0,1,NULL,'DEFAULT'),(582,1,'Long sheer off the shoulder nightgown with lace top and rose bow on center.  Matching lace panty','80637','80637','White -:- S/M->White -:- M/L->White -:- XL','Long sheer off the shoulder nightgown with lace top and rose bow on center.  Matching lace panty',0,'Long sheer off the shoulder nightgown with lace top and rose bow on center.  Matching lace panty','2009-07-11',1,0,0,NULL,NULL,NULL,NULL,NULL,NULL,NULL,NULL,0,1,NULL,'DEFAULT'),(583,1,'Short gathered babydoll with adjustable straps and satin ribbon under bust.  Matching thong','80638','80638','White -:- S/M->White -:- M/L->White -:- XL','Short gathered babydoll with adjustable straps and satin ribbon under bust.  Matching thong',0,'Short gathered babydoll with adjustable straps and satin ribbon under bust.  Matching thong','2009-07-11',1,0,0,NULL,NULL,NULL,NULL,NULL,NULL,NULL,NULL,0,1,NULL,'DEFAULT'),(584,1,'Lace/sheer babydoll with center lace up detail and adjustable shoulder straps.  Matching lace panty','80639','80639','White -:- S/M->White -:- M/L->White -:- XL','Lace/sheer babydoll with center lace up detail and adjustable shoulder straps.  Matching lace panty',0,'Lace/sheer babydoll with center lace up detail and adjustable shoulder straps.  Matching lace panty','2009-07-11',1,0,0,NULL,NULL,NULL,NULL,NULL,NULL,NULL,NULL,0,1,NULL,'DEFAULT'),(585,1,'Sheer layered blouse with lace bandeau top with flower bow at center.  Matching thong','80641','80641','White -:- S/M->White -:- M/L->White -:- XL','Sheer layered blouse with lace bandeau top with flower bow at center.  Matching thong',0,'Sheer layered blouse with lace bandeau top with flower bow at center.  Matching thong','2009-07-11',1,0,0,NULL,NULL,NULL,NULL,NULL,NULL,NULL,NULL,0,1,NULL,'DEFAULT'),(586,1,'Dot net soft cup teddy with faux fur trim on top and bottom hem. Faux fur at bottom back of teddy.  Matching G-string','80643','80643','White -:- S/M->White -:- M/L->White -:- XL','Dot net soft cup teddy with faux fur trim on top and bottom hem. Faux fur at bottom back of teddy.  Matching G-string',0,'Dot net soft cup teddy with faux fur trim on top and bottom hem. Faux fur at bottom back of teddy.  Matching G-string','2009-07-11',1,0,0,NULL,NULL,NULL,NULL,NULL,NULL,NULL,NULL,0,1,NULL,'DEFAULT'),(587,1,'Soft cup lace triangle bra with sheer panty.  Sheer slip over','80645','80645','White -:- S->White -:- M->White -:- L->White -:- X','Soft cup lace triangle bra with sheer panty.  Sheer slip over',0,'Soft cup lace triangle bra with sheer panty.  Sheer slip over','2009-07-11',1,0,0,NULL,NULL,NULL,NULL,NULL,NULL,NULL,NULL,0,1,NULL,'DEFAULT'),(588,1,'Sheer slip with underwire embroidered soft cups with adjustable straps.  Ruffled hem and adjustable garter straps.  G-string included','80648','80648','White -:- S/M->White -:- M/L->White -:- XL','Sheer slip with underwire embroidered soft cups with adjustable straps.  Ruffled hem and adjustable garter straps.  G-string included',0,'Sheer slip with underwire embroidered soft cups with adjustable straps.  Ruffled hem and adjustable garter straps.  G-string included','2009-07-11',1,0,0,NULL,NULL,NULL,NULL,NULL,NULL,NULL,NULL,0,1,NULL,'DEFAULT'),(589,1,'Sheer long sleeve blouse with fur trim and satin ties at front.  Sheer panty with satin side ties','80650','80650','White -:- S->White -:- M->White -:- L->White -:- X','Sheer long sleeve blouse with fur trim and satin ties at front.  Sheer panty with satin side ties',0,'Sheer long sleeve blouse with fur trim and satin ties at front.  Sheer panty with satin side ties','2009-07-11',1,0,0,NULL,NULL,NULL,NULL,NULL,NULL,NULL,NULL,0,1,NULL,'DEFAULT'),(590,1,'Satin front lace up corset with lace panels and trim.  Underwire cups and garter straps.  Matching thong','80652','80652','Pink/White -:- M->Pink/White -:- L','Satin front lace up corset with lace panels and trim.  Underwire cups and garter straps.  Matching thong',0,'Satin front lace up corset with lace panels and trim.  Underwire cups and garter straps.  Matching thong','2009-07-11',1,0,0,NULL,NULL,NULL,NULL,NULL,NULL,NULL,NULL,0,1,NULL,'DEFAULT'),(591,1,'Embroidered sheer bikini top with matching boy shorts','80653','80653','White -:- S/M->White -:- M/L->White -:- XL','Embroidered sheer bikini top with matching boy shorts',0,'Embroidered sheer bikini top with matching boy shorts','2009-07-11',1,0,0,NULL,NULL,NULL,NULL,NULL,NULL,NULL,NULL,0,1,NULL,'DEFAULT'),(592,1,'Fitted stretch sheer top with halter lace trim.  Lace criss cross lace up on front.  Lace G-string','80654','80654','White -:- S/M->White -:- M/L->White -:- XL','Fitted stretch sheer top with halter lace trim.  Lace criss cross lace up on front.  Lace G-string',0,'Fitted stretch sheer top with halter lace trim.  Lace criss cross lace up on front.  Lace G-string','2009-07-11',1,0,0,NULL,NULL,NULL,NULL,NULL,NULL,NULL,NULL,0,1,NULL,'DEFAULT'),(593,1,'Sheer soft cup triangle bra with lace ribbon edges.  Matching G-string.  Sheer short long sleeve camisole with ruffled hem and cuffs','80655','80655','White/Pink -:- S->White/Pink -:- M->White/Pink -:-','Sheer soft cup triangle bra with lace ribbon edges.  Matching G-string.  Sheer short long sleeve camisole with ruffled hem and cuffs',0,'Sheer soft cup triangle bra with lace ribbon edges.  Matching G-string.  Sheer short long sleeve camisole with ruffled hem and cuffs','2009-07-11',1,0,0,NULL,NULL,NULL,NULL,NULL,NULL,NULL,NULL,0,1,NULL,'DEFAULT'),(594,1,'Open cup fur trim bra with front closure.  Fur front G-string with front closure','80656','80656','White -:- One Size->White -:- XL','Open cup fur trim bra with front closure.  Fur front G-string with front closure',0,'Open cup fur trim bra with front closure.  Fur front G-string with front closure','2009-07-11',1,0,0,NULL,NULL,NULL,NULL,NULL,NULL,NULL,NULL,0,1,NULL,'DEFAULT'),(595,1,'Lace soft cup fitted top with satin panel.  Lace boy short panty with satin panel','80657','80657','White -:- S->White -:- M->White -:- L->White -:- X','Lace soft cup fitted top with satin panel.  Lace boy short panty with satin panel',0,'Lace soft cup fitted top with satin panel.  Lace boy short panty with satin panel','2009-07-11',1,0,0,NULL,NULL,NULL,NULL,NULL,NULL,NULL,NULL,0,1,NULL,'DEFAULT'),(596,1,'Long sheer long sleeve robe with ruffled trim on edges and cuffs.  Sheer G-string','80662','80662','White -:- S->White -:- M->White -:- L->White -:- X','Long sheer long sleeve robe with ruffled trim on edges and cuffs.  Sheer G-string',0,'Long sheer long sleeve robe with ruffled trim on edges and cuffs.  Sheer G-string','2009-07-11',1,0,0,NULL,NULL,NULL,NULL,NULL,NULL,NULL,NULL,0,1,NULL,'DEFAULT'),(597,1,'Long sheer gown with princess lines with lace top.  Sheer long sleeve robe with lace bodice and sleeves with ruffled trim.  Matching thong','80663','80663','White -:- S->White -:- M->White -:- L->White -:- X','Long sheer gown with princess lines with lace top.  Sheer long sleeve robe with lace bodice and sleeves with ruffled trim.  Matching thong',0,'Long sheer gown with princess lines with lace top.  Sheer long sleeve robe with lace bodice and sleeves with ruffled trim.  Matching thong','2009-07-11',1,0,0,NULL,NULL,NULL,NULL,NULL,NULL,NULL,NULL,0,1,NULL,'DEFAULT'),(598,1,'Short sleeve sheer dot nightgown with ruffled neckline.  Satin waistband with ties.  Pleated scoop slit with bow at edge.  Matching thong','80665','80665','White -:- S/M->White -:- M/L->White -:- XL','Short sleeve sheer dot nightgown with ruffled neckline.  Satin waistband with ties.  Pleated scoop slit with bow at edge.  Matching thong',0,'Short sleeve sheer dot nightgown with ruffled neckline.  Satin waistband with ties.  Pleated scoop slit with bow at edge.  Matching thong','2009-07-11',1,0,0,NULL,NULL,NULL,NULL,NULL,NULL,NULL,NULL,0,1,NULL,'DEFAULT'),(599,1,'Sheer soft cup top gathered at center front with ruffled trim and lace up back. Long sheer skirt.  Matching thong','80666','80666','White -:- S->White -:- M->White -:- L->White -:- X','Sheer soft cup top gathered at center front with ruffled trim and lace up back. Long sheer skirt.  Matching thong',0,'Sheer soft cup top gathered at center front with ruffled trim and lace up back. Long sheer skirt.  Matching thong','2009-07-11',1,0,0,NULL,NULL,NULL,NULL,NULL,NULL,NULL,NULL,0,1,NULL,'DEFAULT'),(600,1,'Long sleeve sheer robe with fur trim and sheer G-string','80667','80667','White -:- S->White -:- M->White -:- L->White -:- X','Long sleeve sheer robe with fur trim and sheer G-string',0,'Long sleeve sheer robe with fur trim and sheer G-string','2009-07-11',1,0,0,NULL,NULL,NULL,NULL,NULL,NULL,NULL,NULL,0,1,NULL,'DEFAULT'),(601,1,'Fitted satin dress with front keyhole with metal ring.  Back ties with metal rings on sides. Matching thong','80673','80673','Purple -:- S/M->Purple -:- M/L->Purple -:- XL','Fitted satin dress with front keyhole with metal ring.  Back ties with metal rings on sides. Matching thong',0,'Fitted satin dress with front keyhole with metal ring.  Back ties with metal rings on sides. Matching thong','2009-07-11',1,0,0,NULL,NULL,NULL,NULL,NULL,NULL,NULL,NULL,0,1,NULL,'DEFAULT'),(602,1,'Sheer flyaway night gown with lace soft cups and adjustable bra straps.  Lace G-string','80674','80674','Light Blue/White -:- S/M->Light Blue/White -:- M/L','Sheer flyaway night gown with lace soft cups and adjustable bra straps.  Lace G-string',0,'Sheer flyaway night gown with lace soft cups and adjustable bra straps.  Lace G-string','2009-07-11',1,0,0,NULL,NULL,NULL,NULL,NULL,NULL,NULL,NULL,0,1,NULL,'DEFAULT'),(603,1,'Sheer lace babydoll with cap sleeves and satin top.  Matching satin G-string','80676','80676','Black/Blue -:- S/M->Black/Blue -:- M/L->Black/Blue','Sheer lace babydoll with cap sleeves and satin top.  Matching satin G-string',0,'Sheer lace babydoll with cap sleeves and satin top.  Matching satin G-string','2009-07-11',1,0,0,NULL,NULL,NULL,NULL,NULL,NULL,NULL,NULL,0,1,NULL,'DEFAULT'),(604,1,'Sheer camisole with sheer G-string','80677','80677','Green -:- S/M->Green -:- M/L->Green -:- XL','Sheer camisole with sheer G-string',0,'Sheer camisole with sheer G-string','2009-07-11',1,0,0,NULL,NULL,NULL,NULL,NULL,NULL,NULL,NULL,0,1,NULL,'DEFAULT'),(605,1,'Stretch sheer leopard camisole with deep v neck line.  Lace trim on neckline and back.  Matching G-string','80688','80688','Leopard -:- S/M->Leopard -:- M/L->Leopard -:- XL','Stretch sheer leopard camisole with deep v neck line.  Lace trim on neckline and back.  Matching G-string',0,'Stretch sheer leopard camisole with deep v neck line.  Lace trim on neckline and back.  Matching G-string','2009-07-11',1,0,0,NULL,NULL,NULL,NULL,NULL,NULL,NULL,NULL,0,1,NULL,'DEFAULT'),(606,1,'Soft cup triangle bra with leopard fringe.  Matching G-string with fringe','80690','80690','Leopard -:- One Size->Leopard -:- XL','Soft cup triangle bra with leopard fringe.  Matching G-string with fringe',0,'Soft cup triangle bra with leopard fringe.  Matching G-string with fringe','2009-07-11',1,0,0,NULL,NULL,NULL,NULL,NULL,NULL,NULL,NULL,0,1,NULL,'DEFAULT'),(607,1,'Soft cup halter bra with front closure.  Matching G-string with side closure','80691','80691','Camouflage -:- One Size->Camouflage -:- XL','Soft cup halter bra with front closure.  Matching G-string with side closure',0,'Soft cup halter bra with front closure.  Matching G-string with side closure','2009-07-11',1,0,0,NULL,NULL,NULL,NULL,NULL,NULL,NULL,NULL,0,1,NULL,'DEFAULT'),(608,1,'Lace babydoll top with sheer bodice.  Matching lace G-string','80692','80692','Yellow -:- S/M->Yellow -:- M/L->Yellow -:- XL','Lace babydoll top with sheer bodice.  Matching lace G-string',0,'Lace babydoll top with sheer bodice.  Matching lace G-string','2009-07-11',1,0,0,NULL,NULL,NULL,NULL,NULL,NULL,NULL,NULL,0,1,NULL,'DEFAULT'),(609,1,'Sheer soft cup camisole with string ties around back.  Matching sheer thong.','80701','80701','Pink -:- S/M->Pink -:- M/L->Pink -:- XL','Sheer soft cup camisole with string ties around back.  Matching sheer thong.',0,'Sheer soft cup camisole with string ties around back.  Matching sheer thong.','2009-07-11',1,0,0,NULL,NULL,NULL,NULL,NULL,NULL,NULL,NULL,0,1,NULL,'DEFAULT'),(610,1,'Halter bra with gathers on top of cups.  Adjustable straps.  Matching gathered G-string on waistline','80702','80702','Pink -:- One Size->Pink -:- XL','Halter bra with gathers on top of cups.  Adjustable straps.  Matching gathered G-string on waistline',0,'Halter bra with gathers on top of cups.  Adjustable straps.  Matching gathered G-string on waistline','2009-07-11',1,0,0,NULL,NULL,NULL,NULL,NULL,NULL,NULL,NULL,0,1,NULL,'DEFAULT'),(611,1,'Lace/sheer camisole with princess slit and matching lace G-string','80703','80703','Pink -:- S/M->Pink -:- M/L->Pink -:- XL','Lace/sheer camisole with princess slit and matching lace G-string',0,'Lace/sheer camisole with princess slit and matching lace G-string','2009-07-11',1,0,0,NULL,NULL,NULL,NULL,NULL,NULL,NULL,NULL,0,1,NULL,'DEFAULT'),(612,1,'Satin underwire padded corset with lace panels and contrast boning.  Adjustable garter straps and matching lace G-string','80704','80704','Black/Pink -:- S->Black/Pink -:- M->Black/Pink -:-','Satin underwire padded corset with lace panels and contrast boning.  Adjustable garter straps and matching lace G-string',0,'Satin underwire padded corset with lace panels and contrast boning.  Adjustable garter straps and matching lace G-string','2009-07-11',1,0,0,NULL,NULL,NULL,NULL,NULL,NULL,NULL,NULL,0,1,NULL,'DEFAULT'),(613,1,'Black satin corset with front closures and mini padded cups.  Lace up back and satin G-string','80705','80705','Black/White -:- S->Black/White -:- M->Black/White ','Black satin corset with front closures and mini padded cups.  Lace up back and satin G-string',0,'Black satin corset with front closures and mini padded cups.  Lace up back and satin G-string','2009-07-11',1,0,0,NULL,NULL,NULL,NULL,NULL,NULL,NULL,NULL,0,1,NULL,'DEFAULT'),(614,1,'Flyaway sheer camisole with embroidered top and satin ribbon under bust.  Matching sheer G-string','80708','80708','Black/Light Pink -:- S/M->Black/Light Pink -:- M/L','Flyaway sheer camisole with embroidered top and satin ribbon under bust.  Matching sheer G-string',0,'Flyaway sheer camisole with embroidered top and satin ribbon under bust.  Matching sheer G-string','2009-07-11',1,0,0,NULL,NULL,NULL,NULL,NULL,NULL,NULL,NULL,0,1,NULL,'DEFAULT'),(615,1,'Lace sheer triangle bra with adjustable straps.  Leopard print sheer skirt with black sheer waistband. Come with thong','80711','80711','Black/Leopard -:- S/M->Black/Leopard -:- M/L->Blac','Lace sheer triangle bra with adjustable straps.  Leopard print sheer skirt with black sheer waistband. Come with thong',0,'Lace sheer triangle bra with adjustable straps.  Leopard print sheer skirt with black sheer waistband. Come with thong','2009-07-11',1,0,0,NULL,NULL,NULL,NULL,NULL,NULL,NULL,NULL,0,1,NULL,'DEFAULT'),(616,1,'Sheer baby doll with gathered neckline and satin ribbon around waistline. Matching thong','80712','80712','Black/Pink -:- S->Black/Pink -:- M->Black/Pink -:-','Sheer baby doll with gathered neckline and satin ribbon around waistline. Matching thong',0,'Sheer baby doll with gathered neckline and satin ribbon around waistline. Matching thong','2009-07-11',1,0,0,NULL,NULL,NULL,NULL,NULL,NULL,NULL,NULL,0,1,NULL,'DEFAULT'),(617,1,'Open center soft cup bra.  Ties on one side to back.  Matching G-string with side ties','80713','80713','Black -:- S/M->Black -:- M/L->Black -:- XL','Open center soft cup bra.  Ties on one side to back.  Matching G-string with side ties',0,'Open center soft cup bra.  Ties on one side to back.  Matching G-string with side ties','2009-07-11',1,0,0,NULL,NULL,NULL,NULL,NULL,NULL,NULL,NULL,0,1,NULL,'DEFAULT'),(618,1,'Lace underwire soft cup corset with satin side panels.  Lace up on front and ruffled hem with detachable garter straps and adjustable shoulder straps.  Come with G-string','80714','80714','Black Lace -:- S->Black Lace -:- M->Black Lace -:-','Lace underwire soft cup corset with satin side panels.  Lace up on front and ruffled hem with detachable garter straps and adjustable shoulder straps.  Come with G-string',0,'Lace underwire soft cup corset with satin side panels.  Lace up on front and ruffled hem with detachable garter straps and adjustable shoulder straps.  Come with G-string','2009-07-11',1,0,0,NULL,NULL,NULL,NULL,NULL,NULL,NULL,NULL,0,1,NULL,'DEFAULT'),(619,1,'Stretch sheer gathered shoulder band with fur ties.  Sheer gathered G-string with fur ties and string of pearls','80718','80718','Black -:- S/M->Black -:- M/L->Black -:- XL','Stretch sheer gathered shoulder band with fur ties.  Sheer gathered G-string with fur ties and string of pearls',0,'Stretch sheer gathered shoulder band with fur ties.  Sheer gathered G-string with fur ties and string of pearls','2009-07-11',1,0,0,NULL,NULL,NULL,NULL,NULL,NULL,NULL,NULL,0,1,NULL,'DEFAULT'),(620,1,'Sheer underwire babydoll with top closure.  Embroidery on cups and adjustable shoulder straps.  Come with G-string','80719','80719','Black -:- S->Black -:- M->Black -:- L->Black -:- X','Sheer underwire babydoll with top closure.  Embroidery on cups and adjustable shoulder straps.  Come with G-string',0,'Sheer underwire babydoll with top closure.  Embroidery on cups and adjustable shoulder straps.  Come with G-string','2009-07-11',1,0,0,NULL,NULL,NULL,NULL,NULL,NULL,NULL,NULL,0,1,NULL,'DEFAULT'),(621,1,'Stretch triangle halter bra with center metal ring.  Stretch micro mini skirt with waistband and metal rings holding skirt together','80720','80720','Black -:- S/M->Black -:- M/L->Black -:- XL','Stretch triangle halter bra with center metal ring.  Stretch micro mini skirt with waistband and metal rings holding skirt together',0,'Stretch triangle halter bra with center metal ring.  Stretch micro mini skirt with waistband and metal rings holding skirt together','2009-07-11',1,0,0,NULL,NULL,NULL,NULL,NULL,NULL,NULL,NULL,0,1,NULL,'DEFAULT'),(622,1,'Pinstripe underwire soft cup slip with embroidered flowers on hem and cups.  Adjustable shoulder straps. Come with thong','80723','80723','Black/White -:- S/M->Black/White -:- M/L->Black/Wh','Pinstripe underwire soft cup slip with embroidered flowers on hem and cups.  Adjustable shoulder straps. Come with thong',0,'Pinstripe underwire soft cup slip with embroidered flowers on hem and cups.  Adjustable shoulder straps. Come with thong','2009-07-11',1,0,0,NULL,NULL,NULL,NULL,NULL,NULL,NULL,NULL,0,1,NULL,'DEFAULT'),(623,1,'Butterfly printed sheer slip with open sides connecting with ribbon. Come with matching thong','80726','80726','Black -:- S->Black -:- M->Black -:- L->Black -:- X','Butterfly printed sheer slip with open sides connecting with ribbon. Come with matching thong',0,'Butterfly printed sheer slip with open sides connecting with ribbon. Come with matching thong','2009-07-11',1,0,0,NULL,NULL,NULL,NULL,NULL,NULL,NULL,NULL,0,1,NULL,'DEFAULT'),(624,1,'Long sleeve ballerina top that ties around to front.  Matching thong','80727','80727','Black -:- S->Black -:- M->Black -:- L->Black -:- X','Long sleeve ballerina top that ties around to front.  Matching thong',0,'Long sleeve ballerina top that ties around to front.  Matching thong','2009-07-11',1,0,0,NULL,NULL,NULL,NULL,NULL,NULL,NULL,NULL,0,1,NULL,'DEFAULT'),(625,1,'Stretch satin halter monokini with ring on center waist','80738','80738','Black -:- S/M->Black -:- M/L->Black -:- XL','Stretch satin halter monokini with ring on center waist',0,'Stretch satin halter monokini with ring on center waist','2009-07-11',1,0,0,NULL,NULL,NULL,NULL,NULL,NULL,NULL,NULL,0,1,NULL,'DEFAULT'),(626,1,'Sheer babydoll with satin underwire padded cups and satin hem trim.  Lace on top half of cups and hem.  Adjustable traps and matching panty','80739','80739','Blue Green/Black -:- S->Blue Green/Black -:- M->Bl','Sheer babydoll with satin underwire padded cups and satin hem trim.  Lace on top half of cups and hem.  Adjustable traps and matching panty',0,'Sheer babydoll with satin underwire padded cups and satin hem trim.  Lace on top half of cups and hem.  Adjustable traps and matching panty','2009-07-11',1,0,0,NULL,NULL,NULL,NULL,NULL,NULL,NULL,NULL,0,1,NULL,'DEFAULT'),(627,1,'Satin triangle cup mini slip with scalloped lace trim on hem and bra.  Come with panty','80740','80740','Aqua/Black -:- S/M->Aqua/Black -:- M/L->Aqua/Black','Satin triangle cup mini slip with scalloped lace trim on hem and bra.  Come with panty',0,'Satin triangle cup mini slip with scalloped lace trim on hem and bra.  Come with panty','2009-07-11',1,0,0,NULL,NULL,NULL,NULL,NULL,NULL,NULL,NULL,0,1,NULL,'DEFAULT'),(628,1,'Underwire padded lace/satin bra.  Bottom half of cup has polka dot lace.  Top half of cup has scalloped floral lace.  Matchin lace/satin micro mini skirt with detachable garter straps','80741','80741','Turquoise/Black -:- S->Turquoise/Black -:- M->Turq','Underwire padded lace/satin bra.  Bottom half of cup has polka dot lace.  Top half of cup has scalloped floral lace.  Matchin lace/satin micro mini skirt with detachable garter straps',0,'Underwire padded lace/satin bra.  Bottom half of cup has polka dot lace.  Top half of cup has scalloped floral lace.  Matchin lace/satin micro mini skirt with detachable garter straps','2009-07-11',1,0,0,NULL,NULL,NULL,NULL,NULL,NULL,NULL,NULL,0,1,NULL,'DEFAULT'),(629,1,'Layered sheer top with underwire polka dot lace padded cups.  Satin ribbon weaved on straps and lettice hem.  Matching polka dot panty','80742','80742','Black/Nude -:- S/M->Black/Nude -:- M/L->Black/Nude','Layered sheer top with underwire polka dot lace padded cups.  Satin ribbon weaved on straps and lettice hem.  Matching polka dot panty',0,'Layered sheer top with underwire polka dot lace padded cups.  Satin ribbon weaved on straps and lettice hem.  Matching polka dot panty','2009-07-11',1,0,0,NULL,NULL,NULL,NULL,NULL,NULL,NULL,NULL,0,1,NULL,'DEFAULT'),(630,1,'Sheer tube top with thick satin ribbon across bust and center.  Tiny satin bow at center of bust.  Sheer micro mini skirt with panty','80743','80743','Black/Soft Pink -:- S->Black/Soft Pink -:- M->Blac','Sheer tube top with thick satin ribbon across bust and center.  Tiny satin bow at center of bust.  Sheer micro mini skirt with panty',0,'Sheer tube top with thick satin ribbon across bust and center.  Tiny satin bow at center of bust.  Sheer micro mini skirt with panty','2009-07-11',1,0,0,NULL,NULL,NULL,NULL,NULL,NULL,NULL,NULL,0,1,NULL,'DEFAULT'),(631,1,'Satin teddy with lace accents on bra and center body.  Adjustable bra straps and garter straps.(thong on back)','80744','80744','Aqua Blue/Black Lace -:- S/M->Aqua Blue/Black Lace','Satin teddy with lace accents on bra and center body.  Adjustable bra straps and garter straps.(thong on back)',0,'Satin teddy with lace accents on bra and center body.  Adjustable bra straps and garter straps.(thong on back)','2009-07-11',1,0,0,NULL,NULL,NULL,NULL,NULL,NULL,NULL,NULL,0,1,NULL,'DEFAULT'),(632,1,'Satin underwire padded corset with boning.  Sheer side panels and adjustable straps.  Garter straps with matching panty','80745','80745','Pink Satin -:- S->Pink Satin -:- M->Pink Satin -:-','Satin underwire padded corset with boning.  Sheer side panels and adjustable straps.  Garter straps with matching panty',0,'Satin underwire padded corset with boning.  Sheer side panels and adjustable straps.  Garter straps with matching panty','2009-07-11',1,0,0,NULL,NULL,NULL,NULL,NULL,NULL,NULL,NULL,0,1,NULL,'DEFAULT'),(633,1,'Lace corset with underwire pushup bra.  Weaved satin ribbon on edge of bra and princess lines.  Attached garter straps.  Matching g-string','80746','80746','Black Lace/Red Satin Ribbon -:- S->Black Lace/Red ','Lace corset with underwire pushup bra.  Weaved satin ribbon on edge of bra and princess lines.  Attached garter straps.  Matching g-string',0,'Lace corset with underwire pushup bra.  Weaved satin ribbon on edge of bra and princess lines.  Attached garter straps.  Matching g-string','2009-07-11',1,0,0,NULL,NULL,NULL,NULL,NULL,NULL,NULL,NULL,0,1,NULL,'DEFAULT'),(634,1,'Lace halter top with sheer bodice babydoll.  Panty included','80514','80514','Black -:- S->Black -:- M->Black -:- L->Black -:- X','Lace halter top with sheer bodice babydoll.  Panty included',0,'Lace halter top with sheer bodice babydoll.  Panty included','2009-07-11',1,0,0,NULL,NULL,NULL,NULL,NULL,NULL,NULL,NULL,0,1,NULL,'DEFAULT'),(635,1,'Satin babydoll with underwire padded bra.  Bra has boning detail.  Side of dress has satin lace up ties through gromets and matching panty','80515','80515','Black -:- S->Black -:- M->Black -:- L->Black -:- X','Satin babydoll with underwire padded bra.  Bra has boning detail.  Side of dress has satin lace up ties through gromets and matching panty',0,'Satin babydoll with underwire padded bra.  Bra has boning detail.  Side of dress has satin lace up ties through gromets and matching panty','2009-07-11',1,0,0,NULL,NULL,NULL,NULL,NULL,NULL,NULL,NULL,0,1,NULL,'DEFAULT'),(636,1,'Striped sheer camisole triangle top with garter straps.  Lace trim on bust.  Matching striped thong','80531','80531','Black -:- S/M->Black -:- M/L->Black -:- XL','Striped sheer camisole triangle top with garter straps.  Lace trim on bust.  Matching striped thong',0,'Striped sheer camisole triangle top with garter straps.  Lace trim on bust.  Matching striped thong','2009-07-11',1,0,0,NULL,NULL,NULL,NULL,NULL,NULL,NULL,NULL,0,1,NULL,'DEFAULT'),(637,1,'Sheer/Lace bustier with boning.  Detachable garter straps with matching thong','80536','80536','Black -:- S->Black -:- M->Black -:- L->Black -:- X','Sheer/Lace bustier with boning.  Detachable garter straps with matching thong',0,'Sheer/Lace bustier with boning.  Detachable garter straps with matching thong','2009-07-11',1,0,0,NULL,NULL,NULL,NULL,NULL,NULL,NULL,NULL,0,1,NULL,'DEFAULT'),(638,1,'Sheer cap sleeve top that ties at center.  Plaid micro mini skirt with elastic waistband and detachable garter straps.','80611','80611','White/Green -:- S/M->White/Greene -:- M/L->White/G','Sheer cap sleeve top that ties at center.  Plaid micro mini skirt with elastic waistband and detachable garter straps.',0,'Sheer cap sleeve top that ties at center.  Plaid micro mini skirt with elastic waistband and detachable garter straps.','2009-07-11',1,0,0,NULL,NULL,NULL,NULL,NULL,NULL,NULL,NULL,0,1,NULL,'DEFAULT'),(639,1,'Stretch satin fitted tank top with boning.  Lace on front and lace trim on bust line.  G-string included','80730','80730','Red Wine/Black -:- S->Red Wine/Black -:- M->Red Wi','Stretch satin fitted tank top with boning.  Lace on front and lace trim on bust line.  G-string included',0,'Stretch satin fitted tank top with boning.  Lace on front and lace trim on bust line.  G-string included','2009-07-11',1,0,0,NULL,NULL,NULL,NULL,NULL,NULL,NULL,NULL,0,1,NULL,'DEFAULT'),(640,1,'Satin floral lace corset with boning.  Underwire pushup cups and laceup detail in front.  Matching satin lace panty with laceup on front.  Detachable garter straps','80731','80731','Sea Blue/Black -:- S->Sea Blue/Black -:- M->Sea Bl','Satin floral lace corset with boning.  Underwire pushup cups and laceup detail in front.  Matching satin lace panty with laceup on front.  Detachable garter straps',0,'Satin floral lace corset with boning.  Underwire pushup cups and laceup detail in front.  Matching satin lace panty with laceup on front.  Detachable garter straps','2009-07-11',1,0,0,NULL,NULL,NULL,NULL,NULL,NULL,NULL,NULL,0,1,NULL,'DEFAULT'),(641,1,'Sheer fitted babydoll with boning.  Underwire pushup lace cups.  Lace side panels.  Gathered skirt hem.  Matching panty included','80732','80732','Pink Rose -:- S->Pink Rose -:- M->Pink Rose -:- L-','Sheer fitted babydoll with boning.  Underwire pushup lace cups.  Lace side panels.  Gathered skirt hem.  Matching panty included',0,'Sheer fitted babydoll with boning.  Underwire pushup lace cups.  Lace side panels.  Gathered skirt hem.  Matching panty included','2009-07-11',1,0,0,NULL,NULL,NULL,NULL,NULL,NULL,NULL,NULL,0,1,NULL,'DEFAULT'),(642,1,'Stretch satin corset with boning.  Lace detail on bodice.  Underwire pushup cups with lace.  Adjustable shoulder straps.  Panty inlcuded','80733','80733','Pink Rose -:- S->Pink Rose -:- M->Pink Rose -:- L-','Stretch satin corset with boning.  Lace detail on bodice.  Underwire pushup cups with lace.  Adjustable shoulder straps.  Panty inlcuded',0,'Stretch satin corset with boning.  Lace detail on bodice.  Underwire pushup cups with lace.  Adjustable shoulder straps.  Panty inlcuded','2009-07-11',1,0,0,NULL,NULL,NULL,NULL,NULL,NULL,NULL,NULL,0,1,NULL,'DEFAULT'),(643,1,'Sheer slip with underwire satin cups and satin hem.  Panty included','80734','80734','Rose -:- S/M->Rose -:- M/L->Rose -:- XL','Sheer slip with underwire satin cups and satin hem.  Panty included',0,'Sheer slip with underwire satin cups and satin hem.  Panty included','2009-07-11',1,0,0,NULL,NULL,NULL,NULL,NULL,NULL,NULL,NULL,0,1,NULL,'DEFAULT'),(644,1,'Sheer lace fitted baby doll and matching panty','80735','80735','Red -:- S/M->Red -:- M/L->Red -:- XL','Sheer lace fitted baby doll and matching panty',0,'Sheer lace fitted baby doll and matching panty','2009-07-11',1,0,0,NULL,NULL,NULL,NULL,NULL,NULL,NULL,NULL,0,1,NULL,'DEFAULT'),(645,1,'Stretch satin corset with underwire padded pushup cups.  Lace up ties under bust.  Lace trim on top half of cups.  Matching panty','80736','80736','Black -:- S->Black -:- M->Black -:- L->Black -:- X','Stretch satin corset with underwire padded pushup cups.  Lace up ties under bust.  Lace trim on top half of cups.  Matching panty',0,'Stretch satin corset with underwire padded pushup cups.  Lace up ties under bust.  Lace trim on top half of cups.  Matching panty','2009-07-11',1,0,0,NULL,NULL,NULL,NULL,NULL,NULL,NULL,NULL,0,1,NULL,'DEFAULT'),(646,1,'Sheer/Lace halter top babydoll with gathers at neckline.  Panty included','80737','80737','Lipstick Pink -:- S/M->Lipstick Pink -:- M/L->Lips','Sheer/Lace halter top babydoll with gathers at neckline.  Panty included',0,'Sheer/Lace halter top babydoll with gathers at neckline.  Panty included','2009-07-11',1,0,0,NULL,NULL,NULL,NULL,NULL,NULL,NULL,NULL,0,1,NULL,'DEFAULT'),(647,1,'Sheer long sleeve robe with wrap around ties','80625','80625','White -:- S->White -:- M->White -:- L->White -:- X','Sheer long sleeve robe with wrap around ties',0,'Sheer long sleeve robe with wrap around ties','2009-07-11',1,0,0,NULL,NULL,NULL,NULL,NULL,NULL,NULL,NULL,0,1,NULL,'DEFAULT');
/*!40000 ALTER TABLE `product_product` ENABLE KEYS */;
UNLOCK TABLES;

--
-- Table structure for table `product_product_also_purchased`
--

DROP TABLE IF EXISTS `product_product_also_purchased`;
SET @saved_cs_client     = @@character_set_client;
SET character_set_client = utf8;
CREATE TABLE `product_product_also_purchased` (
  `id` int(11) NOT NULL auto_increment,
  `from_product_id` int(11) NOT NULL,
  `to_product_id` int(11) NOT NULL,
  PRIMARY KEY  (`id`),
  UNIQUE KEY `from_product_id` (`from_product_id`,`to_product_id`),
  KEY `to_product_id_refs_id_5eecb98` (`to_product_id`)
) ENGINE=MyISAM DEFAULT CHARSET=utf8;
SET character_set_client = @saved_cs_client;

--
-- Dumping data for table `product_product_also_purchased`
--

LOCK TABLES `product_product_also_purchased` WRITE;
/*!40000 ALTER TABLE `product_product_also_purchased` DISABLE KEYS */;
/*!40000 ALTER TABLE `product_product_also_purchased` ENABLE KEYS */;
UNLOCK TABLES;

--
-- Table structure for table `product_product_category`
--

DROP TABLE IF EXISTS `product_product_category`;
SET @saved_cs_client     = @@character_set_client;
SET character_set_client = utf8;
CREATE TABLE `product_product_category` (
  `id` int(11) NOT NULL auto_increment,
  `product_id` int(11) NOT NULL,
  `category_id` int(11) NOT NULL,
  PRIMARY KEY  (`id`),
  UNIQUE KEY `product_id` (`product_id`,`category_id`),
  KEY `category_id_refs_id_5d7df90b` (`category_id`)
) ENGINE=MyISAM AUTO_INCREMENT=991 DEFAULT CHARSET=utf8;
SET character_set_client = @saved_cs_client;

--
-- Dumping data for table `product_product_category`
--

LOCK TABLES `product_product_category` WRITE;
/*!40000 ALTER TABLE `product_product_category` DISABLE KEYS */;
INSERT INTO `product_product_category` VALUES (95,48,9),(96,51,9),(97,53,9),(98,57,14),(99,58,14),(100,59,14),(101,60,17),(102,64,17),(103,69,15),(104,74,18),(105,78,18),(106,80,18),(107,92,11),(108,97,11),(109,100,11),(110,101,11),(111,105,11),(112,38,10),(113,38,13),(114,85,11),(115,104,11),(116,73,13),(117,73,20),(118,25,8),(119,25,10),(120,93,11),(121,72,13),(122,72,20),(123,81,11),(124,81,13),(125,98,11),(126,84,11),(127,84,13),(128,83,11),(129,95,11),(130,65,13),(131,65,15),(132,102,11),(133,148,13),(134,148,22),(135,103,8),(136,103,11),(137,267,21),(138,42,9),(139,42,13),(140,389,11),(141,529,10),(142,529,21),(143,251,11),(144,255,22),(145,55,8),(146,55,21),(147,49,9),(148,63,13),(149,63,17),(150,196,22),(151,22,10),(152,22,13),(153,22,19),(154,76,18),(155,258,13),(156,258,15),(157,613,9),(158,318,9),(159,116,16),(160,307,9),(161,122,13),(162,122,16),(163,623,17),(164,305,9),(165,305,21),(166,534,11),(167,386,11),(168,386,15),(169,374,22),(170,37,10),(171,37,13),(172,195,17),(173,438,17),(174,160,17),(175,434,9),(176,434,19),(177,558,8),(178,558,11),(179,34,10),(180,477,21),(181,139,12),(182,150,9),(183,178,9),(184,377,11),(185,45,9),(186,45,13),(187,29,10),(188,29,13),(189,128,16),(190,110,8),(191,110,16),(192,112,13),(193,112,16),(194,136,16),(195,253,13),(196,253,22),(197,556,8),(198,556,9),(199,189,22),(200,161,17),(201,182,22),(202,144,13),(203,144,22),(204,313,9),(205,313,13),(206,262,13),(207,262,17),(208,327,13),(209,327,21),(210,259,17),(211,308,21),(212,569,8),(213,569,21),(214,586,8),(215,586,22),(216,166,13),(217,166,17),(218,222,11),(219,232,16),(220,208,21),(221,181,9),(222,96,11),(223,418,9),(224,302,9),(225,179,8),(226,179,9),(227,152,9),(228,152,13),(229,234,13),(230,234,22),(231,207,21),(232,415,9),(233,414,9),(234,252,11),(235,591,8),(236,591,11),(237,303,17),(238,541,9),(239,184,8),(240,184,9),(241,184,21),(242,56,21),(243,551,8),(244,551,11),(245,405,9),(246,365,11),(247,421,22),(248,452,11),(249,452,21),(250,572,8),(251,572,21),(252,461,17),(253,314,13),(254,314,17),(255,363,17),(256,422,9),(257,422,19),(258,335,13),(259,335,17),(260,440,18),(261,312,21),(262,388,17),(263,601,17),(264,555,8),(265,555,17),(266,425,9),(267,425,20),(268,508,9),(269,508,21),(270,505,21),(271,394,9),(272,394,21),(273,577,17),(274,592,8),(275,592,11),(276,346,17),(277,568,8),(278,568,9),(279,402,9),(280,28,10),(281,301,17),(282,420,10),(283,420,17),(284,450,21),(285,537,8),(286,537,11),(287,323,9),(288,304,17),(289,141,12),(290,297,17),(291,108,13),(292,108,16),(293,118,13),(294,118,16),(295,180,10),(296,230,11),(297,237,22),(298,229,11),(299,231,11),(300,236,22),(301,228,11),(302,235,22),(303,486,10),(304,309,10),(305,309,13),(306,478,10),(307,478,17),(308,614,21),(309,345,10),(310,345,13),(311,67,15),(312,257,15),(313,169,15),(314,168,15),(315,264,13),(316,264,22),(317,287,11),(318,288,9),(319,268,14),(320,270,14),(321,271,14),(322,274,14),(323,275,14),(324,276,14),(325,277,14),(326,278,14),(327,279,14),(328,283,14),(329,285,14),(330,286,14),(331,284,14),(332,269,14),(333,328,14),(334,273,14),(335,281,13),(336,281,14),(337,282,14),(338,272,13),(339,272,14),(340,280,14),(341,109,8),(342,109,16),(343,484,10),(344,484,17),(345,482,17),(346,482,18),(347,481,22),(348,483,11),(349,483,21),(350,263,11),(351,610,11),(352,175,22),(353,329,22),(354,190,22),(355,371,10),(356,225,11),(357,266,21),(358,413,9),(359,431,9),(360,431,19),(361,417,9),(362,408,9),(363,408,20),(364,565,8),(365,565,9),(366,566,8),(367,566,9),(368,342,13),(369,342,22),(370,138,13),(371,138,16),(372,126,16),(373,115,16),(374,32,10),(375,32,13),(376,298,9),(377,289,9),(378,290,9),(379,292,9),(380,193,11),(381,608,10),(382,306,17),(383,250,22),(384,325,9),(385,325,13),(386,463,21),(387,379,21),(388,449,11),(389,337,13),(390,337,17),(391,410,9),(392,410,20),(393,633,9),(394,416,9),(395,315,13),(396,315,21),(397,336,11),(398,336,13),(399,43,9),(400,465,10),(401,507,10),(402,498,18),(403,503,11),(404,634,10),(405,455,10),(406,502,11),(407,567,8),(408,567,11),(409,356,11),(410,356,21),(411,359,10),(412,359,17),(413,129,13),(414,129,16),(415,476,10),(416,476,17),(417,479,9),(418,479,21),(419,131,13),(420,131,16),(421,111,16),(422,615,11),(423,130,16),(424,403,17),(425,595,8),(426,595,11),(427,595,21),(428,580,8),(429,580,10),(430,464,10),(431,464,17),(432,535,11),(433,530,17),(434,528,10),(435,528,17),(436,485,11),(437,333,21),(438,344,13),(439,344,22),(440,381,11),(441,381,21),(442,248,11),(443,295,22),(444,124,16),(445,221,17),(446,489,10),(447,489,17),(448,576,8),(449,576,11),(450,387,11),(451,488,8),(452,488,21),(453,562,8),(454,562,11),(455,544,8),(456,544,10),(457,191,21),(458,132,16),(459,391,11),(460,391,21),(461,107,16),(462,99,11),(463,294,13),(464,294,21),(465,291,9),(466,466,9),(467,466,10),(468,226,11),(469,226,13),(470,316,10),(471,552,8),(472,552,11),(473,524,11),(474,618,9),(475,557,8),(476,557,9),(477,194,11),(478,584,8),(479,584,10),(480,611,21),(481,367,10),(482,367,17),(483,629,17),(484,70,15),(485,385,11),(486,376,11),(487,563,8),(488,563,11),(489,310,21),(490,435,18),(491,491,18),(492,437,18),(493,597,8),(494,597,18),(495,596,8),(496,596,12),(497,496,18),(498,570,8),(499,570,18),(500,582,8),(501,582,18),(502,624,11),(503,600,8),(504,600,12),(505,52,9),(506,52,19),(507,458,22),(508,151,9),(509,24,10),(510,127,13),(511,127,16),(512,117,13),(513,117,16),(514,203,9),(515,326,10),(516,185,21),(517,157,21),(518,154,13),(519,154,21),(520,162,13),(521,162,17),(522,265,17),(523,317,9),(524,206,8),(525,206,9),(526,233,22),(527,113,16),(528,202,10),(529,40,10),(530,395,11),(531,114,16),(532,172,11),(533,156,8),(534,156,21),(535,321,13),(536,617,11),(537,594,8),(538,594,11),(539,260,13),(540,260,17),(541,146,22),(542,254,13),(543,254,22),(544,527,11),(545,249,11),(546,79,18),(547,145,13),(548,145,22),(549,39,10),(550,39,13),(551,445,21),(552,622,10),(553,375,10),(554,375,15),(555,368,11),(556,368,15),(557,311,10),(558,407,9),(559,460,22),(560,517,10),(561,517,17),(562,393,11),(563,245,14),(564,242,14),(565,239,14),(566,238,14),(567,247,14),(568,246,14),(569,240,14),(570,244,14),(571,241,14),(572,243,14),(573,120,16),(574,409,20),(575,409,21),(576,171,11),(577,171,13),(578,201,10),(579,299,11),(580,47,9),(581,149,13),(582,149,22),(583,348,8),(584,348,10),(585,635,10),(586,319,9),(587,296,9),(588,296,13),(589,186,8),(590,186,21),(591,511,10),(592,511,21),(593,516,10),(594,516,21),(595,559,8),(596,559,9),(597,205,9),(598,411,9),(599,174,22),(600,354,9),(601,354,13),(602,640,9),(603,590,8),(604,590,9),(605,523,10),(606,523,17),(607,447,18),(608,493,9),(609,553,8),(610,553,9),(611,554,8),(612,554,9),(613,548,8),(614,548,17),(615,561,8),(616,561,9),(617,357,11),(618,357,17),(619,340,13),(620,340,17),(621,446,10),(622,188,17),(623,560,8),(624,560,21),(625,424,15),(626,439,17),(627,423,17),(628,397,17),(629,631,22),(630,627,17),(631,480,9),(632,480,20),(633,480,21),(634,353,9),(635,353,17),(636,361,9),(637,361,13),(638,361,17),(639,564,8),(640,564,9),(641,366,11),(642,632,9),(643,612,9),(644,396,17),(645,412,9),(646,320,11),(647,320,13),(648,509,10),(649,331,13),(650,331,22),(651,94,11),(652,119,16),(653,41,10),(654,41,13),(655,66,15),(656,35,10),(657,35,13),(658,71,20),(659,82,11),(660,135,16),(661,62,17),(662,176,8),(663,176,10),(664,334,13),(665,334,21),(666,155,13),(667,155,21),(668,399,17),(669,350,10),(670,616,10),(671,468,10),(672,468,17),(673,30,10),(674,30,19),(675,574,8),(676,574,10),(677,546,8),(678,546,10),(679,360,10),(680,360,13),(681,360,17),(682,355,10),(683,355,17),(684,538,10),(685,401,10),(686,352,10),(687,352,13),(688,626,10),(689,497,10),(690,497,17),(691,543,8),(692,543,10),(693,550,8),(694,550,22),(695,490,8),(696,490,10),(697,490,11),(698,88,11),(699,428,9),(700,433,10),(701,433,17),(702,183,21),(703,351,13),(704,351,21),(705,604,21),(706,378,10),(707,378,17),(708,380,11),(709,380,21),(710,638,11),(711,165,8),(712,165,17),(713,159,17),(714,177,10),(715,177,13),(716,220,13),(717,220,17),(718,429,9),(719,454,11),(720,521,11),(721,521,21),(722,224,11),(723,349,10),(724,531,10),(725,531,17),(726,641,10),(727,495,10),(728,495,17),(729,343,13),(730,343,17),(731,383,11),(732,383,21),(733,451,17),(734,506,10),(735,474,10),(736,474,21),(737,487,10),(738,499,10),(739,512,10),(740,426,10),(741,426,17),(742,470,10),(743,470,21),(744,473,10),(745,473,17),(746,579,8),(747,579,11),(748,384,10),(749,602,18),(750,442,15),(751,442,22),(752,163,17),(753,441,10),(754,542,8),(755,542,17),(756,581,8),(757,581,10),(758,533,11),(759,603,10),(760,644,10),(761,137,13),(762,137,16),(763,494,18),(764,585,8),(765,585,10),(766,589,8),(767,589,12),(768,573,8),(769,573,11),(770,647,8),(771,647,12),(772,187,11),(773,187,13),(774,23,10),(775,23,13),(776,36,10),(777,36,13),(778,338,10),(779,338,13),(780,338,21),(781,358,10),(782,358,21),(783,364,10),(784,510,10),(785,510,17),(786,575,8),(787,575,12),(788,158,21),(789,170,8),(790,170,11),(791,443,11),(792,518,18),(793,373,10),(794,373,17),(795,500,11),(796,513,10),(797,515,10),(798,515,17),(799,588,8),(800,588,10),(801,643,17),(802,432,21),(803,609,21),(804,540,18),(805,599,8),(806,599,18),(807,593,8),(808,593,11),(809,382,10),(810,504,10),(811,504,17),(812,526,10),(813,526,17),(814,545,8),(815,545,17),(816,571,8),(817,571,22),(818,370,11),(819,370,21),(820,469,9),(821,469,20),(822,339,10),(823,339,13),(824,339,17),(825,532,10),(826,532,17),(827,472,9),(828,630,11),(829,620,10),(830,26,10),(831,456,11),(832,637,9),(833,406,9),(834,406,20),(835,646,10),(836,419,9),(837,583,8),(838,583,10),(839,519,12),(840,436,12),(841,520,12),(842,453,18),(843,522,11),(844,522,21),(845,598,8),(846,598,18),(847,341,10),(848,341,13),(849,341,17),(850,330,22),(851,50,8),(852,50,9),(853,147,13),(854,147,22),(855,607,11),(856,587,8),(857,587,17),(858,392,10),(859,606,11),(860,471,10),(861,471,17),(862,430,11),(863,31,10),(864,31,13),(865,400,20),(866,400,21),(867,142,22),(868,121,13),(869,121,16),(870,300,9),(871,87,11),(872,87,13),(873,293,21),(874,457,11),(875,261,13),(876,261,21),(877,475,9),(878,475,21),(879,536,11),(880,536,21),(881,539,11),(882,86,11),(883,86,13),(884,27,10),(885,27,13),(886,75,18),(887,75,19),(888,578,8),(889,578,10),(890,501,11),(891,91,11),(892,525,11),(893,525,21),(894,398,21),(895,44,8),(896,44,9),(897,123,16),(898,90,11),(899,90,13),(900,404,17),(901,106,13),(902,106,16),(903,125,13),(904,125,16),(905,133,16),(906,173,22),(907,143,13),(908,143,22),(909,444,9),(910,444,20),(911,642,9),(912,492,11),(913,492,21),(914,390,9),(915,390,20),(916,645,9),(917,639,9),(918,625,22),(919,427,11),(920,89,11),(921,369,15),(922,324,17),(923,33,10),(924,547,8),(925,547,17),(926,347,18),(927,619,11),(928,605,21),(929,514,10),(930,514,17),(931,549,8),(932,549,17),(933,462,17),(934,54,21),(935,61,13),(936,61,17),(937,621,11),(938,167,13),(939,167,15),(940,167,17),(941,153,9),(942,153,13),(943,204,8),(944,204,9),(945,636,21),(946,68,15),(947,77,18),(948,134,16),(949,256,13),(950,256,22),(951,362,9),(952,140,12),(953,164,13),(954,164,17),(955,332,13),(956,332,22),(957,372,10),(958,372,17),(959,192,22),(960,223,11),(961,218,21),(962,199,10),(963,197,10),(964,213,21),(965,227,11),(966,227,13),(967,198,17),(968,200,10),(969,200,13),(970,219,8),(971,219,21),(972,214,21),(973,216,21),(974,215,13),(975,215,21),(976,210,21),(977,209,13),(978,209,21),(979,217,13),(980,217,21),(981,211,21),(982,212,21),(983,322,10),(984,467,17),(985,467,20),(986,467,22),(987,628,11),(988,448,11),(989,46,9),(990,459,11);
/*!40000 ALTER TABLE `product_product_category` ENABLE KEYS */;
UNLOCK TABLES;

--
-- Table structure for table `product_product_related_items`
--

DROP TABLE IF EXISTS `product_product_related_items`;
SET @saved_cs_client     = @@character_set_client;
SET character_set_client = utf8;
CREATE TABLE `product_product_related_items` (
  `id` int(11) NOT NULL auto_increment,
  `from_product_id` int(11) NOT NULL,
  `to_product_id` int(11) NOT NULL,
  PRIMARY KEY  (`id`),
  UNIQUE KEY `from_product_id` (`from_product_id`,`to_product_id`),
  KEY `to_product_id_refs_id_1bcb90fc` (`to_product_id`)
) ENGINE=MyISAM DEFAULT CHARSET=utf8;
SET character_set_client = @saved_cs_client;

--
-- Dumping data for table `product_product_related_items`
--

LOCK TABLES `product_product_related_items` WRITE;
/*!40000 ALTER TABLE `product_product_related_items` DISABLE KEYS */;
/*!40000 ALTER TABLE `product_product_related_items` ENABLE KEYS */;
UNLOCK TABLES;

--
-- Table structure for table `product_productattribute`
--

DROP TABLE IF EXISTS `product_productattribute`;
SET @saved_cs_client     = @@character_set_client;
SET character_set_client = utf8;
CREATE TABLE `product_productattribute` (
  `id` int(11) NOT NULL auto_increment,
  `product_id` int(11) NOT NULL,
  `languagecode` varchar(10) default NULL,
  `name` varchar(100) NOT NULL,
  `value` varchar(255) NOT NULL,
  PRIMARY KEY  (`id`),
  KEY `product_productattribute_product_id` (`product_id`),
  KEY `product_productattribute_name` (`name`)
) ENGINE=MyISAM DEFAULT CHARSET=utf8;
SET character_set_client = @saved_cs_client;

--
-- Dumping data for table `product_productattribute`
--

LOCK TABLES `product_productattribute` WRITE;
/*!40000 ALTER TABLE `product_productattribute` DISABLE KEYS */;
/*!40000 ALTER TABLE `product_productattribute` ENABLE KEYS */;
UNLOCK TABLES;

--
-- Table structure for table `product_productimage`
--

DROP TABLE IF EXISTS `product_productimage`;
SET @saved_cs_client     = @@character_set_client;
SET character_set_client = utf8;
CREATE TABLE `product_productimage` (
  `id` int(11) NOT NULL auto_increment,
  `product_id` int(11) default NULL,
  `picture` varchar(200) NOT NULL,
  `caption` varchar(100) default NULL,
  `sort` int(11) NOT NULL,
  PRIMARY KEY  (`id`),
  KEY `product_productimage_product_id` (`product_id`)
) ENGINE=MyISAM AUTO_INCREMENT=2 DEFAULT CHARSET=utf8;
SET character_set_client = @saved_cs_client;

--
-- Dumping data for table `product_productimage`
--

LOCK TABLES `product_productimage` WRITE;
/*!40000 ALTER TABLE `product_productimage` DISABLE KEYS */;
INSERT INTO `product_productimage` VALUES (1,NULL,'images/productimage-picture-default.jpg','Photo Not Available',1);
/*!40000 ALTER TABLE `product_productimage` ENABLE KEYS */;
UNLOCK TABLES;

--
-- Table structure for table `product_productimagetranslation`
--

DROP TABLE IF EXISTS `product_productimagetranslation`;
SET @saved_cs_client     = @@character_set_client;
SET character_set_client = utf8;
CREATE TABLE `product_productimagetranslation` (
  `id` int(11) NOT NULL auto_increment,
  `productimage_id` int(11) NOT NULL,
  `languagecode` varchar(10) NOT NULL,
  `caption` varchar(255) NOT NULL,
  `version` int(11) NOT NULL,
  `active` tinyint(1) NOT NULL,
  PRIMARY KEY  (`id`),
  UNIQUE KEY `productimage_id` (`productimage_id`,`languagecode`,`version`),
  KEY `product_productimagetranslation_productimage_id` (`productimage_id`)
) ENGINE=MyISAM DEFAULT CHARSET=utf8;
SET character_set_client = @saved_cs_client;

--
-- Dumping data for table `product_productimagetranslation`
--

LOCK TABLES `product_productimagetranslation` WRITE;
/*!40000 ALTER TABLE `product_productimagetranslation` DISABLE KEYS */;
/*!40000 ALTER TABLE `product_productimagetranslation` ENABLE KEYS */;
UNLOCK TABLES;

--
-- Table structure for table `product_productpricelookup`
--

DROP TABLE IF EXISTS `product_productpricelookup`;
SET @saved_cs_client     = @@character_set_client;
SET character_set_client = utf8;
CREATE TABLE `product_productpricelookup` (
  `id` int(11) NOT NULL auto_increment,
  `siteid` int(11) NOT NULL,
  `key` varchar(60) default NULL,
  `parentid` int(11) default NULL,
  `productslug` varchar(80) NOT NULL,
  `price` decimal(14,6) NOT NULL,
  `quantity` int(11) NOT NULL,
  `active` tinyint(1) NOT NULL,
  `discountable` tinyint(1) NOT NULL,
  `items_in_stock` int(11) NOT NULL,
  PRIMARY KEY  (`id`)
) ENGINE=MyISAM AUTO_INCREMENT=76 DEFAULT CHARSET=utf8;
SET character_set_client = @saved_cs_client;

--
-- Dumping data for table `product_productpricelookup`
--

LOCK TABLES `product_productpricelookup` WRITE;
/*!40000 ALTER TABLE `product_productpricelookup` DISABLE KEYS */;
INSERT INTO `product_productpricelookup` VALUES (11,1,NULL,NULL,'dj-rocks','20.000000',1,1,1,0),(4,1,NULL,NULL,'PY-Rocks','19.500000',1,1,1,0),(13,1,NULL,NULL,'neat-book','5.000000',1,1,1,0),(15,1,NULL,NULL,'robot-attack','7.990000',1,1,1,0),(19,1,'S::B',1,'dj-rocks-s-b','20.000000',1,1,1,0),(23,1,'S::W',1,'dj-rocks-s-w','20.000000',1,1,1,0),(27,1,'S::BL',1,'dj-rocks-s-bl','22.000000',1,1,1,0),(31,1,'M::B',1,'dj-rocks-m-b','20.000000',1,1,1,0),(35,1,'M::W',1,'dj-rocks-m-w','20.000000',1,1,1,0),(39,1,'M::BL',1,'dj-rocks-m-bl','22.000000',1,1,1,0),(43,1,'L::B',1,'dj-rocks-l-b','21.000000',1,1,1,0),(47,1,'L::W',1,'dj-rocks-l-w','21.000000',1,1,1,0),(51,1,'L::BL',1,'dj-rocks-l-bl','23.000000',1,1,1,0),(55,1,'hard',3,'neat-book-hard','5.000000',1,1,1,0),(59,1,'soft',3,'neat-book-soft','6.000000',1,1,1,0),(63,1,'tape',3,'neat-book-tape','5.000000',1,1,1,0),(67,1,'hard',4,'robot-attack-hard','7.990000',1,1,1,0),(71,1,'soft',4,'robot-attack-soft','8.990000',1,1,1,0),(75,1,'tape',4,'robot-attack-tape','7.990000',1,1,1,0);
/*!40000 ALTER TABLE `product_productpricelookup` ENABLE KEYS */;
UNLOCK TABLES;

--
-- Table structure for table `product_producttranslation`
--

DROP TABLE IF EXISTS `product_producttranslation`;
SET @saved_cs_client     = @@character_set_client;
SET character_set_client = utf8;
CREATE TABLE `product_producttranslation` (
  `id` int(11) NOT NULL auto_increment,
  `product_id` int(11) NOT NULL,
  `languagecode` varchar(10) NOT NULL,
  `name` varchar(255) NOT NULL,
  `description` longtext NOT NULL,
  `short_description` longtext NOT NULL,
  `version` int(11) NOT NULL,
  `active` tinyint(1) NOT NULL,
  PRIMARY KEY  (`id`),
  UNIQUE KEY `product_id` (`product_id`,`languagecode`,`version`),
  KEY `product_producttranslation_product_id` (`product_id`)
) ENGINE=MyISAM DEFAULT CHARSET=utf8;
SET character_set_client = @saved_cs_client;

--
-- Dumping data for table `product_producttranslation`
--

LOCK TABLES `product_producttranslation` WRITE;
/*!40000 ALTER TABLE `product_producttranslation` DISABLE KEYS */;
/*!40000 ALTER TABLE `product_producttranslation` ENABLE KEYS */;
UNLOCK TABLES;

--
-- Table structure for table `product_productvariation`
--

DROP TABLE IF EXISTS `product_productvariation`;
SET @saved_cs_client     = @@character_set_client;
SET character_set_client = utf8;
CREATE TABLE `product_productvariation` (
  `product_id` int(11) NOT NULL,
  `parent_id` int(11) NOT NULL,
  PRIMARY KEY  (`product_id`),
  KEY `product_productvariation_parent_id` (`parent_id`)
) ENGINE=MyISAM DEFAULT CHARSET=utf8;
SET character_set_client = @saved_cs_client;

--
-- Dumping data for table `product_productvariation`
--

LOCK TABLES `product_productvariation` WRITE;
/*!40000 ALTER TABLE `product_productvariation` DISABLE KEYS */;
INSERT INTO `product_productvariation` VALUES (5,1),(6,1),(7,1),(8,1),(9,1),(10,1),(11,1),(12,1),(13,1),(14,3),(15,3),(16,3),(17,4),(18,4),(19,4);
/*!40000 ALTER TABLE `product_productvariation` ENABLE KEYS */;
UNLOCK TABLES;

--
-- Table structure for table `product_productvariation_options`
--

DROP TABLE IF EXISTS `product_productvariation_options`;
SET @saved_cs_client     = @@character_set_client;
SET character_set_client = utf8;
CREATE TABLE `product_productvariation_options` (
  `id` int(11) NOT NULL auto_increment,
  `productvariation_id` int(11) NOT NULL,
  `option_id` int(11) NOT NULL,
  PRIMARY KEY  (`id`),
  UNIQUE KEY `productvariation_id` (`productvariation_id`,`option_id`),
  KEY `option_id_refs_id_6d50352f` (`option_id`)
) ENGINE=MyISAM AUTO_INCREMENT=25 DEFAULT CHARSET=utf8;
SET character_set_client = @saved_cs_client;

--
-- Dumping data for table `product_productvariation_options`
--

LOCK TABLES `product_productvariation_options` WRITE;
/*!40000 ALTER TABLE `product_productvariation_options` DISABLE KEYS */;
INSERT INTO `product_productvariation_options` VALUES (1,5,1),(2,5,4),(3,6,1),(4,6,5),(5,7,1),(6,7,6),(7,8,2),(8,8,4),(9,9,2),(10,9,5),(11,10,2),(12,10,6),(13,11,3),(14,11,4),(15,12,3),(16,12,5),(17,13,3),(18,13,6),(19,14,7),(20,15,8),(21,16,9),(22,17,7),(23,18,8),(24,19,9);
/*!40000 ALTER TABLE `product_productvariation_options` ENABLE KEYS */;
UNLOCK TABLES;

--
-- Table structure for table `product_subscriptionproduct`
--

DROP TABLE IF EXISTS `product_subscriptionproduct`;
SET @saved_cs_client     = @@character_set_client;
SET character_set_client = utf8;
CREATE TABLE `product_subscriptionproduct` (
  `product_id` int(11) NOT NULL,
  `recurring` tinyint(1) NOT NULL,
  `recurring_times` int(11) default NULL,
  `expire_length` int(11) default NULL,
  `expire_unit` varchar(5) NOT NULL,
  `is_shippable` int(11) NOT NULL,
  PRIMARY KEY  (`product_id`)
) ENGINE=MyISAM DEFAULT CHARSET=utf8;
SET character_set_client = @saved_cs_client;

--
-- Dumping data for table `product_subscriptionproduct`
--

LOCK TABLES `product_subscriptionproduct` WRITE;
/*!40000 ALTER TABLE `product_subscriptionproduct` DISABLE KEYS */;
/*!40000 ALTER TABLE `product_subscriptionproduct` ENABLE KEYS */;
UNLOCK TABLES;

--
-- Table structure for table `product_trial`
--

DROP TABLE IF EXISTS `product_trial`;
SET @saved_cs_client     = @@character_set_client;
SET character_set_client = utf8;
CREATE TABLE `product_trial` (
  `id` int(11) NOT NULL auto_increment,
  `subscription_id` int(11) NOT NULL,
  `price` decimal(10,2) default NULL,
  `expire_length` int(11) default NULL,
  PRIMARY KEY  (`id`),
  KEY `product_trial_subscription_id` (`subscription_id`)
) ENGINE=MyISAM DEFAULT CHARSET=utf8;
SET character_set_client = @saved_cs_client;

--
-- Dumping data for table `product_trial`
--

LOCK TABLES `product_trial` WRITE;
/*!40000 ALTER TABLE `product_trial` DISABLE KEYS */;
/*!40000 ALTER TABLE `product_trial` ENABLE KEYS */;
UNLOCK TABLES;

--
-- Table structure for table `productratings_productrating`
--

DROP TABLE IF EXISTS `productratings_productrating`;
SET @saved_cs_client     = @@character_set_client;
SET character_set_client = utf8;
CREATE TABLE `productratings_productrating` (
  `comment_id` int(11) NOT NULL,
  `rating` int(11) NOT NULL,
  PRIMARY KEY  (`comment_id`)
) ENGINE=MyISAM DEFAULT CHARSET=utf8;
SET character_set_client = @saved_cs_client;

--
-- Dumping data for table `productratings_productrating`
--

LOCK TABLES `productratings_productrating` WRITE;
/*!40000 ALTER TABLE `productratings_productrating` DISABLE KEYS */;
/*!40000 ALTER TABLE `productratings_productrating` ENABLE KEYS */;
UNLOCK TABLES;

--
-- Table structure for table `shop_cart`
--

DROP TABLE IF EXISTS `shop_cart`;
SET @saved_cs_client     = @@character_set_client;
SET character_set_client = utf8;
CREATE TABLE `shop_cart` (
  `id` int(11) NOT NULL auto_increment,
  `site_id` int(11) NOT NULL,
  `desc` varchar(10) default NULL,
  `date_time_created` datetime NOT NULL,
  `customer_id` int(11) default NULL,
  PRIMARY KEY  (`id`),
  KEY `shop_cart_site_id` (`site_id`),
  KEY `shop_cart_customer_id` (`customer_id`)
) ENGINE=MyISAM DEFAULT CHARSET=utf8;
SET character_set_client = @saved_cs_client;

--
-- Dumping data for table `shop_cart`
--

LOCK TABLES `shop_cart` WRITE;
/*!40000 ALTER TABLE `shop_cart` DISABLE KEYS */;
/*!40000 ALTER TABLE `shop_cart` ENABLE KEYS */;
UNLOCK TABLES;

--
-- Table structure for table `shop_cartitem`
--

DROP TABLE IF EXISTS `shop_cartitem`;
SET @saved_cs_client     = @@character_set_client;
SET character_set_client = utf8;
CREATE TABLE `shop_cartitem` (
  `id` int(11) NOT NULL auto_increment,
  `cart_id` int(11) NOT NULL,
  `product_id` int(11) NOT NULL,
  `quantity` int(11) NOT NULL,
  PRIMARY KEY  (`id`),
  KEY `shop_cartitem_cart_id` (`cart_id`),
  KEY `shop_cartitem_product_id` (`product_id`)
) ENGINE=MyISAM DEFAULT CHARSET=utf8;
SET character_set_client = @saved_cs_client;

--
-- Dumping data for table `shop_cartitem`
--

LOCK TABLES `shop_cartitem` WRITE;
/*!40000 ALTER TABLE `shop_cartitem` DISABLE KEYS */;
/*!40000 ALTER TABLE `shop_cartitem` ENABLE KEYS */;
UNLOCK TABLES;

--
-- Table structure for table `shop_cartitemdetails`
--

DROP TABLE IF EXISTS `shop_cartitemdetails`;
SET @saved_cs_client     = @@character_set_client;
SET character_set_client = utf8;
CREATE TABLE `shop_cartitemdetails` (
  `id` int(11) NOT NULL auto_increment,
  `cartitem_id` int(11) NOT NULL,
  `value` longtext NOT NULL,
  `name` varchar(100) NOT NULL,
  `price_change` decimal(6,2) default NULL,
  `sort_order` int(11) NOT NULL,
  PRIMARY KEY  (`id`),
  KEY `shop_cartitemdetails_cartitem_id` (`cartitem_id`)
) ENGINE=MyISAM DEFAULT CHARSET=utf8;
SET character_set_client = @saved_cs_client;

--
-- Dumping data for table `shop_cartitemdetails`
--

LOCK TABLES `shop_cartitemdetails` WRITE;
/*!40000 ALTER TABLE `shop_cartitemdetails` DISABLE KEYS */;
/*!40000 ALTER TABLE `shop_cartitemdetails` ENABLE KEYS */;
UNLOCK TABLES;

--
-- Table structure for table `shop_config`
--

DROP TABLE IF EXISTS `shop_config`;
SET @saved_cs_client     = @@character_set_client;
SET character_set_client = utf8;
CREATE TABLE `shop_config` (
  `site_id` int(11) NOT NULL,
  `store_name` varchar(100) NOT NULL,
  `store_description` longtext,
  `store_email` varchar(75) default NULL,
  `street1` varchar(50) default NULL,
  `street2` varchar(50) default NULL,
  `city` varchar(50) default NULL,
  `state` varchar(30) default NULL,
  `postal_code` varchar(9) default NULL,
  `country_id` int(11) NOT NULL,
  `phone` varchar(12) default NULL,
  `no_stock_checkout` tinyint(1) NOT NULL,
  `in_country_only` tinyint(1) NOT NULL,
  `sales_country_id` int(11) default NULL,
  PRIMARY KEY  (`site_id`),
  UNIQUE KEY `store_name` (`store_name`),
  KEY `shop_config_country_id` (`country_id`),
  KEY `shop_config_sales_country_id` (`sales_country_id`)
) ENGINE=MyISAM DEFAULT CHARSET=utf8;
SET character_set_client = @saved_cs_client;

--
-- Dumping data for table `shop_config`
--

LOCK TABLES `shop_config` WRITE;
/*!40000 ALTER TABLE `shop_config` DISABLE KEYS */;
INSERT INTO `shop_config` VALUES (1,'LeVicci',NULL,NULL,NULL,NULL,NULL,NULL,NULL,231,NULL,1,1,231);
/*!40000 ALTER TABLE `shop_config` ENABLE KEYS */;
UNLOCK TABLES;

--
-- Table structure for table `shop_config_shipping_countries`
--

DROP TABLE IF EXISTS `shop_config_shipping_countries`;
SET @saved_cs_client     = @@character_set_client;
SET character_set_client = utf8;
CREATE TABLE `shop_config_shipping_countries` (
  `id` int(11) NOT NULL auto_increment,
  `config_id` int(11) NOT NULL,
  `country_id` int(11) NOT NULL,
  PRIMARY KEY  (`id`),
  UNIQUE KEY `config_id` (`config_id`,`country_id`),
  KEY `country_id_refs_id_595cc880` (`country_id`)
) ENGINE=MyISAM AUTO_INCREMENT=2 DEFAULT CHARSET=utf8;
SET character_set_client = @saved_cs_client;

--
-- Dumping data for table `shop_config_shipping_countries`
--

LOCK TABLES `shop_config_shipping_countries` WRITE;
/*!40000 ALTER TABLE `shop_config_shipping_countries` DISABLE KEYS */;
INSERT INTO `shop_config_shipping_countries` VALUES (1,1,231);
/*!40000 ALTER TABLE `shop_config_shipping_countries` ENABLE KEYS */;
UNLOCK TABLES;

--
-- Table structure for table `shop_downloadlink`
--

DROP TABLE IF EXISTS `shop_downloadlink`;
SET @saved_cs_client     = @@character_set_client;
SET character_set_client = utf8;
CREATE TABLE `shop_downloadlink` (
  `id` int(11) NOT NULL auto_increment,
  `downloadable_product_id` int(11) NOT NULL,
  `order_id` int(11) NOT NULL,
  `key` varchar(40) NOT NULL,
  `num_attempts` int(11) NOT NULL,
  `time_stamp` datetime NOT NULL,
  `active` tinyint(1) NOT NULL,
  PRIMARY KEY  (`id`),
  KEY `shop_downloadlink_downloadable_product_id` (`downloadable_product_id`),
  KEY `shop_downloadlink_order_id` (`order_id`)
) ENGINE=MyISAM DEFAULT CHARSET=utf8;
SET character_set_client = @saved_cs_client;

--
-- Dumping data for table `shop_downloadlink`
--

LOCK TABLES `shop_downloadlink` WRITE;
/*!40000 ALTER TABLE `shop_downloadlink` DISABLE KEYS */;
/*!40000 ALTER TABLE `shop_downloadlink` ENABLE KEYS */;
UNLOCK TABLES;

--
-- Table structure for table `shop_order`
--

DROP TABLE IF EXISTS `shop_order`;
SET @saved_cs_client     = @@character_set_client;
SET character_set_client = utf8;
CREATE TABLE `shop_order` (
  `id` int(11) NOT NULL auto_increment,
  `site_id` int(11) NOT NULL,
  `contact_id` int(11) NOT NULL,
  `ship_addressee` varchar(61) NOT NULL,
  `ship_street1` varchar(80) NOT NULL,
  `ship_street2` varchar(80) NOT NULL,
  `ship_city` varchar(50) NOT NULL,
  `ship_state` varchar(50) NOT NULL,
  `ship_postal_code` varchar(30) NOT NULL,
  `ship_country` varchar(2) NOT NULL,
  `bill_addressee` varchar(61) NOT NULL,
  `bill_street1` varchar(80) NOT NULL,
  `bill_street2` varchar(80) NOT NULL,
  `bill_city` varchar(50) NOT NULL,
  `bill_state` varchar(50) NOT NULL,
  `bill_postal_code` varchar(30) NOT NULL,
  `bill_country` varchar(2) NOT NULL,
  `notes` longtext,
  `sub_total` decimal(18,10) default NULL,
  `total` decimal(18,10) default NULL,
  `discount_code` varchar(20) default NULL,
  `discount` decimal(18,10) default NULL,
  `method` varchar(50) NOT NULL,
  `shipping_description` varchar(50) default NULL,
  `shipping_method` varchar(50) default NULL,
  `shipping_model` varchar(30) default NULL,
  `shipping_cost` decimal(18,10) default NULL,
  `shipping_discount` decimal(18,10) default NULL,
  `tax` decimal(18,10) default NULL,
  `time_stamp` datetime default NULL,
  `status` varchar(20) NOT NULL,
  PRIMARY KEY  (`id`),
  KEY `shop_order_site_id` (`site_id`),
  KEY `shop_order_contact_id` (`contact_id`)
) ENGINE=MyISAM DEFAULT CHARSET=utf8;
SET character_set_client = @saved_cs_client;

--
-- Dumping data for table `shop_order`
--

LOCK TABLES `shop_order` WRITE;
/*!40000 ALTER TABLE `shop_order` DISABLE KEYS */;
/*!40000 ALTER TABLE `shop_order` ENABLE KEYS */;
UNLOCK TABLES;

--
-- Table structure for table `shop_orderitem`
--

DROP TABLE IF EXISTS `shop_orderitem`;
SET @saved_cs_client     = @@character_set_client;
SET character_set_client = utf8;
CREATE TABLE `shop_orderitem` (
  `id` int(11) NOT NULL auto_increment,
  `order_id` int(11) NOT NULL,
  `product_id` int(11) NOT NULL,
  `quantity` int(11) NOT NULL,
  `unit_price` decimal(18,10) NOT NULL,
  `unit_tax` decimal(18,10) default NULL,
  `line_item_price` decimal(18,10) NOT NULL,
  `tax` decimal(18,10) default NULL,
  `expire_date` date default NULL,
  `completed` tinyint(1) NOT NULL,
  `discount` decimal(18,10) default NULL,
  PRIMARY KEY  (`id`),
  KEY `shop_orderitem_order_id` (`order_id`),
  KEY `shop_orderitem_product_id` (`product_id`)
) ENGINE=MyISAM DEFAULT CHARSET=utf8;
SET character_set_client = @saved_cs_client;

--
-- Dumping data for table `shop_orderitem`
--

LOCK TABLES `shop_orderitem` WRITE;
/*!40000 ALTER TABLE `shop_orderitem` DISABLE KEYS */;
/*!40000 ALTER TABLE `shop_orderitem` ENABLE KEYS */;
UNLOCK TABLES;

--
-- Table structure for table `shop_orderitemdetail`
--

DROP TABLE IF EXISTS `shop_orderitemdetail`;
SET @saved_cs_client     = @@character_set_client;
SET character_set_client = utf8;
CREATE TABLE `shop_orderitemdetail` (
  `id` int(11) NOT NULL auto_increment,
  `item_id` int(11) NOT NULL,
  `name` varchar(100) NOT NULL,
  `value` varchar(255) NOT NULL,
  `price_change` decimal(18,10) default NULL,
  `sort_order` int(11) NOT NULL,
  PRIMARY KEY  (`id`),
  KEY `shop_orderitemdetail_item_id` (`item_id`)
) ENGINE=MyISAM DEFAULT CHARSET=utf8;
SET character_set_client = @saved_cs_client;

--
-- Dumping data for table `shop_orderitemdetail`
--

LOCK TABLES `shop_orderitemdetail` WRITE;
/*!40000 ALTER TABLE `shop_orderitemdetail` DISABLE KEYS */;
/*!40000 ALTER TABLE `shop_orderitemdetail` ENABLE KEYS */;
UNLOCK TABLES;

--
-- Table structure for table `shop_orderpayment`
--

DROP TABLE IF EXISTS `shop_orderpayment`;
SET @saved_cs_client     = @@character_set_client;
SET character_set_client = utf8;
CREATE TABLE `shop_orderpayment` (
  `id` int(11) NOT NULL auto_increment,
  `order_id` int(11) NOT NULL,
  `payment` varchar(25) NOT NULL,
  `amount` decimal(18,10) default NULL,
  `time_stamp` datetime default NULL,
  `transaction_id` varchar(25) default NULL,
  PRIMARY KEY  (`id`),
  KEY `shop_orderpayment_order_id` (`order_id`)
) ENGINE=MyISAM DEFAULT CHARSET=utf8;
SET character_set_client = @saved_cs_client;

--
-- Dumping data for table `shop_orderpayment`
--

LOCK TABLES `shop_orderpayment` WRITE;
/*!40000 ALTER TABLE `shop_orderpayment` DISABLE KEYS */;
/*!40000 ALTER TABLE `shop_orderpayment` ENABLE KEYS */;
UNLOCK TABLES;

--
-- Table structure for table `shop_orderstatus`
--

DROP TABLE IF EXISTS `shop_orderstatus`;
SET @saved_cs_client     = @@character_set_client;
SET character_set_client = utf8;
CREATE TABLE `shop_orderstatus` (
  `id` int(11) NOT NULL auto_increment,
  `order_id` int(11) NOT NULL,
  `status` varchar(20) NOT NULL,
  `notes` varchar(100) NOT NULL,
  `time_stamp` datetime NOT NULL,
  PRIMARY KEY  (`id`),
  KEY `shop_orderstatus_order_id` (`order_id`)
) ENGINE=MyISAM DEFAULT CHARSET=utf8;
SET character_set_client = @saved_cs_client;

--
-- Dumping data for table `shop_orderstatus`
--

LOCK TABLES `shop_orderstatus` WRITE;
/*!40000 ALTER TABLE `shop_orderstatus` DISABLE KEYS */;
/*!40000 ALTER TABLE `shop_orderstatus` ENABLE KEYS */;
UNLOCK TABLES;

--
-- Table structure for table `shop_ordertaxdetail`
--

DROP TABLE IF EXISTS `shop_ordertaxdetail`;
SET @saved_cs_client     = @@character_set_client;
SET character_set_client = utf8;
CREATE TABLE `shop_ordertaxdetail` (
  `id` int(11) NOT NULL auto_increment,
  `order_id` int(11) NOT NULL,
  `method` varchar(50) NOT NULL,
  `description` varchar(50) NOT NULL,
  `tax` decimal(18,10) default NULL,
  PRIMARY KEY  (`id`),
  KEY `shop_ordertaxdetail_order_id` (`order_id`)
) ENGINE=MyISAM DEFAULT CHARSET=utf8;
SET character_set_client = @saved_cs_client;

--
-- Dumping data for table `shop_ordertaxdetail`
--

LOCK TABLES `shop_ordertaxdetail` WRITE;
/*!40000 ALTER TABLE `shop_ordertaxdetail` DISABLE KEYS */;
/*!40000 ALTER TABLE `shop_ordertaxdetail` ENABLE KEYS */;
UNLOCK TABLES;

--
-- Table structure for table `shop_ordervariable`
--

DROP TABLE IF EXISTS `shop_ordervariable`;
SET @saved_cs_client     = @@character_set_client;
SET character_set_client = utf8;
CREATE TABLE `shop_ordervariable` (
  `id` int(11) NOT NULL auto_increment,
  `order_id` int(11) NOT NULL,
  `key` varchar(50) NOT NULL,
  `value` varchar(100) NOT NULL,
  PRIMARY KEY  (`id`),
  KEY `shop_ordervariable_order_id` (`order_id`),
  KEY `shop_ordervariable_key` (`key`)
) ENGINE=MyISAM DEFAULT CHARSET=utf8;
SET character_set_client = @saved_cs_client;

--
-- Dumping data for table `shop_ordervariable`
--

LOCK TABLES `shop_ordervariable` WRITE;
/*!40000 ALTER TABLE `shop_ordervariable` DISABLE KEYS */;
/*!40000 ALTER TABLE `shop_ordervariable` ENABLE KEYS */;
UNLOCK TABLES;

--
-- Table structure for table `supplier_rawitem`
--

DROP TABLE IF EXISTS `supplier_rawitem`;
SET @saved_cs_client     = @@character_set_client;
SET character_set_client = utf8;
CREATE TABLE `supplier_rawitem` (
  `id` int(11) NOT NULL auto_increment,
  `supplier_id` int(11) NOT NULL,
  `supplier_num` varchar(50) NOT NULL,
  `description` varchar(200) NOT NULL,
  `unit_cost` decimal(6,2) NOT NULL,
  `inventory` int(11) NOT NULL,
  PRIMARY KEY  (`id`),
  KEY `supplier_rawitem_supplier_id` (`supplier_id`)
) ENGINE=MyISAM DEFAULT CHARSET=utf8;
SET character_set_client = @saved_cs_client;

--
-- Dumping data for table `supplier_rawitem`
--

LOCK TABLES `supplier_rawitem` WRITE;
/*!40000 ALTER TABLE `supplier_rawitem` DISABLE KEYS */;
/*!40000 ALTER TABLE `supplier_rawitem` ENABLE KEYS */;
UNLOCK TABLES;

--
-- Table structure for table `supplier_supplierorder`
--

DROP TABLE IF EXISTS `supplier_supplierorder`;
SET @saved_cs_client     = @@character_set_client;
SET character_set_client = utf8;
CREATE TABLE `supplier_supplierorder` (
  `id` int(11) NOT NULL auto_increment,
  `supplier_id` int(11) NOT NULL,
  `date_created` date NOT NULL,
  `order_sub_total` decimal(6,2) NOT NULL,
  `order_shipping` decimal(6,2) NOT NULL,
  `order_tax` decimal(6,2) NOT NULL,
  `order_notes` varchar(200) NOT NULL,
  `order_total` decimal(6,2) NOT NULL,
  PRIMARY KEY  (`id`),
  KEY `supplier_supplierorder_supplier_id` (`supplier_id`)
) ENGINE=MyISAM DEFAULT CHARSET=utf8;
SET character_set_client = @saved_cs_client;

--
-- Dumping data for table `supplier_supplierorder`
--

LOCK TABLES `supplier_supplierorder` WRITE;
/*!40000 ALTER TABLE `supplier_supplierorder` DISABLE KEYS */;
/*!40000 ALTER TABLE `supplier_supplierorder` ENABLE KEYS */;
UNLOCK TABLES;

--
-- Table structure for table `supplier_supplierorderitem`
--

DROP TABLE IF EXISTS `supplier_supplierorderitem`;
SET @saved_cs_client     = @@character_set_client;
SET character_set_client = utf8;
CREATE TABLE `supplier_supplierorderitem` (
  `id` int(11) NOT NULL auto_increment,
  `order_id` int(11) NOT NULL,
  `line_item_id` int(11) NOT NULL,
  `line_item_quantity` int(11) NOT NULL,
  `line_item_total` decimal(6,2) NOT NULL,
  PRIMARY KEY  (`id`),
  KEY `supplier_supplierorderitem_order_id` (`order_id`),
  KEY `supplier_supplierorderitem_line_item_id` (`line_item_id`)
) ENGINE=MyISAM DEFAULT CHARSET=utf8;
SET character_set_client = @saved_cs_client;

--
-- Dumping data for table `supplier_supplierorderitem`
--

LOCK TABLES `supplier_supplierorderitem` WRITE;
/*!40000 ALTER TABLE `supplier_supplierorderitem` DISABLE KEYS */;
/*!40000 ALTER TABLE `supplier_supplierorderitem` ENABLE KEYS */;
UNLOCK TABLES;

--
-- Table structure for table `supplier_supplierorderstatus`
--

DROP TABLE IF EXISTS `supplier_supplierorderstatus`;
SET @saved_cs_client     = @@character_set_client;
SET character_set_client = utf8;
CREATE TABLE `supplier_supplierorderstatus` (
  `id` int(11) NOT NULL auto_increment,
  `order_id` int(11) NOT NULL,
  `status` varchar(20) NOT NULL,
  `notes` varchar(100) NOT NULL,
  `date` datetime NOT NULL,
  PRIMARY KEY  (`id`),
  KEY `supplier_supplierorderstatus_order_id` (`order_id`)
) ENGINE=MyISAM DEFAULT CHARSET=utf8;
SET character_set_client = @saved_cs_client;

--
-- Dumping data for table `supplier_supplierorderstatus`
--

LOCK TABLES `supplier_supplierorderstatus` WRITE;
/*!40000 ALTER TABLE `supplier_supplierorderstatus` DISABLE KEYS */;
/*!40000 ALTER TABLE `supplier_supplierorderstatus` ENABLE KEYS */;
UNLOCK TABLES;

--
-- Table structure for table `tax_taxclass`
--

DROP TABLE IF EXISTS `tax_taxclass`;
SET @saved_cs_client     = @@character_set_client;
SET character_set_client = utf8;
CREATE TABLE `tax_taxclass` (
  `id` int(11) NOT NULL auto_increment,
  `title` varchar(20) NOT NULL,
  `description` varchar(30) NOT NULL,
  PRIMARY KEY  (`id`)
) ENGINE=MyISAM AUTO_INCREMENT=3 DEFAULT CHARSET=utf8;
SET character_set_client = @saved_cs_client;

--
-- Dumping data for table `tax_taxclass`
--

LOCK TABLES `tax_taxclass` WRITE;
/*!40000 ALTER TABLE `tax_taxclass` DISABLE KEYS */;
INSERT INTO `tax_taxclass` VALUES (1,'Default','Default'),(2,'Shipping','Shipping');
/*!40000 ALTER TABLE `tax_taxclass` ENABLE KEYS */;
UNLOCK TABLES;

--
-- Table structure for table `tax_taxrate`
--

DROP TABLE IF EXISTS `tax_taxrate`;
SET @saved_cs_client     = @@character_set_client;
SET character_set_client = utf8;
CREATE TABLE `tax_taxrate` (
  `id` int(11) NOT NULL auto_increment,
  `taxClass_id` int(11) NOT NULL,
  `taxZone_id` int(11) default NULL,
  `taxCountry_id` int(11) default NULL,
  `percentage` decimal(7,6) NOT NULL,
  PRIMARY KEY  (`id`),
  KEY `tax_taxrate_taxClass_id` (`taxClass_id`),
  KEY `tax_taxrate_taxZone_id` (`taxZone_id`),
  KEY `tax_taxrate_taxCountry_id` (`taxCountry_id`)
) ENGINE=MyISAM DEFAULT CHARSET=utf8;
SET character_set_client = @saved_cs_client;

--
-- Dumping data for table `tax_taxrate`
--

LOCK TABLES `tax_taxrate` WRITE;
/*!40000 ALTER TABLE `tax_taxrate` DISABLE KEYS */;
/*!40000 ALTER TABLE `tax_taxrate` ENABLE KEYS */;
UNLOCK TABLES;

--
-- Table structure for table `upsell_upsell`
--

DROP TABLE IF EXISTS `upsell_upsell`;
SET @saved_cs_client     = @@character_set_client;
SET character_set_client = utf8;
CREATE TABLE `upsell_upsell` (
  `id` int(11) NOT NULL auto_increment,
  `goal_id` int(11) NOT NULL,
  `create_date` date NOT NULL,
  `style` varchar(20) NOT NULL,
  `notes` longtext,
  PRIMARY KEY  (`id`),
  KEY `upsell_upsell_goal_id` (`goal_id`)
) ENGINE=MyISAM DEFAULT CHARSET=utf8;
SET character_set_client = @saved_cs_client;

--
-- Dumping data for table `upsell_upsell`
--

LOCK TABLES `upsell_upsell` WRITE;
/*!40000 ALTER TABLE `upsell_upsell` DISABLE KEYS */;
/*!40000 ALTER TABLE `upsell_upsell` ENABLE KEYS */;
UNLOCK TABLES;

--
-- Table structure for table `upsell_upsell_target`
--

DROP TABLE IF EXISTS `upsell_upsell_target`;
SET @saved_cs_client     = @@character_set_client;
SET character_set_client = utf8;
CREATE TABLE `upsell_upsell_target` (
  `id` int(11) NOT NULL auto_increment,
  `upsell_id` int(11) NOT NULL,
  `product_id` int(11) NOT NULL,
  PRIMARY KEY  (`id`),
  UNIQUE KEY `upsell_id` (`upsell_id`,`product_id`),
  KEY `product_id_refs_id_6bc594b2` (`product_id`)
) ENGINE=MyISAM DEFAULT CHARSET=utf8;
SET character_set_client = @saved_cs_client;

--
-- Dumping data for table `upsell_upsell_target`
--

LOCK TABLES `upsell_upsell_target` WRITE;
/*!40000 ALTER TABLE `upsell_upsell_target` DISABLE KEYS */;
/*!40000 ALTER TABLE `upsell_upsell_target` ENABLE KEYS */;
UNLOCK TABLES;

--
-- Table structure for table `upsell_upselltranslation`
--

DROP TABLE IF EXISTS `upsell_upselltranslation`;
SET @saved_cs_client     = @@character_set_client;
SET character_set_client = utf8;
CREATE TABLE `upsell_upselltranslation` (
  `id` int(11) NOT NULL auto_increment,
  `menu_id` int(11) NOT NULL,
  `languagecode` varchar(10) NOT NULL,
  `description` longtext NOT NULL,
  PRIMARY KEY  (`id`),
  KEY `upsell_upselltranslation_menu_id` (`menu_id`)
) ENGINE=MyISAM DEFAULT CHARSET=utf8;
SET character_set_client = @saved_cs_client;

--
-- Dumping data for table `upsell_upselltranslation`
--

LOCK TABLES `upsell_upselltranslation` WRITE;
/*!40000 ALTER TABLE `upsell_upselltranslation` DISABLE KEYS */;
/*!40000 ALTER TABLE `upsell_upselltranslation` ENABLE KEYS */;
UNLOCK TABLES;

--
-- Table structure for table `wishlist_productwish`
--

DROP TABLE IF EXISTS `wishlist_productwish`;
SET @saved_cs_client     = @@character_set_client;
SET character_set_client = utf8;
CREATE TABLE `wishlist_productwish` (
  `id` int(11) NOT NULL auto_increment,
  `contact_id` int(11) NOT NULL,
  `product_id` int(11) NOT NULL,
  `_details` longtext,
  `create_date` datetime NOT NULL,
  PRIMARY KEY  (`id`),
  KEY `wishlist_productwish_contact_id` (`contact_id`),
  KEY `wishlist_productwish_product_id` (`product_id`)
) ENGINE=MyISAM DEFAULT CHARSET=utf8;
SET character_set_client = @saved_cs_client;

--
-- Dumping data for table `wishlist_productwish`
--

LOCK TABLES `wishlist_productwish` WRITE;
/*!40000 ALTER TABLE `wishlist_productwish` DISABLE KEYS */;
/*!40000 ALTER TABLE `wishlist_productwish` ENABLE KEYS */;
UNLOCK TABLES;
/*!40103 SET TIME_ZONE=@OLD_TIME_ZONE */;

/*!40101 SET SQL_MODE=@OLD_SQL_MODE */;
/*!40014 SET FOREIGN_KEY_CHECKS=@OLD_FOREIGN_KEY_CHECKS */;
/*!40014 SET UNIQUE_CHECKS=@OLD_UNIQUE_CHECKS */;
/*!40101 SET CHARACTER_SET_CLIENT=@OLD_CHARACTER_SET_CLIENT */;
/*!40101 SET CHARACTER_SET_RESULTS=@OLD_CHARACTER_SET_RESULTS */;
/*!40101 SET COLLATION_CONNECTION=@OLD_COLLATION_CONNECTION */;
/*!40111 SET SQL_NOTES=@OLD_SQL_NOTES */;

-- Dump completed on 2009-07-12 22:28:50
